GO:0005829,"{'GO:0005575', 'GO:0110165'}"
GO:0005730,"{'GO:0005622', 'GO:0005575', 'GO:0110165', 'GO:0043232', 'GO:0043226', 'GO:0043228', 'GO:0043229'}"
GO:0005634,"{'GO:0043231', 'GO:0005575', 'GO:0110165', 'GO:0043227', 'GO:0043226', 'GO:0005622', 'GO:0043229'}"
GO:0005737,"{'GO:0005575', 'GO:0110165'}"
GO:0016604,"{'GO:0005575', 'GO:0110165'}"
GO:0016607,"{'GO:0005575', 'GO:0016604', 'GO:0110165'}"
GO:0005654,"{'GO:0005575', 'GO:0110165'}"
GO:0036396,"{'GO:1990234', 'GO:1902494', 'GO:0034708', 'GO:0005575', 'GO:0045293', 'GO:0032991'}"
GO:0000784,"{'GO:0098687', 'GO:0005575', 'GO:0110165'}"
GO:0000347,"{'GO:0032991', 'GO:0005575', 'GO:0140513'}"
GO:0000445,"{'GO:0032991', 'GO:0000347', 'GO:0140513', 'GO:0005575'}"
GO:0000346,"{'GO:0032991', 'GO:0005575', 'GO:0140513'}"
GO:0036128,"{'GO:0034704', 'GO:0034702', 'GO:0005891', 'GO:1990351', 'GO:0034703', 'GO:0005575', 'GO:0098796', 'GO:0032991', 'GO:1902495', 'GO:0098797'}"
GO:0097228,"{'GO:0005575', 'GO:0110165'}"
GO:0005938,"{'GO:0005575', 'GO:0005737', 'GO:0110165'}"
GO:0030175,"{'GO:0005575', 'GO:0110165', 'GO:0098858', 'GO:0120025', 'GO:0042995'}"
GO:0031527,"{'GO:0005575', 'GO:0031253', 'GO:0110165', 'GO:0016020', 'GO:0098590'}"
GO:0032433,"{'GO:0005575', 'GO:0110165'}"
GO:0030027,"{'GO:0005575', 'GO:0110165', 'GO:0042995', 'GO:0120025'}"
GO:0016459,"{'GO:0032991', 'GO:0005575'}"
GO:0043005,"{'GO:0005575', 'GO:0110165', 'GO:0042995', 'GO:0120025'}"
GO:0043025,"{'GO:0005575', 'GO:0044297', 'GO:0110165'}"
GO:0005886,"{'GO:0016020', 'GO:0005575', 'GO:0110165'}"
GO:0001726,"{'GO:0005575', 'GO:0110165', 'GO:0042995', 'GO:0120025'}"
GO:0062023,"{'GO:0005575', 'GO:0031012', 'GO:0110165', 'GO:0030312'}"
GO:0005615,"{'GO:0005575', 'GO:0110165'}"
GO:0045121,"{'GO:0016020', 'GO:0005575', 'GO:0110165', 'GO:0098857'}"
GO:0005902,"{'GO:0005575', 'GO:0110165', 'GO:0098858', 'GO:0120025', 'GO:0042995'}"
GO:0005912,"{'GO:0030054', 'GO:0005575', 'GO:0110165', 'GO:0070161', 'GO:0005911'}"
GO:0005923,"{'GO:0030054', 'GO:0005575', 'GO:0110165', 'GO:0070161', 'GO:0005911', 'GO:0070160'}"
GO:0031234,"{'GO:0005575', 'GO:0019898', 'GO:0110165', 'GO:0019897'}"
GO:0005789,"{'GO:0031090', 'GO:0005575', 'GO:0016020', 'GO:0110165'}"
GO:0000139,"{'GO:0031090', 'GO:0005575', 'GO:0110165', 'GO:0016020', 'GO:0098588'}"
GO:0016021,"{'GO:0005575', 'GO:0110165', 'GO:0031224'}"
GO:0030877,"{'GO:0032991', 'GO:0005575'}"
GO:0071944,"{'GO:0005575', 'GO:0110165'}"
GO:0031410,"{'GO:0005575', 'GO:0097708', 'GO:0110165', 'GO:0043227', 'GO:0043226', 'GO:0031982'}"
GO:0016328,"{'GO:0005575', 'GO:0110165'}"
GO:0048471,"{'GO:0005575', 'GO:0110165'}"
GO:0014069,"{'GO:0099572', 'GO:0043226', 'GO:0110165', 'GO:0005575'}"
GO:0032991,{'GO:0005575'}
GO:1990909,"{'GO:0032991', 'GO:0005575'}"
GO:0005947,"{'GO:0045239', 'GO:1902494', 'GO:0030062', 'GO:0005575', 'GO:0045240', 'GO:1990204', 'GO:0098798', 'GO:0032991'}"
GO:0005739,"{'GO:0043231', 'GO:0005575', 'GO:0110165', 'GO:0043227', 'GO:0043226', 'GO:0005622', 'GO:0043229'}"
GO:0034451,"{'GO:0005575', 'GO:0110165'}"
GO:0005874,"{'GO:0099080', 'GO:0099081', 'GO:0005575', 'GO:0110165', 'GO:0099513', 'GO:0099512'}"
GO:0032044,"{'GO:0032991', 'GO:0005575', 'GO:0008023', 'GO:0140513'}"
GO:0005813,"{'GO:0005815', 'GO:0005575', 'GO:0110165'}"
GO:0005667,"{'GO:0032991', 'GO:0005575'}"
GO:0005783,"{'GO:0043231', 'GO:0005575', 'GO:0110165', 'GO:0043227', 'GO:0043226', 'GO:0005622', 'GO:0043229'}"
GO:0005604,"{'GO:0005575', 'GO:0031012', 'GO:0110165', 'GO:0030312', 'GO:0062023'}"
GO:0009986,"{'GO:0005575', 'GO:0110165'}"
GO:0031012,"{'GO:0005575', 'GO:0110165', 'GO:0030312'}"
GO:0005576,"{'GO:0005575', 'GO:0110165'}"
GO:0035253,"{'GO:0005575', 'GO:0110165'}"
GO:0005871,"{'GO:0032991', 'GO:0005575', 'GO:0005875'}"
GO:0005903,"{'GO:0005575', 'GO:0110165', 'GO:0098862'}"
GO:0016020,"{'GO:0005575', 'GO:0110165'}"
GO:0070418,"{'GO:0061695', 'GO:1902911', 'GO:1990234', 'GO:1902494', 'GO:0005575', 'GO:1902554', 'GO:0140513', 'GO:0032991'}"
GO:0016581,"{'GO:1904949', 'GO:0140513', 'GO:0017053', 'GO:0005667', 'GO:1902494', 'GO:0090545', 'GO:0005575', 'GO:0000118', 'GO:0070603', 'GO:0032991'}"
GO:0031305,"{'GO:0110165', 'GO:0031304', 'GO:0098573', 'GO:0005575', 'GO:0031301', 'GO:0031300', 'GO:0016021', 'GO:0032592', 'GO:0031224'}"
GO:0005743,"{'GO:0031090', 'GO:0110165', 'GO:0016020', 'GO:0031966', 'GO:0005575', 'GO:0019866'}"
GO:0045275,"{'GO:0005575', 'GO:1990204', 'GO:0098796', 'GO:0098803', 'GO:0032991', 'GO:1902494', 'GO:0070069'}"
GO:0070971,"{'GO:0005575', 'GO:0110165'}"
GO:0009897,"{'GO:0005575', 'GO:0098552', 'GO:0110165'}"
GO:0005794,"{'GO:0043231', 'GO:0005575', 'GO:0110165', 'GO:0043227', 'GO:0043226', 'GO:0005622', 'GO:0043229'}"
GO:0005797,"{'GO:0031984', 'GO:0005575', 'GO:0031985', 'GO:0110165', 'GO:0098791'}"
GO:0071556,"{'GO:0031227', 'GO:0110165', 'GO:0005575', 'GO:0031301', 'GO:0030176', 'GO:0031300', 'GO:0016021', 'GO:0031224'}"
GO:0042824,"{'GO:0005575', 'GO:0098796', 'GO:0140534', 'GO:0032991'}"
GO:0042612,"{'GO:0005575', 'GO:0098796', 'GO:0098797', 'GO:0032991', 'GO:0042611'}"
GO:0030670,"{'GO:0031090', 'GO:0110165', 'GO:0012506', 'GO:0030666', 'GO:0030659', 'GO:0098588', 'GO:0016020', 'GO:0005575'}"
GO:0005881,"{'GO:0099080', 'GO:0099081', 'GO:0005575', 'GO:0110165', 'GO:0099513', 'GO:0005874', 'GO:0099512'}"
GO:0015630,"{'GO:0110165', 'GO:0005856', 'GO:0043226', 'GO:0043228', 'GO:0043229', 'GO:0005575', 'GO:0043232', 'GO:0005622'}"
GO:0043209,"{'GO:0005575', 'GO:0110165'}"
GO:0043197,"{'GO:0005575', 'GO:0098794', 'GO:0110165', 'GO:0120025', 'GO:0042995', 'GO:0044309', 'GO:0043005'}"
GO:0098978,"{'GO:0030054', 'GO:0005575', 'GO:0045202', 'GO:0110165'}"
GO:0005815,"{'GO:0005575', 'GO:0110165'}"
GO:0000790,"{'GO:0005575', 'GO:0110165'}"
GO:0099092,"{'GO:0005575', 'GO:0110165', 'GO:0043226', 'GO:0043228', 'GO:0099091'}"
GO:0005819,"{'GO:0005622', 'GO:0005575', 'GO:0110165', 'GO:0043232', 'GO:0043226', 'GO:0043228', 'GO:0043229'}"
GO:0005759,"{'GO:0110165', 'GO:0043233', 'GO:0031974', 'GO:0005575', 'GO:0070013'}"
GO:0043204,"{'GO:0005575', 'GO:0110165'}"
GO:0090575,"{'GO:0005575', 'GO:0140513', 'GO:0032991', 'GO:0005667'}"
GO:0035985,"{'GO:0005575', 'GO:0000785', 'GO:0110165', 'GO:0000792'}"
GO:0010008,"{'GO:0031090', 'GO:0005575', 'GO:0110165', 'GO:0016020', 'GO:0098588'}"
GO:0005765,"{'GO:0031090', 'GO:0005575', 'GO:0110165', 'GO:0005774', 'GO:0016020', 'GO:0098588', 'GO:0098852'}"
GO:0005764,"{'GO:0043231', 'GO:0110165', 'GO:0043226', 'GO:0043229', 'GO:0000323', 'GO:0005575', 'GO:0043227', 'GO:0005773', 'GO:0005622'}"
GO:0042470,"{'GO:0110165', 'GO:0043226', 'GO:0031410', 'GO:0031982', 'GO:0005575', 'GO:0097708', 'GO:0043227', 'GO:0048770'}"
GO:0000785,"{'GO:0005575', 'GO:0110165'}"
GO:0043564,"{'GO:0032991', 'GO:0005575', 'GO:0140513'}"
GO:0070419,"{'GO:0140535', 'GO:0005575', 'GO:0032991', 'GO:1990391'}"
GO:0032993,"{'GO:0032991', 'GO:0005575'}"
GO:0016602,"{'GO:0090575', 'GO:0005575', 'GO:0140513', 'GO:0032991', 'GO:0005667'}"
GO:0031362,"{'GO:0110165', 'GO:0031225', 'GO:0046658', 'GO:0005575', 'GO:0031233', 'GO:0031226', 'GO:0031224'}"
GO:0060170,"{'GO:0031090', 'GO:0031253', 'GO:0110165', 'GO:0016020', 'GO:0098590', 'GO:0098588', 'GO:0005575'}"
GO:0031528,"{'GO:0005575', 'GO:0031253', 'GO:0110165', 'GO:0016020', 'GO:0098590'}"
GO:0098793,"{'GO:0005575', 'GO:0110165'}"
GO:0042622,"{'GO:0031090', 'GO:0031253', 'GO:0110165', 'GO:0016020', 'GO:0098590', 'GO:0098588', 'GO:0060170', 'GO:0005575'}"
GO:0005887,"{'GO:0110165', 'GO:0005575', 'GO:0016021', 'GO:0031226', 'GO:0031224'}"
GO:0009898,"{'GO:0005575', 'GO:0098562', 'GO:0110165', 'GO:0098552'}"
GO:0005890,"{'GO:1990351', 'GO:0005575', 'GO:0098796', 'GO:0098533', 'GO:0090533', 'GO:0032991', 'GO:1902495', 'GO:0098797'}"
GO:0099524,"{'GO:0005575', 'GO:0110165', 'GO:0099522', 'GO:0005829'}"
GO:0042383,"{'GO:0016020', 'GO:0005575', 'GO:0110165', 'GO:0005886'}"
GO:0016324,"{'GO:0016020', 'GO:0098590', 'GO:0005575', 'GO:0110165'}"
GO:0005768,"{'GO:0005575', 'GO:0097708', 'GO:0110165', 'GO:0043227', 'GO:0043226', 'GO:0031410', 'GO:0031982'}"
GO:0010494,"{'GO:0110165', 'GO:0043226', 'GO:0043228', 'GO:0043229', 'GO:0035770', 'GO:0099080', 'GO:0005575', 'GO:0043232', 'GO:0036464', 'GO:0005622'}"
GO:0097165,"{'GO:0110165', 'GO:0043226', 'GO:0043228', 'GO:0043229', 'GO:0035770', 'GO:0099080', 'GO:0005575', 'GO:0043232', 'GO:0005622'}"
GO:1990904,"{'GO:0032991', 'GO:0005575'}"
GO:0043231,"{'GO:0110165', 'GO:0043226', 'GO:0043229', 'GO:0005575', 'GO:0043227', 'GO:0005622'}"
GO:0032300,"{'GO:1990391', 'GO:0005575', 'GO:0032991'}"
GO:0032301,"{'GO:0005575', 'GO:1990391', 'GO:0032300', 'GO:0140513', 'GO:0032991'}"
GO:0036464,"{'GO:0110165', 'GO:0043226', 'GO:0043228', 'GO:0043229', 'GO:0035770', 'GO:0099080', 'GO:0005575', 'GO:0043232', 'GO:0005622'}"
GO:0032389,"{'GO:0005575', 'GO:1990391', 'GO:0032300', 'GO:0140513', 'GO:0032991'}"
GO:0034364,"{'GO:0005575', 'GO:1990777', 'GO:0032994', 'GO:0032991', 'GO:0034358'}"
GO:0030424,"{'GO:0005575', 'GO:0110165', 'GO:0120025', 'GO:0042995', 'GO:0043005'}"
GO:0030659,"{'GO:0031090', 'GO:0005575', 'GO:0110165', 'GO:0012506', 'GO:0016020'}"
GO:0030425,"{'GO:0005575', 'GO:0110165', 'GO:0120025', 'GO:0042995', 'GO:0043005'}"
GO:0005769,"{'GO:0005768', 'GO:0110165', 'GO:0043226', 'GO:0031410', 'GO:0031982', 'GO:0005575', 'GO:0097708', 'GO:0043227'}"
GO:0098686,"{'GO:0030054', 'GO:0005575', 'GO:0110165', 'GO:0098984', 'GO:0045202'}"
GO:0005770,"{'GO:0005768', 'GO:0110165', 'GO:0043226', 'GO:0031410', 'GO:0031982', 'GO:0005575', 'GO:0097708', 'GO:0043227'}"
GO:0005771,"{'GO:0005768', 'GO:0110165', 'GO:0043226', 'GO:0031410', 'GO:0031982', 'GO:0005575', 'GO:0097708', 'GO:0043227', 'GO:0005770'}"
GO:0055037,"{'GO:0005768', 'GO:0110165', 'GO:0043226', 'GO:0031410', 'GO:0031982', 'GO:0005575', 'GO:0097708', 'GO:0043227'}"
GO:0008021,"{'GO:0110165', 'GO:0043226', 'GO:0099503', 'GO:0031410', 'GO:0031982', 'GO:0005575', 'GO:0097708', 'GO:0030133', 'GO:0043227', 'GO:0070382'}"
GO:0005802,"{'GO:0098791', 'GO:0031984', 'GO:0005575', 'GO:0110165'}"
GO:0071013,"{'GO:1990904', 'GO:1902494', 'GO:0005575', 'GO:0005681', 'GO:0140513', 'GO:0032991'}"
GO:0005681,"{'GO:1990904', 'GO:0005575', 'GO:0140513', 'GO:0032991'}"
GO:0005686,"{'GO:1990904', 'GO:0005575', 'GO:0097525', 'GO:0140513', 'GO:0030532', 'GO:0032991', 'GO:0120114'}"
GO:0071007,"{'GO:1990904', 'GO:0071013', 'GO:1902494', 'GO:0005684', 'GO:0005681', 'GO:0005575', 'GO:0140513', 'GO:0032991'}"
GO:0071005,"{'GO:1990904', 'GO:0005684', 'GO:0005681', 'GO:0005575', 'GO:0140513', 'GO:0071011', 'GO:0032991'}"
GO:0030136,"{'GO:0110165', 'GO:0043226', 'GO:0030135', 'GO:0031410', 'GO:0031982', 'GO:0005575', 'GO:0097708', 'GO:0043227'}"
GO:0033263,"{'GO:0032991', 'GO:0005575', 'GO:0099023'}"
GO:0031901,"{'GO:0031090', 'GO:0005575', 'GO:0110165', 'GO:0016020', 'GO:0010008', 'GO:0098588'}"
GO:0031902,"{'GO:0031090', 'GO:0005575', 'GO:0110165', 'GO:0016020', 'GO:0010008', 'GO:0098588'}"
GO:0031091,"{'GO:0110165', 'GO:0043226', 'GO:0099503', 'GO:0031410', 'GO:0031982', 'GO:0005575', 'GO:0097708', 'GO:0043227', 'GO:0030141'}"
GO:0005925,"{'GO:0030054', 'GO:0005575', 'GO:0110165', 'GO:0070161', 'GO:0030055'}"
GO:0031965,"{'GO:0031090', 'GO:0005575', 'GO:0016020', 'GO:0110165'}"
GO:0070062,"{'GO:0005575', 'GO:0043230', 'GO:0110165', 'GO:0043227', 'GO:0043226', 'GO:1903561', 'GO:0031982'}"
GO:0031982,"{'GO:0043226', 'GO:0005575', 'GO:0110165', 'GO:0043227'}"
GO:0008537,"{'GO:0032991', 'GO:0005575'}"
GO:0034709,"{'GO:0005575', 'GO:1990234', 'GO:0032991', 'GO:1902494', 'GO:0034708'}"
GO:0043186,"{'GO:0110165', 'GO:0043226', 'GO:0043228', 'GO:0043229', 'GO:0035770', 'GO:0099080', 'GO:0005575', 'GO:0043232', 'GO:0036464', 'GO:0005622'}"
GO:0071011,"{'GO:1990904', 'GO:0005681', 'GO:0005575', 'GO:0140513', 'GO:0032991'}"
GO:0034719,"{'GO:0032991', 'GO:0120114', 'GO:0005575'}"
GO:0097526,"{'GO:1990904', 'GO:0005575', 'GO:0097525', 'GO:0140513', 'GO:0030532', 'GO:0032991', 'GO:0120114'}"
GO:0005685,"{'GO:1990904', 'GO:0005575', 'GO:0097525', 'GO:0140513', 'GO:0030532', 'GO:0032991', 'GO:0120114'}"
GO:0005689,"{'GO:1990904', 'GO:0005681', 'GO:0005575', 'GO:0140513', 'GO:0032991'}"
GO:0071004,"{'GO:1990904', 'GO:0071010', 'GO:0005684', 'GO:0005681', 'GO:0005575', 'GO:0140513', 'GO:0032991'}"
GO:0005687,"{'GO:1990904', 'GO:0005575', 'GO:0097525', 'GO:0140513', 'GO:0030532', 'GO:0032991', 'GO:0120114'}"
GO:0046540,"{'GO:1990904', 'GO:0097526', 'GO:0097525', 'GO:0032991', 'GO:0120114', 'GO:0005575', 'GO:0140513', 'GO:0030532'}"
GO:0005682,"{'GO:1990904', 'GO:0005575', 'GO:0097525', 'GO:0140513', 'GO:0030532', 'GO:0032991', 'GO:0120114'}"
GO:0005683,"{'GO:1990904', 'GO:0005575', 'GO:0032991', 'GO:0140513', 'GO:0030532', 'GO:0120114'}"
GO:0022625,"{'GO:1990904', 'GO:0005575', 'GO:0015934', 'GO:0044391', 'GO:0032991'}"
GO:0042788,"{'GO:0110165', 'GO:0043226', 'GO:0043228', 'GO:0043229', 'GO:0005575', 'GO:0005840', 'GO:0043232', 'GO:0005622'}"
GO:0005840,"{'GO:0005622', 'GO:0005575', 'GO:0110165', 'GO:0043232', 'GO:0043226', 'GO:0043228', 'GO:0043229'}"
GO:0045202,"{'GO:0030054', 'GO:0005575', 'GO:0110165'}"
GO:0032541,"{'GO:0098827', 'GO:0031984', 'GO:0005575', 'GO:0071782', 'GO:0110165'}"
GO:0030426,"{'GO:0005575', 'GO:0030427', 'GO:0110165'}"
GO:0030176,"{'GO:0031227', 'GO:0110165', 'GO:0005575', 'GO:0031301', 'GO:0031300', 'GO:0016021', 'GO:0031224'}"
GO:0044853,"{'GO:0005575', 'GO:0110165', 'GO:0016020', 'GO:0098590', 'GO:0045121', 'GO:0098857'}"
GO:0033017,"{'GO:0031090', 'GO:0110165', 'GO:0016020', 'GO:0098588', 'GO:0005575', 'GO:0005789'}"
GO:0030173,"{'GO:0110165', 'GO:0031228', 'GO:0005575', 'GO:0031301', 'GO:0031300', 'GO:0016021', 'GO:0031224'}"
GO:0002080,"{'GO:0031090', 'GO:0110165', 'GO:0012506', 'GO:0030659', 'GO:0098588', 'GO:0016020', 'GO:0030667', 'GO:0005575'}"
GO:0031094,"{'GO:0043231', 'GO:0005575', 'GO:0110165', 'GO:0043227', 'GO:0043226', 'GO:0005622', 'GO:0043229'}"
GO:0097181,"{'GO:0005575', 'GO:0097180', 'GO:0032991', 'GO:0097179', 'GO:1904090'}"
GO:0097182,"{'GO:0005575', 'GO:0097180', 'GO:0032991', 'GO:0097179', 'GO:1904090'}"
GO:0097183,"{'GO:0005575', 'GO:0097180', 'GO:0032991', 'GO:0097179', 'GO:1904090'}"
GO:0036029,"{'GO:0005575', 'GO:0097180', 'GO:0032991', 'GO:0097179', 'GO:1904090'}"
GO:0036030,"{'GO:0005575', 'GO:0097180', 'GO:0032991', 'GO:0097179', 'GO:1904090'}"
GO:0036026,"{'GO:0005575', 'GO:0097180', 'GO:0032991', 'GO:0097179', 'GO:1904090'}"
GO:0036027,"{'GO:0005575', 'GO:0097180', 'GO:0032991', 'GO:0097179', 'GO:1904090'}"
GO:0036028,"{'GO:0005575', 'GO:0097180', 'GO:0032991', 'GO:0097179', 'GO:1904090'}"
GO:0036025,"{'GO:0005575', 'GO:0097180', 'GO:0032991', 'GO:0097179', 'GO:1904090'}"
GO:0036024,"{'GO:0005575', 'GO:0097180', 'GO:0032991', 'GO:0097179', 'GO:1904090'}"
GO:0005736,"{'GO:0061695', 'GO:0140535', 'GO:0000428', 'GO:0140513', 'GO:1990234', 'GO:1902494', 'GO:0030880', 'GO:0005575', 'GO:0055029', 'GO:0032991'}"
GO:0017059,"{'GO:1990234', 'GO:0140534', 'GO:1902494', 'GO:0005575', 'GO:0098796', 'GO:0002178', 'GO:0032991', 'GO:0031211', 'GO:1905961'}"
GO:0005694,"{'GO:0005622', 'GO:0005575', 'GO:0110165', 'GO:0043232', 'GO:0043226', 'GO:0043228', 'GO:0043229'}"
GO:0005665,"{'GO:0061695', 'GO:0140535', 'GO:0000428', 'GO:0140513', 'GO:1990234', 'GO:1902494', 'GO:0030880', 'GO:0005575', 'GO:0055029', 'GO:0032991'}"
GO:0044300,"{'GO:0005575', 'GO:0030424', 'GO:0110165', 'GO:0120025', 'GO:0042995', 'GO:0043005'}"
GO:0001650,"{'GO:0005575', 'GO:0110165'}"
GO:0031011,"{'GO:1904949', 'GO:0097346', 'GO:1902494', 'GO:0005575', 'GO:0140513', 'GO:0070603', 'GO:0032991', 'GO:0033202'}"
GO:0016363,"{'GO:0005575', 'GO:0110165'}"
GO:0031519,"{'GO:0032991', 'GO:0005575', 'GO:0140513'}"
GO:0015629,"{'GO:0110165', 'GO:0005856', 'GO:0043226', 'GO:0043228', 'GO:0043229', 'GO:0005575', 'GO:0043232', 'GO:0005622'}"
GO:0044228,"{'GO:0005575', 'GO:0033643', 'GO:0110165', 'GO:0018995'}"
GO:0043235,"{'GO:0032991', 'GO:0005575'}"
GO:1990589,"{'GO:0090575', 'GO:0005575', 'GO:0140513', 'GO:0032991', 'GO:0005667'}"
GO:0005719,"{'GO:0005575', 'GO:0000785', 'GO:0110165'}"
GO:0016605,"{'GO:0005575', 'GO:0016604', 'GO:0110165'}"
GO:0071339,"{'GO:1990234', 'GO:0044665', 'GO:1902494', 'GO:0035097', 'GO:0034708', 'GO:0005575', 'GO:0140513', 'GO:0032991'}"
GO:0005814,"{'GO:0005622', 'GO:0005575', 'GO:0110165', 'GO:0043232', 'GO:0043226', 'GO:0043228', 'GO:0043229'}"
GO:0000775,"{'GO:0098687', 'GO:0005575', 'GO:0110165'}"
GO:0031390,"{'GO:0032991', 'GO:0005575'}"
GO:0036064,"{'GO:0005815', 'GO:0005575', 'GO:0110165'}"
GO:1990075,"{'GO:0016020', 'GO:0098590', 'GO:0005575', 'GO:0110165'}"
GO:0032391,"{'GO:0035869', 'GO:0005575', 'GO:0110165'}"
GO:0001917,"{'GO:0005575', 'GO:0110165'}"
GO:0002141,"{'GO:0005575', 'GO:0110165', 'GO:0002139'}"
GO:0002142,"{'GO:0032991', 'GO:0005575'}"
GO:0032420,"{'GO:0110165', 'GO:0120025', 'GO:0042995', 'GO:0043005', 'GO:0005575', 'GO:0098858'}"
GO:0032421,"{'GO:0005575', 'GO:0110165', 'GO:0098862'}"
GO:0060171,"{'GO:0005575', 'GO:0032589', 'GO:0031253', 'GO:0110165', 'GO:0031256', 'GO:0016020', 'GO:0098590'}"
GO:1990696,"{'GO:0032991', 'GO:0005575'}"
GO:0035841,"{'GO:0005575', 'GO:0030427', 'GO:0110165', 'GO:0051286', 'GO:0035838', 'GO:0060187'}"
GO:0000421,"{'GO:0031090', 'GO:0005575', 'GO:0110165', 'GO:0005774', 'GO:0016020', 'GO:0098588'}"
GO:0042406,"{'GO:0031312', 'GO:0005575', 'GO:0019898', 'GO:0110165'}"
GO:0005635,"{'GO:0005575', 'GO:0031967', 'GO:0031975', 'GO:0110165'}"
GO:0032281,"{'GO:0008328', 'GO:1990351', 'GO:0034703', 'GO:0005575', 'GO:0032991', 'GO:0098802', 'GO:0034702', 'GO:0098878', 'GO:0043235', 'GO:0098796', 'GO:1902495', 'GO:0098797'}"
GO:0098985,"{'GO:0110165', 'GO:0098978', 'GO:0045202', 'GO:0030054', 'GO:0005575', 'GO:0060076', 'GO:0098984', 'GO:0032279'}"
GO:0032591,"{'GO:0110165', 'GO:0031253', 'GO:0016020', 'GO:0098590', 'GO:0005575', 'GO:0032589', 'GO:0097060', 'GO:0031256'}"
GO:0098839,"{'GO:0005575', 'GO:0110165', 'GO:0099634', 'GO:0097060', 'GO:0016020', 'GO:0098590'}"
GO:0045211,"{'GO:0005575', 'GO:0110165', 'GO:0097060', 'GO:0016020', 'GO:0098590'}"
GO:0016327,"{'GO:0016020', 'GO:0098590', 'GO:0005575', 'GO:0110165'}"
GO:0005856,"{'GO:0005622', 'GO:0005575', 'GO:0110165', 'GO:0043232', 'GO:0043226', 'GO:0043228', 'GO:0043229'}"
GO:0097427,"{'GO:0005575', 'GO:0110165'}"
GO:0030496,"{'GO:0005575', 'GO:0110165'}"
GO:0000922,"{'GO:0005575', 'GO:0110165'}"
GO:0005884,"{'GO:0099080', 'GO:0099081', 'GO:0005575', 'GO:0110165', 'GO:0099513', 'GO:0099512'}"
GO:0097512,"{'GO:0099081', 'GO:0110165', 'GO:0043226', 'GO:0043228', 'GO:0043229', 'GO:0099080', 'GO:0005575', 'GO:0043292', 'GO:0030016', 'GO:0043232', 'GO:0099512', 'GO:0005622'}"
GO:0031430,"{'GO:0005575', 'GO:0110165'}"
GO:0030016,"{'GO:0099081', 'GO:0110165', 'GO:0043226', 'GO:0043228', 'GO:0043229', 'GO:0099080', 'GO:0005575', 'GO:0043292', 'GO:0043232', 'GO:0099512', 'GO:0005622'}"
GO:0030017,"{'GO:0005575', 'GO:0110165'}"
GO:0005865,"{'GO:0036379', 'GO:0005575', 'GO:0110165'}"
GO:0062157,"{'GO:0034702', 'GO:0034705', 'GO:1990351', 'GO:0034703', 'GO:0005575', 'GO:0098796', 'GO:0032991', 'GO:1902495'}"
GO:0034705,"{'GO:0005575', 'GO:0098796', 'GO:0034702', 'GO:1990351', 'GO:0032991', 'GO:1902495', 'GO:0034703'}"
GO:0042101,"{'GO:0005575', 'GO:0098802', 'GO:0098796', 'GO:0043235', 'GO:0032991', 'GO:0098797'}"
GO:0030123,"{'GO:0032991', 'GO:0005575', 'GO:0098796', 'GO:0030119'}"
GO:0071439,"{'GO:0032991', 'GO:0005575', 'GO:0098796'}"
GO:0005798,"{'GO:0005575', 'GO:0097708', 'GO:0110165', 'GO:0043227', 'GO:0043226', 'GO:0031410', 'GO:0031982'}"
GO:0030897,"{'GO:0005575', 'GO:0098796', 'GO:0032991', 'GO:0099023'}"
GO:0097440,"{'GO:0005575', 'GO:0110165', 'GO:0030425', 'GO:0120025', 'GO:0042995', 'GO:0043005'}"
GO:0097038,"{'GO:0005575', 'GO:0110165'}"
GO:0042645,"{'GO:0110165', 'GO:0009295', 'GO:0043226', 'GO:0043228', 'GO:0043229', 'GO:0005575', 'GO:0043232', 'GO:0005622'}"
GO:0000151,"{'GO:0140535', 'GO:0005575', 'GO:1990234', 'GO:0032991', 'GO:1902494'}"
GO:0035861,"{'GO:0005575', 'GO:0090734', 'GO:0110165'}"
GO:0097197,"{'GO:0005575', 'GO:0110165'}"
GO:0045177,"{'GO:0005575', 'GO:0110165'}"
GO:0005882,"{'GO:0099080', 'GO:0099081', 'GO:0005575', 'GO:0110165', 'GO:0099513', 'GO:0099512'}"
GO:0033391,"{'GO:0110165', 'GO:0043226', 'GO:0043228', 'GO:0043229', 'GO:0035770', 'GO:0099080', 'GO:0005575', 'GO:0043232', 'GO:0036464', 'GO:0005622'}"
GO:0071546,"{'GO:0110165', 'GO:0043226', 'GO:0043228', 'GO:0043229', 'GO:0043186', 'GO:0035770', 'GO:0099080', 'GO:0005575', 'GO:0043232', 'GO:0036464', 'GO:0005622'}"
GO:0071547,"{'GO:0110165', 'GO:0043226', 'GO:0043228', 'GO:0043229', 'GO:0043186', 'GO:0035770', 'GO:0099080', 'GO:0005575', 'GO:0043232', 'GO:0036464', 'GO:0005622'}"
GO:0030141,"{'GO:0110165', 'GO:0043226', 'GO:0099503', 'GO:0031410', 'GO:0031982', 'GO:0005575', 'GO:0097708', 'GO:0043227'}"
GO:0015030,"{'GO:0005575', 'GO:0016604', 'GO:0110165'}"
GO:0000243,"{'GO:1990904', 'GO:0005684', 'GO:0005681', 'GO:0005575', 'GO:0140513', 'GO:0032991'}"
GO:0097546,"{'GO:0005575', 'GO:0110165'}"
GO:0097542,"{'GO:0005575', 'GO:0110165'}"
GO:0005929,"{'GO:0110165', 'GO:0120025', 'GO:0043226', 'GO:0042995', 'GO:0005575'}"
GO:0044292,"{'GO:0005575', 'GO:0110165'}"
GO:0030992,"{'GO:0032991', 'GO:0005575'}"
GO:0097733,"{'GO:0097730', 'GO:0110165', 'GO:0005929', 'GO:0120025', 'GO:0043226', 'GO:0042995', 'GO:0043005', 'GO:0097731', 'GO:0005575'}"
GO:0030054,"{'GO:0005575', 'GO:0110165'}"
GO:0005793,"{'GO:0043231', 'GO:0005575', 'GO:0110165', 'GO:0043227', 'GO:0043226', 'GO:0005622', 'GO:0043229'}"
GO:0033116,"{'GO:0031090', 'GO:0005575', 'GO:0110165', 'GO:0016020', 'GO:0098588'}"
GO:0061702,"{'GO:0032991', 'GO:0005575'}"
GO:0043198,"{'GO:0005575', 'GO:0110165'}"
GO:0099059,"{'GO:0110165', 'GO:0099240', 'GO:0005575', 'GO:0098945', 'GO:0031226', 'GO:0005887', 'GO:0099699', 'GO:0099056', 'GO:0016021', 'GO:0098889', 'GO:0031224'}"
GO:0098688,"{'GO:0030054', 'GO:0005575', 'GO:0110165', 'GO:0060076', 'GO:0045202'}"
GO:0048787,"{'GO:0005575', 'GO:0110165', 'GO:0097060', 'GO:0016020', 'GO:0098590'}"
GO:0043195,"{'GO:0005575', 'GO:0098793', 'GO:0110165'}"
GO:0000792,"{'GO:0005575', 'GO:0000785', 'GO:0110165'}"
GO:0031594,"{'GO:0030054', 'GO:0005575', 'GO:0045202', 'GO:0110165'}"
GO:0072686,"{'GO:0110165', 'GO:0043226', 'GO:0043228', 'GO:0043229', 'GO:0005575', 'GO:0043232', 'GO:0005819', 'GO:0005622'}"
GO:0005876,"{'GO:0099080', 'GO:0099081', 'GO:0005575', 'GO:0110165', 'GO:0099513', 'GO:0005874', 'GO:0099512'}"
GO:0043296,"{'GO:0030054', 'GO:0005575', 'GO:0110165', 'GO:0070161', 'GO:0005911'}"
GO:0000796,"{'GO:0044815', 'GO:0032991', 'GO:0005575'}"
GO:0005581,"{'GO:0032991', 'GO:0005575'}"
GO:0032039,"{'GO:0032991', 'GO:0005575', 'GO:0140513'}"
GO:0000228,"{'GO:0110165', 'GO:0043226', 'GO:0005694', 'GO:0043228', 'GO:0043229', 'GO:0005575', 'GO:0043232', 'GO:0005622'}"
GO:0090694,"{'GO:0032991', 'GO:0005575', 'GO:0032116', 'GO:0140513'}"
GO:0032116,"{'GO:0032991', 'GO:0005575', 'GO:0140513'}"
GO:0032154,"{'GO:0016020', 'GO:0098590', 'GO:0005575', 'GO:0110165'}"
GO:0098794,"{'GO:0005575', 'GO:0110165'}"
GO:0032587,"{'GO:0005575', 'GO:0031253', 'GO:0110165', 'GO:0031256', 'GO:0016020', 'GO:0098590'}"
GO:0030904,"{'GO:0032991', 'GO:0005575', 'GO:0098796'}"
GO:0022627,"{'GO:1990904', 'GO:0005575', 'GO:0044391', 'GO:0032991', 'GO:0015935'}"
GO:0015935,"{'GO:1990904', 'GO:0032991', 'GO:0005575', 'GO:0044391'}"
GO:0031252,"{'GO:0005575', 'GO:0110165'}"
GO:0042995,"{'GO:0005575', 'GO:0110165'}"
GO:0051233,"{'GO:0005575', 'GO:0110165'}"
GO:0005930,"{'GO:0005575', 'GO:0110165'}"
GO:0000932,"{'GO:0110165', 'GO:0043226', 'GO:0043228', 'GO:0043229', 'GO:0035770', 'GO:0099080', 'GO:0005575', 'GO:0043232', 'GO:0036464', 'GO:0005622'}"
GO:0000123,"{'GO:0140535', 'GO:1902493', 'GO:1990234', 'GO:1902494', 'GO:0005575', 'GO:0140513', 'GO:0032991', 'GO:0031248'}"
GO:0035267,"{'GO:0140535', 'GO:0000123', 'GO:1990234', 'GO:0140513', 'GO:1902562', 'GO:0043189', 'GO:1902494', 'GO:0005575', 'GO:1902493', 'GO:0032991', 'GO:0031248'}"
GO:0000124,"{'GO:0140535', 'GO:0000123', 'GO:1990234', 'GO:1902493', 'GO:1902494', 'GO:0005575', 'GO:1905368', 'GO:0070461', 'GO:0140513', 'GO:0032991', 'GO:0031248'}"
GO:0030914,"{'GO:0140535', 'GO:0000123', 'GO:1990234', 'GO:1902493', 'GO:1902494', 'GO:0005575', 'GO:0070461', 'GO:0140513', 'GO:0032991', 'GO:0031248'}"
GO:0000812,"{'GO:1904949', 'GO:0140513', 'GO:0097346', 'GO:1902494', 'GO:0005575', 'GO:0000118', 'GO:0070603', 'GO:0032991'}"
GO:0033276,"{'GO:0090575', 'GO:0140535', 'GO:0000123', 'GO:1990234', 'GO:1902493', 'GO:0005667', 'GO:1902494', 'GO:0005575', 'GO:0070461', 'GO:0140513', 'GO:0032991', 'GO:0031248'}"
GO:0070702,"{'GO:0005575', 'GO:0070701', 'GO:0110165'}"
GO:0070703,"{'GO:0005575', 'GO:0070701', 'GO:0110165'}"
GO:0002177,"{'GO:0005575', 'GO:0110165'}"
GO:0036126,"{'GO:0031514', 'GO:0110165', 'GO:0005929', 'GO:0120025', 'GO:0097729', 'GO:0043226', 'GO:0042995', 'GO:0005575'}"
GO:0044297,"{'GO:0005575', 'GO:0110165'}"
GO:0090724,"{'GO:0005575', 'GO:0110165'}"
GO:0030286,"{'GO:0005575', 'GO:0005875', 'GO:0032991', 'GO:1902494'}"
GO:0045111,"{'GO:0110165', 'GO:0005856', 'GO:0043226', 'GO:0043228', 'GO:0043229', 'GO:0005575', 'GO:0043232', 'GO:0005622'}"
GO:0030140,"{'GO:0110165', 'GO:0043226', 'GO:0030136', 'GO:0030135', 'GO:0005798', 'GO:0031410', 'GO:0031982', 'GO:0005575', 'GO:0097708', 'GO:0030133', 'GO:0043227'}"
GO:0120103,"{'GO:0032991', 'GO:0005575'}"
GO:0000777,"{'GO:0110165', 'GO:0043226', 'GO:0000776', 'GO:0043228', 'GO:0043229', 'GO:0099080', 'GO:0005575', 'GO:0043232', 'GO:0005622'}"
GO:0000776,"{'GO:0110165', 'GO:0043226', 'GO:0043228', 'GO:0043229', 'GO:0099080', 'GO:0005575', 'GO:0043232', 'GO:0005622'}"
GO:0070695,"{'GO:0032991', 'GO:0005575'}"
GO:0034399,"{'GO:0005575', 'GO:0110165'}"
GO:0005643,"{'GO:0032991', 'GO:0005575', 'GO:0140513'}"
GO:0005763,"{'GO:1990904', 'GO:0005575', 'GO:0000314', 'GO:0098798', 'GO:0044391', 'GO:0032991', 'GO:0015935'}"
GO:0034506,"{'GO:0098687', 'GO:0005575', 'GO:0110165'}"
GO:1990023,"{'GO:0005575', 'GO:0110165', 'GO:0051233'}"
GO:0031463,"{'GO:0140535', 'GO:0005575', 'GO:0031461', 'GO:1990234', 'GO:0032991', 'GO:0000151', 'GO:1902494'}"
GO:0030057,"{'GO:0030054', 'GO:0005575', 'GO:0110165', 'GO:0070161', 'GO:0005911'}"
GO:0031526,"{'GO:0005575', 'GO:0031253', 'GO:0110165', 'GO:0016020', 'GO:0098590'}"
GO:0005942,"{'GO:0061695', 'GO:0005575', 'GO:0098796', 'GO:1990234', 'GO:0032991', 'GO:1902494'}"
GO:0016529,"{'GO:0043231', 'GO:0110165', 'GO:0043226', 'GO:0043229', 'GO:0005575', 'GO:0043227', 'GO:0005783', 'GO:0005622'}"
GO:1990752,"{'GO:0005575', 'GO:0110165'}"
GO:0036449,"{'GO:0005575', 'GO:1990752', 'GO:0110165'}"
GO:0046658,"{'GO:0110165', 'GO:0031225', 'GO:0005575', 'GO:0031226', 'GO:0031224'}"
GO:0005796,"{'GO:0110165', 'GO:0043233', 'GO:0031974', 'GO:0005575', 'GO:0070013'}"
GO:0012505,"{'GO:0005575', 'GO:0110165'}"
GO:0031201,"{'GO:0032991', 'GO:0005575', 'GO:0098796'}"
GO:0000127,"{'GO:0032991', 'GO:0090576', 'GO:0005667', 'GO:0005575'}"
GO:0005788,"{'GO:0110165', 'GO:0043233', 'GO:0031974', 'GO:0005575', 'GO:0070013'}"
GO:0005847,"{'GO:0032991', 'GO:0005575', 'GO:0005849', 'GO:0140513'}"
GO:0005657,"{'GO:0005575', 'GO:0110165'}"
GO:0030864,"{'GO:0110165', 'GO:0005856', 'GO:0043226', 'GO:0043228', 'GO:0030863', 'GO:0043229', 'GO:0005575', 'GO:0043232', 'GO:0005622'}"
GO:0043265,"{'GO:0005575', 'GO:0110165'}"
GO:0097729,"{'GO:0031514', 'GO:0005575', 'GO:0110165', 'GO:0005929', 'GO:0120025', 'GO:0043226', 'GO:0042995'}"
GO:0005858,"{'GO:0005575', 'GO:0005875', 'GO:0030286', 'GO:0032991', 'GO:1902494'}"
GO:0031514,"{'GO:0005575', 'GO:0110165', 'GO:0005929', 'GO:0120025', 'GO:0043226', 'GO:0042995'}"
GO:0036157,"{'GO:0005575', 'GO:0005875', 'GO:0030286', 'GO:0032991', 'GO:0005858', 'GO:1902494'}"
GO:0000781,"{'GO:0098687', 'GO:0005575', 'GO:0110165'}"
GO:0030870,"{'GO:0032991', 'GO:0005575', 'GO:0140513'}"
GO:0000783,"{'GO:0005575', 'GO:0000782', 'GO:0140513', 'GO:0032991', 'GO:0032993'}"
GO:0070187,"{'GO:0005575', 'GO:0000782', 'GO:0140513', 'GO:0032991', 'GO:0000783', 'GO:0032993'}"
GO:0005892,"{'GO:0098802', 'GO:0034702', 'GO:0043235', 'GO:1990351', 'GO:0005575', 'GO:0098796', 'GO:0032991', 'GO:1902495', 'GO:0098797'}"
GO:0012507,"{'GO:0031090', 'GO:0110165', 'GO:0030662', 'GO:0030658', 'GO:0012506', 'GO:0030659', 'GO:0098588', 'GO:0016020', 'GO:0005575'}"
GO:0005677,"{'GO:0032991', 'GO:0005575', 'GO:0140513'}"
GO:0033553,"{'GO:0005575', 'GO:0000785', 'GO:0110165', 'GO:0000792'}"
GO:0000786,"{'GO:0005575', 'GO:0044815', 'GO:0032991', 'GO:0032993'}"
GO:0005952,"{'GO:0140535', 'GO:0032991', 'GO:0005575'}"
GO:0016323,"{'GO:0016020', 'GO:0098590', 'GO:0005575', 'GO:0110165'}"
GO:0005741,"{'GO:0031090', 'GO:0110165', 'GO:0016020', 'GO:0098588', 'GO:0005575', 'GO:0031966', 'GO:0031968', 'GO:0019867'}"
GO:0098982,"{'GO:0030054', 'GO:0005575', 'GO:0045202', 'GO:0110165'}"
GO:0099061,"{'GO:0098948', 'GO:0110165', 'GO:0099699', 'GO:0005887', 'GO:0099055', 'GO:0099146', 'GO:0099240', 'GO:0005575', 'GO:0099060', 'GO:0098936', 'GO:0016021', 'GO:0031226', 'GO:0031224'}"
GO:0000778,"{'GO:0110165', 'GO:0043226', 'GO:0000776', 'GO:0043228', 'GO:0000777', 'GO:0043229', 'GO:0099080', 'GO:0005575', 'GO:0043232', 'GO:0005622'}"
GO:0031262,"{'GO:0032991', 'GO:0005575'}"
GO:0016342,"{'GO:0032991', 'GO:0005575', 'GO:0098796', 'GO:0098797'}"
GO:0060091,"{'GO:0097730', 'GO:0110165', 'GO:0005929', 'GO:0120025', 'GO:0043226', 'GO:0042995', 'GO:0043005', 'GO:0005575', 'GO:0097732'}"
GO:0032426,"{'GO:0005575', 'GO:0110165'}"
GO:0016460,"{'GO:0016459', 'GO:0032991', 'GO:0005575'}"
GO:0001725,"{'GO:0005575', 'GO:0032432', 'GO:0110165', 'GO:0097517', 'GO:0042641'}"
GO:0030018,"{'GO:0005575', 'GO:0110165'}"
GO:0005662,"{'GO:0032991', 'GO:0005575', 'GO:0140513'}"
GO:0072669,"{'GO:0140535', 'GO:0032991', 'GO:0005575'}"
GO:0030008,"{'GO:0140535', 'GO:0005575', 'GO:0032991', 'GO:0099023'}"
GO:0016591,"{'GO:0061695', 'GO:0140535', 'GO:0000428', 'GO:0140513', 'GO:1990234', 'GO:1902494', 'GO:0030880', 'GO:0005575', 'GO:0055029', 'GO:0032991'}"
GO:0032299,"{'GO:0140535', 'GO:0032991', 'GO:0005575'}"
GO:0030134,"{'GO:0110165', 'GO:0043226', 'GO:0030135', 'GO:0031410', 'GO:0031982', 'GO:0005575', 'GO:0097708', 'GO:0043227'}"
GO:0030667,"{'GO:0031090', 'GO:0110165', 'GO:0012506', 'GO:0030659', 'GO:0098588', 'GO:0016020', 'GO:0005575'}"
GO:0005811,"{'GO:0005622', 'GO:0005575', 'GO:0110165', 'GO:0043232', 'GO:0043226', 'GO:0043228', 'GO:0043229'}"
GO:0031966,"{'GO:0031090', 'GO:0005575', 'GO:0016020', 'GO:0110165'}"
GO:0005778,"{'GO:0031903', 'GO:0043231', 'GO:0031090', 'GO:0042579', 'GO:0110165', 'GO:0016020', 'GO:0043226', 'GO:0098588', 'GO:0043229', 'GO:0005575', 'GO:0043227', 'GO:0005622'}"
GO:0005777,"{'GO:0043231', 'GO:0110165', 'GO:0043226', 'GO:0043229', 'GO:0005575', 'GO:0043227', 'GO:0005622', 'GO:0042579'}"
GO:0005742,"{'GO:0005575', 'GO:0098799', 'GO:0098796', 'GO:0098798', 'GO:0032991'}"
GO:0046930,"{'GO:0032991', 'GO:0005575', 'GO:0098796'}"
GO:0017054,"{'GO:0005575', 'GO:0090571', 'GO:0140513', 'GO:0017053', 'GO:0032991', 'GO:0005667'}"
GO:0005787,"{'GO:0140534', 'GO:1902494', 'GO:0005575', 'GO:0098796', 'GO:1905368', 'GO:0032991'}"
GO:0001533,"{'GO:0016020', 'GO:0005575', 'GO:0110165', 'GO:0005886'}"
GO:0043218,"{'GO:0005575', 'GO:0110165'}"
GO:0097431,"{'GO:0000922', 'GO:0005575', 'GO:0110165'}"
GO:0043240,"{'GO:0032991', 'GO:0005575', 'GO:0140513'}"
GO:0005911,"{'GO:0070161', 'GO:0005575', 'GO:0030054', 'GO:0110165'}"
GO:0030867,"{'GO:0031090', 'GO:0110165', 'GO:0016020', 'GO:0098588', 'GO:0005575', 'GO:0005789'}"
GO:0036057,"{'GO:0030054', 'GO:0036056', 'GO:0005575', 'GO:0110165', 'GO:0070161', 'GO:0005911'}"
GO:0070382,"{'GO:0110165', 'GO:0043226', 'GO:0099503', 'GO:0031410', 'GO:0031982', 'GO:0005575', 'GO:0097708', 'GO:0030133', 'GO:0043227'}"
GO:0030658,"{'GO:0031090', 'GO:0110165', 'GO:0012506', 'GO:0030659', 'GO:0098588', 'GO:0016020', 'GO:0005575'}"
GO:0009925,"{'GO:0016020', 'GO:0098590', 'GO:0005575', 'GO:0110165'}"
GO:0042405,"{'GO:0005575', 'GO:0110165', 'GO:0016234', 'GO:0005622'}"
GO:0001669,"{'GO:0110165', 'GO:0043226', 'GO:0099503', 'GO:0031410', 'GO:0031982', 'GO:0005575', 'GO:0097708', 'GO:0043227', 'GO:0030141'}"
GO:1903561,"{'GO:0005575', 'GO:0110165', 'GO:0043227', 'GO:0043226', 'GO:0043230', 'GO:0031982'}"
GO:0098845,"{'GO:0005768', 'GO:0110165', 'GO:0043226', 'GO:0031410', 'GO:0031982', 'GO:0005575', 'GO:0097708', 'GO:0043227'}"
GO:0045171,"{'GO:0005575', 'GO:0110165'}"
GO:0016234,"{'GO:0005575', 'GO:0110165', 'GO:0005622'}"
GO:0034707,"{'GO:0005575', 'GO:0098796', 'GO:0034702', 'GO:0032991', 'GO:1902495', 'GO:1990351'}"
GO:0031674,"{'GO:0005575', 'GO:0110165'}"
GO:0005758,"{'GO:0005575', 'GO:0110165', 'GO:0043233', 'GO:0070013', 'GO:0031970', 'GO:0031974'}"
GO:0070469,"{'GO:0005575', 'GO:0110165'}"
GO:0000015,"{'GO:0032991', 'GO:0005575', 'GO:1902494'}"
GO:0045180,"{'GO:0005575', 'GO:0005938', 'GO:0110165', 'GO:0005737', 'GO:0099568', 'GO:0099738'}"
