GO:0005737,"{'GO:0110165', 'GO:0005575'}"
GO:0005634,"{'GO:0043231', 'GO:0043229', 'GO:0043226', 'GO:0043227', 'GO:0005622', 'GO:0110165', 'GO:0005575'}"
GO:0097729,"{'GO:0043226', 'GO:0005575', 'GO:0110165', 'GO:0120025', 'GO:0005929', 'GO:0031514', 'GO:0042995'}"
GO:0005858,"{'GO:0005875', 'GO:1902494', 'GO:0030286', 'GO:0005575', 'GO:0032991'}"
GO:0005930,"{'GO:0110165', 'GO:0005575'}"
GO:0005929,"{'GO:0043226', 'GO:0110165', 'GO:0042995', 'GO:0120025', 'GO:0005575'}"
GO:0009897,"{'GO:0110165', 'GO:0098552', 'GO:0005575'}"
GO:0005874,"{'GO:0099081', 'GO:0099513', 'GO:0099512', 'GO:0110165', 'GO:0005575', 'GO:0099080'}"
GO:0036157,"{'GO:0005858', 'GO:0005875', 'GO:1902494', 'GO:0030286', 'GO:0005575', 'GO:0032991'}"
GO:0036126,"{'GO:0043226', 'GO:0097729', 'GO:0110165', 'GO:0031514', 'GO:0042995', 'GO:0120025', 'GO:0005929', 'GO:0005575'}"
GO:0005912,"{'GO:0005911', 'GO:0110165', 'GO:0070161', 'GO:0005575', 'GO:0030054'}"
GO:0016324,"{'GO:0110165', 'GO:0005575', 'GO:0016020', 'GO:0098590'}"
GO:0043296,"{'GO:0005911', 'GO:0110165', 'GO:0070161', 'GO:0005575', 'GO:0030054'}"
GO:0005923,"{'GO:0005911', 'GO:0110165', 'GO:0070160', 'GO:0070161', 'GO:0005575', 'GO:0030054'}"
GO:0005938,"{'GO:0110165', 'GO:0005737', 'GO:0005575'}"
GO:0005911,"{'GO:0110165', 'GO:0070161', 'GO:0005575', 'GO:0030054'}"
GO:0005856,"{'GO:0043229', 'GO:0043226', 'GO:0005622', 'GO:0043228', 'GO:0110165', 'GO:0043232', 'GO:0005575'}"
GO:0043025,"{'GO:0110165', 'GO:0005575', 'GO:0044297'}"
GO:0005886,"{'GO:0110165', 'GO:0005575', 'GO:0016020'}"
GO:0031012,"{'GO:0030312', 'GO:0110165', 'GO:0005575'}"
GO:0005576,"{'GO:0110165', 'GO:0005575'}"
GO:0005615,"{'GO:0110165', 'GO:0005575'}"
GO:0016020,"{'GO:0110165', 'GO:0005575'}"
GO:0045202,"{'GO:0110165', 'GO:0005575', 'GO:0030054'}"
GO:0008076,"{'GO:0098796', 'GO:1990351', 'GO:0034702', 'GO:0098797', 'GO:0034703', 'GO:0034705', 'GO:1902495', 'GO:0005575', 'GO:0032991'}"
GO:0005654,"{'GO:0110165', 'GO:0005575'}"
GO:0005759,"{'GO:0043233', 'GO:0110165', 'GO:0031974', 'GO:0005575', 'GO:0070013'}"
GO:0005739,"{'GO:0043231', 'GO:0043229', 'GO:0043226', 'GO:0043227', 'GO:0005622', 'GO:0110165', 'GO:0005575'}"
GO:0009986,"{'GO:0110165', 'GO:0005575'}"
GO:0030425,"{'GO:0043005', 'GO:0110165', 'GO:0120025', 'GO:0005575', 'GO:0042995'}"
GO:0060076,"{'GO:0110165', 'GO:0005575', 'GO:0030054', 'GO:0045202'}"
GO:0005887,"{'GO:0110165', 'GO:0031226', 'GO:0031224', 'GO:0016021', 'GO:0005575'}"
GO:0045211,"{'GO:0110165', 'GO:0016020', 'GO:0097060', 'GO:0005575', 'GO:0098590'}"
GO:0098793,"{'GO:0110165', 'GO:0005575'}"
GO:0005829,"{'GO:0110165', 'GO:0005575'}"
GO:0035101,"{'GO:0008023', 'GO:0005575', 'GO:0032991', 'GO:0140513'}"
GO:0042555,"{'GO:0005575', 'GO:0032991'}"
GO:0043596,"{'GO:0110165', 'GO:0005657', 'GO:0005575'}"
GO:0005783,"{'GO:0043231', 'GO:0043229', 'GO:0043226', 'GO:0043227', 'GO:0005622', 'GO:0110165', 'GO:0005575'}"
GO:0005789,"{'GO:0110165', 'GO:0031090', 'GO:0005575', 'GO:0016020'}"
GO:0016021,"{'GO:0110165', 'GO:0031224', 'GO:0005575'}"
GO:0032420,"{'GO:0043005', 'GO:0110165', 'GO:0098858', 'GO:0042995', 'GO:0120025', 'GO:0005575'}"
GO:0005814,"{'GO:0043229', 'GO:0043226', 'GO:0005622', 'GO:0043228', 'GO:0110165', 'GO:0043232', 'GO:0005575'}"
GO:0005813,"{'GO:0005815', 'GO:0005575', 'GO:0110165'}"
GO:0036064,"{'GO:0005815', 'GO:0005575', 'GO:0110165'}"
GO:0030991,"{'GO:0005575', 'GO:0032991'}"
GO:0097730,"{'GO:0120025', 'GO:0043226', 'GO:0005575', 'GO:0110165', 'GO:0005929', 'GO:0042995'}"
GO:0032391,"{'GO:0110165', 'GO:0005575', 'GO:0035869'}"
GO:0001750,"{'GO:0110165', 'GO:0005575'}"
GO:0042627,"{'GO:1990777', 'GO:0032994', 'GO:0032991', 'GO:0005575', 'GO:0034358'}"
GO:0070971,"{'GO:0110165', 'GO:0005575'}"
GO:0034364,"{'GO:1990777', 'GO:0032994', 'GO:0032991', 'GO:0005575', 'GO:0034358'}"
GO:0034363,"{'GO:1990777', 'GO:0032994', 'GO:0034385', 'GO:0005575', 'GO:0032991', 'GO:0034358'}"
GO:0043231,"{'GO:0043229', 'GO:0043226', 'GO:0005622', 'GO:0110165', 'GO:0043227', 'GO:0005575'}"
GO:0005811,"{'GO:0043229', 'GO:0043226', 'GO:0005622', 'GO:0043228', 'GO:0110165', 'GO:0043232', 'GO:0005575'}"
GO:0034362,"{'GO:1990777', 'GO:0032994', 'GO:0032991', 'GO:0005575', 'GO:0034358'}"
GO:0034359,"{'GO:1990777', 'GO:0032994', 'GO:0032991', 'GO:0005575', 'GO:0042627', 'GO:0034358'}"
GO:0034361,"{'GO:1990777', 'GO:0032994', 'GO:0034385', 'GO:0005575', 'GO:0032991', 'GO:0034358'}"
GO:0031983,"{'GO:0031974', 'GO:0005575', 'GO:0110165', 'GO:0043233'}"
GO:0012506,"{'GO:0110165', 'GO:0031090', 'GO:0005575', 'GO:0016020'}"
GO:0005730,"{'GO:0043229', 'GO:0043226', 'GO:0005622', 'GO:0043228', 'GO:0110165', 'GO:0043232', 'GO:0005575'}"
GO:0031225,"{'GO:0110165', 'GO:0031224', 'GO:0005575'}"
GO:0005694,"{'GO:0043229', 'GO:0043226', 'GO:0005622', 'GO:0043228', 'GO:0110165', 'GO:0043232', 'GO:0005575'}"
GO:0016323,"{'GO:0110165', 'GO:0005575', 'GO:0016020', 'GO:0098590'}"
GO:0031526,"{'GO:0016020', 'GO:0110165', 'GO:0031253', 'GO:0005575', 'GO:0098590'}"
GO:0005794,"{'GO:0043231', 'GO:0043229', 'GO:0043226', 'GO:0043227', 'GO:0005622', 'GO:0110165', 'GO:0005575'}"
GO:0031528,"{'GO:0016020', 'GO:0110165', 'GO:0031253', 'GO:0005575', 'GO:0098590'}"
GO:0043235,"{'GO:0005575', 'GO:0032991'}"
GO:0005791,"{'GO:0043231', 'GO:0043229', 'GO:0043226', 'GO:0005622', 'GO:0110165', 'GO:0043227', 'GO:0005783', 'GO:0005575'}"
GO:0031982,"{'GO:0110165', 'GO:0043226', 'GO:0043227', 'GO:0005575'}"
GO:0043005,"{'GO:0120025', 'GO:0005575', 'GO:0110165', 'GO:0042995'}"
GO:0030424,"{'GO:0043005', 'GO:0110165', 'GO:0120025', 'GO:0005575', 'GO:0042995'}"
GO:0031085,"{'GO:0031082', 'GO:0005575', 'GO:0032991'}"
GO:0031410,"{'GO:0031982', 'GO:0097708', 'GO:0043226', 'GO:0043227', 'GO:0110165', 'GO:0005575'}"
GO:0030426,"{'GO:0110165', 'GO:0030427', 'GO:0005575'}"
GO:0005871,"{'GO:0005875', 'GO:0005575', 'GO:0032991'}"
GO:0035371,"{'GO:0110165', 'GO:1990752', 'GO:0005575'}"
GO:0071598,"{'GO:0035770', 'GO:0043229', 'GO:0043226', 'GO:0005622', 'GO:0110165', 'GO:0043232', 'GO:0043228', 'GO:0005575', 'GO:0099080', 'GO:0036464'}"
GO:0008021,"{'GO:0043226', 'GO:0097708', 'GO:0099503', 'GO:0110165', 'GO:0030133', 'GO:0031982', 'GO:0043227', 'GO:0070382', 'GO:0031410', 'GO:0005575'}"
GO:1990604,"{'GO:0098796', 'GO:0140534', 'GO:0005575', 'GO:0032991'}"
GO:1902911,"{'GO:1990234', 'GO:1902494', 'GO:0061695', 'GO:0005575', 'GO:0032991'}"
GO:0032991,{'GO:0005575'}
GO:0016604,"{'GO:0110165', 'GO:0005575'}"
GO:0043657,"{'GO:0110165', 'GO:0005575', 'GO:0018995'}"
GO:0098978,"{'GO:0110165', 'GO:0005575', 'GO:0030054', 'GO:0045202'}"
GO:0098686,"{'GO:0098984', 'GO:0045202', 'GO:0110165', 'GO:0005575', 'GO:0030054'}"
GO:0099061,"{'GO:0099240', 'GO:0005887', 'GO:0099146', 'GO:0110165', 'GO:0099699', 'GO:0031226', 'GO:0098948', 'GO:0031224', 'GO:0098936', 'GO:0099060', 'GO:0099055', 'GO:0016021', 'GO:0005575'}"
GO:0099056,"{'GO:0099240', 'GO:0005887', 'GO:0110165', 'GO:0099699', 'GO:0031226', 'GO:0098889', 'GO:0031224', 'GO:0016021', 'GO:0005575'}"
GO:0031901,"{'GO:0031090', 'GO:0098588', 'GO:0016020', 'GO:0010008', 'GO:0110165', 'GO:0005575'}"
GO:0000139,"{'GO:0031090', 'GO:0098588', 'GO:0016020', 'GO:0110165', 'GO:0005575'}"
GO:0031902,"{'GO:0031090', 'GO:0098588', 'GO:0016020', 'GO:0010008', 'GO:0110165', 'GO:0005575'}"
GO:0043202,"{'GO:0031974', 'GO:0005575', 'GO:0043233', 'GO:0110165', 'GO:0005775', 'GO:0070013'}"
GO:0005765,"{'GO:0031090', 'GO:0005774', 'GO:0098588', 'GO:0016020', 'GO:0098852', 'GO:0110165', 'GO:0005575'}"
GO:0010008,"{'GO:0031090', 'GO:0098588', 'GO:0016020', 'GO:0110165', 'GO:0005575'}"
GO:0030659,"{'GO:0031090', 'GO:0016020', 'GO:0110165', 'GO:0012506', 'GO:0005575'}"
GO:1990904,"{'GO:0005575', 'GO:0032991'}"
GO:0005769,"{'GO:0005768', 'GO:0097708', 'GO:0043226', 'GO:0110165', 'GO:0031982', 'GO:0043227', 'GO:0031410', 'GO:0005575'}"
GO:0048471,"{'GO:0110165', 'GO:0005575'}"
GO:0001669,"{'GO:0030141', 'GO:0043226', 'GO:0097708', 'GO:0099503', 'GO:0110165', 'GO:0031982', 'GO:0043227', 'GO:0031410', 'GO:0005575'}"
GO:0030173,"{'GO:0031300', 'GO:0110165', 'GO:0031301', 'GO:0031224', 'GO:0016021', 'GO:0031228', 'GO:0005575'}"
GO:0015629,"{'GO:0043229', 'GO:0043226', 'GO:0005622', 'GO:0110165', 'GO:0043232', 'GO:0005856', 'GO:0043228', 'GO:0005575'}"
GO:0031941,"{'GO:0005575', 'GO:0032991'}"
GO:0001725,"{'GO:0097517', 'GO:0042641', 'GO:0110165', 'GO:0032432', 'GO:0005575'}"
GO:0005667,"{'GO:0005575', 'GO:0032991'}"
GO:0030018,"{'GO:0110165', 'GO:0005575'}"
GO:0005779,"{'GO:0031300', 'GO:0110165', 'GO:0031231', 'GO:0031301', 'GO:0031224', 'GO:0016021', 'GO:0005575'}"
GO:0005778,"{'GO:0031903', 'GO:0042579', 'GO:0043231', 'GO:0043229', 'GO:0043226', 'GO:0005622', 'GO:0098588', 'GO:0110165', 'GO:0043227', 'GO:0031090', 'GO:0016020', 'GO:0005575'}"
GO:0005777,"{'GO:0042579', 'GO:0043231', 'GO:0043229', 'GO:0043226', 'GO:0005622', 'GO:0110165', 'GO:0043227', 'GO:0005575'}"
GO:0045121,"{'GO:0098857', 'GO:0110165', 'GO:0005575', 'GO:0016020'}"
GO:0014069,"{'GO:0110165', 'GO:0043226', 'GO:0099572', 'GO:0005575'}"
GO:0008180,"{'GO:0032991', 'GO:0005575', 'GO:0140513'}"
GO:0005802,"{'GO:0110165', 'GO:0031984', 'GO:0098791', 'GO:0005575'}"
GO:0001650,"{'GO:0110165', 'GO:0005575'}"
GO:0070062,"{'GO:1903561', 'GO:0031982', 'GO:0043226', 'GO:0043227', 'GO:0110165', 'GO:0005575', 'GO:0043230'}"
GO:0019814,"{'GO:0005575', 'GO:0032991'}"
GO:0005604,"{'GO:0030312', 'GO:0062023', 'GO:0110165', 'GO:0031012', 'GO:0005575'}"
GO:0005587,"{'GO:0005575', 'GO:0098651', 'GO:0098642', 'GO:0005581', 'GO:0032991'}"
GO:0062023,"{'GO:0030312', 'GO:0110165', 'GO:0031012', 'GO:0005575'}"
GO:0031966,"{'GO:0110165', 'GO:0031090', 'GO:0005575', 'GO:0016020'}"
GO:0030315,"{'GO:0110165', 'GO:0005575'}"
GO:0044194,"{'GO:0005764', 'GO:0043231', 'GO:0043229', 'GO:0043226', 'GO:0005773', 'GO:0005622', 'GO:0110165', 'GO:0043227', 'GO:0000323', 'GO:0005575'}"
GO:0031904,"{'GO:0043233', 'GO:0110165', 'GO:0031974', 'GO:0005575', 'GO:0070013'}"
GO:0060205,"{'GO:0031974', 'GO:0043233', 'GO:0110165', 'GO:0031983', 'GO:0005575'}"
GO:0005925,"{'GO:0005575', 'GO:0110165', 'GO:0070161', 'GO:0030055', 'GO:0030054'}"
GO:0034674,"{'GO:0098796', 'GO:0008305', 'GO:0098797', 'GO:0005575', 'GO:0098636', 'GO:0098802', 'GO:0043235', 'GO:0032991'}"
GO:0008305,"{'GO:0098796', 'GO:0043235', 'GO:0098797', 'GO:0098636', 'GO:0098802', 'GO:0005575', 'GO:0032991'}"
GO:0032587,"{'GO:0110165', 'GO:0031256', 'GO:0016020', 'GO:0031253', 'GO:0005575', 'GO:0098590'}"
GO:0019815,"{'GO:0098796', 'GO:0043235', 'GO:0019814', 'GO:0098797', 'GO:0098802', 'GO:0005575', 'GO:0032991'}"
GO:0005771,"{'GO:0005768', 'GO:0097708', 'GO:0043226', 'GO:0110165', 'GO:0005770', 'GO:0031982', 'GO:0043227', 'GO:0031410', 'GO:0005575'}"
GO:0005952,"{'GO:0140535', 'GO:0005575', 'GO:0032991'}"
GO:0098685,"{'GO:0110165', 'GO:0005575', 'GO:0030054', 'GO:0045202'}"
GO:0042995,"{'GO:0110165', 'GO:0005575'}"
GO:0031258,"{'GO:0110165', 'GO:0031256', 'GO:0016020', 'GO:0031253', 'GO:0005575', 'GO:0098590'}"
GO:0035692,"{'GO:0005575', 'GO:0043235', 'GO:0032991'}"
GO:0005902,"{'GO:0005575', 'GO:0110165', 'GO:0120025', 'GO:0098858', 'GO:0042995'}"
GO:0042622,"{'GO:0098588', 'GO:0060170', 'GO:0110165', 'GO:0031090', 'GO:0016020', 'GO:0031253', 'GO:0005575', 'GO:0098590'}"
GO:0005581,"{'GO:0005575', 'GO:0032991'}"
GO:0005801,"{'GO:0043231', 'GO:0043229', 'GO:0043226', 'GO:0043227', 'GO:0005622', 'GO:0110165', 'GO:0005575'}"
GO:1990578,"{'GO:0110165', 'GO:0005575', 'GO:0016020'}"
GO:0005942,"{'GO:0098796', 'GO:1990234', 'GO:1902494', 'GO:0061695', 'GO:0005575', 'GO:0032991'}"
GO:0005943,"{'GO:0098796', 'GO:0005942', 'GO:1990234', 'GO:1902494', 'GO:0097651', 'GO:0061695', 'GO:0005575', 'GO:0032991'}"
GO:0048179,"{'GO:0098796', 'GO:1902911', 'GO:0043235', 'GO:1990234', 'GO:1902494', 'GO:0098797', 'GO:0098802', 'GO:0061695', 'GO:1902554', 'GO:0005575', 'GO:0032991'}"
GO:0034673,"{'GO:0098796', 'GO:0098797', 'GO:0005575', 'GO:0032991'}"
GO:0005770,"{'GO:0005768', 'GO:0097708', 'GO:0043226', 'GO:0110165', 'GO:0031982', 'GO:0043227', 'GO:0031410', 'GO:0005575'}"
GO:0000775,"{'GO:0110165', 'GO:0005575', 'GO:0098687'}"
GO:0000780,"{'GO:0110165', 'GO:0000775', 'GO:0005575', 'GO:0098687'}"
GO:0031618,"{'GO:0000785', 'GO:0005575', 'GO:0000792', 'GO:0110165'}"
GO:0042470,"{'GO:0043226', 'GO:0097708', 'GO:0110165', 'GO:0031982', 'GO:0043227', 'GO:0048770', 'GO:0031410', 'GO:0005575'}"
GO:0033162,"{'GO:0098588', 'GO:0110165', 'GO:0012506', 'GO:0031090', 'GO:0016020', 'GO:0030659', 'GO:0090741', 'GO:0005575'}"
GO:0030054,"{'GO:0110165', 'GO:0005575'}"
GO:0043197,"{'GO:0043005', 'GO:0110165', 'GO:0042995', 'GO:0120025', 'GO:0005575', 'GO:0044309', 'GO:0098794'}"
GO:0031234,"{'GO:0019898', 'GO:0110165', 'GO:0005575', 'GO:0019897'}"
GO:0014704,"{'GO:0005911', 'GO:0044291', 'GO:0110165', 'GO:0070161', 'GO:0005575', 'GO:0030054'}"
GO:0030027,"{'GO:0120025', 'GO:0005575', 'GO:0110165', 'GO:0042995'}"
GO:0098794,"{'GO:0110165', 'GO:0005575'}"
GO:0042383,"{'GO:0005886', 'GO:0016020', 'GO:0005575', 'GO:0110165'}"
GO:0005776,"{'GO:0043231', 'GO:0043229', 'GO:0043226', 'GO:0005773', 'GO:0005622', 'GO:0110165', 'GO:0043227', 'GO:0005575'}"
GO:0005768,"{'GO:0031982', 'GO:0097708', 'GO:0043226', 'GO:0043227', 'GO:0110165', 'GO:0031410', 'GO:0005575'}"
GO:0032593,"{'GO:0030141', 'GO:0043226', 'GO:0097708', 'GO:0099503', 'GO:0110165', 'GO:0031982', 'GO:0043227', 'GO:0031410', 'GO:0005575'}"
GO:0005764,"{'GO:0043231', 'GO:0043229', 'GO:0043226', 'GO:0005773', 'GO:0005622', 'GO:0110165', 'GO:0043227', 'GO:0000323', 'GO:0005575'}"
GO:0045335,"{'GO:0043226', 'GO:0097708', 'GO:0030139', 'GO:0110165', 'GO:0031982', 'GO:0043227', 'GO:0031410', 'GO:0005575'}"
GO:0055037,"{'GO:0005768', 'GO:0097708', 'GO:0043226', 'GO:0110165', 'GO:0031982', 'GO:0043227', 'GO:0031410', 'GO:0005575'}"
GO:0055038,"{'GO:0031090', 'GO:0098588', 'GO:0016020', 'GO:0010008', 'GO:0110165', 'GO:0005575'}"
GO:0030141,"{'GO:0043226', 'GO:0097708', 'GO:0099503', 'GO:0110165', 'GO:0031982', 'GO:0043227', 'GO:0031410', 'GO:0005575'}"
GO:0045177,"{'GO:0110165', 'GO:0005575'}"
GO:0005901,"{'GO:0098857', 'GO:0016020', 'GO:0110165', 'GO:0045121', 'GO:0044853', 'GO:0005575', 'GO:0098590'}"
GO:0005905,"{'GO:0110165', 'GO:0005575', 'GO:0016020', 'GO:0098590'}"
GO:1990666,"{'GO:0005575', 'GO:0032991'}"
GO:0036477,"{'GO:0110165', 'GO:0005575'}"
GO:0097443,"{'GO:0005768', 'GO:0097708', 'GO:0043226', 'GO:0110165', 'GO:0031982', 'GO:0043227', 'GO:0031410', 'GO:0005575'}"
GO:0030127,"{'GO:0098796', 'GO:0030117', 'GO:0030120', 'GO:0005575', 'GO:0032991'}"
GO:0016529,"{'GO:0043231', 'GO:0043229', 'GO:0043226', 'GO:0005622', 'GO:0110165', 'GO:0043227', 'GO:0005783', 'GO:0005575'}"
GO:0101031,"{'GO:0005575', 'GO:0032991'}"
GO:0000777,"{'GO:0043229', 'GO:0043226', 'GO:0005622', 'GO:0000776', 'GO:0110165', 'GO:0043232', 'GO:0043228', 'GO:0005575', 'GO:0099080'}"
GO:0000791,"{'GO:0000785', 'GO:0005575', 'GO:0110165'}"
GO:0000792,"{'GO:0000785', 'GO:0005575', 'GO:0110165'}"
GO:0000776,"{'GO:0043229', 'GO:0043226', 'GO:0005622', 'GO:0110165', 'GO:0043232', 'GO:0043228', 'GO:0005575', 'GO:0099080'}"
GO:0097431,"{'GO:0000922', 'GO:0110165', 'GO:0005575'}"
GO:0097165,"{'GO:0035770', 'GO:0043229', 'GO:0043226', 'GO:0005622', 'GO:0110165', 'GO:0043232', 'GO:0043228', 'GO:0005575', 'GO:0099080'}"
GO:0016605,"{'GO:0016604', 'GO:0110165', 'GO:0005575'}"
GO:0045120,"{'GO:0043231', 'GO:0043229', 'GO:0043226', 'GO:0005622', 'GO:0110165', 'GO:0005634', 'GO:0043227', 'GO:0005575'}"
GO:0005793,"{'GO:0043231', 'GO:0043229', 'GO:0043226', 'GO:0043227', 'GO:0005622', 'GO:0110165', 'GO:0005575'}"
GO:0097057,"{'GO:0005575', 'GO:0032991'}"
GO:0032154,"{'GO:0110165', 'GO:0005575', 'GO:0016020', 'GO:0098590'}"
GO:0031985,"{'GO:0110165', 'GO:0031984', 'GO:0098791', 'GO:0005575'}"
GO:0030496,"{'GO:0110165', 'GO:0005575'}"
GO:0001726,"{'GO:0120025', 'GO:0005575', 'GO:0110165', 'GO:0042995'}"
GO:0005773,"{'GO:0043231', 'GO:0043229', 'GO:0043226', 'GO:0043227', 'GO:0005622', 'GO:0110165', 'GO:0005575'}"
GO:0031232,"{'GO:0019898', 'GO:0110165', 'GO:0005575', 'GO:0019897'}"
GO:0099026,"{'GO:0099240', 'GO:0099144', 'GO:0110165', 'GO:0031225', 'GO:0031226', 'GO:0098889', 'GO:0031224', 'GO:0046658', 'GO:0005575'}"
GO:0005796,"{'GO:0043233', 'GO:0110165', 'GO:0031974', 'GO:0005575', 'GO:0070013'}"
GO:0097440,"{'GO:0120025', 'GO:0030425', 'GO:0043005', 'GO:0110165', 'GO:0005575', 'GO:0042995'}"
GO:0032279,"{'GO:0098984', 'GO:0045202', 'GO:0110165', 'GO:0005575', 'GO:0030054'}"
GO:0043679,"{'GO:0110165', 'GO:0098793', 'GO:0005575', 'GO:0044306'}"
GO:0071944,"{'GO:0110165', 'GO:0005575'}"
GO:0043198,"{'GO:0110165', 'GO:0005575'}"
GO:0150002,"{'GO:0120025', 'GO:0030425', 'GO:0043005', 'GO:0110165', 'GO:0005575', 'GO:0042995'}"
GO:0097386,"{'GO:0120025', 'GO:0005575', 'GO:0110165', 'GO:0042995'}"
GO:0043204,"{'GO:0110165', 'GO:0005575'}"
GO:0099544,"{'GO:0110165', 'GO:0005576', 'GO:0005575'}"
GO:1990635,"{'GO:0120025', 'GO:0030425', 'GO:0043005', 'GO:0110165', 'GO:0005575', 'GO:0042995'}"
GO:0043083,"{'GO:0110165', 'GO:0005576', 'GO:0005575'}"
GO:0000502,"{'GO:0140535', 'GO:1905369', 'GO:1902494', 'GO:0005575', 'GO:0032991', 'GO:1905368'}"
GO:0071942,"{'GO:1990391', 'GO:0140513', 'GO:0000109', 'GO:0005575', 'GO:0032991'}"
GO:0097542,"{'GO:0110165', 'GO:0005575'}"
GO:0005875,"{'GO:0005575', 'GO:0032991'}"
GO:0097733,"{'GO:0043226', 'GO:0043005', 'GO:0110165', 'GO:0042995', 'GO:0005575', 'GO:0120025', 'GO:0005929', 'GO:0097731', 'GO:0097730'}"
GO:0001917,"{'GO:0110165', 'GO:0005575'}"
GO:0030055,"{'GO:0110165', 'GO:0070161', 'GO:0005575', 'GO:0030054'}"
GO:0005743,"{'GO:0031966', 'GO:0110165', 'GO:0031090', 'GO:0016020', 'GO:0019866', 'GO:0005575'}"
GO:0005758,"{'GO:0031974', 'GO:0043233', 'GO:0110165', 'GO:0005575', 'GO:0070013', 'GO:0031970'}"
GO:1990726,"{'GO:0120114', 'GO:0005575', 'GO:0032991'}"
GO:0120115,"{'GO:0120114', 'GO:0005575', 'GO:0032991'}"
GO:0071005,"{'GO:0140513', 'GO:1990904', 'GO:0071011', 'GO:0005684', 'GO:0005575', 'GO:0032991', 'GO:0005681'}"
GO:0046540,"{'GO:0120114', 'GO:0140513', 'GO:1990904', 'GO:0097526', 'GO:0097525', 'GO:0030532', 'GO:0005575', 'GO:0032991'}"
GO:0005688,"{'GO:0120114', 'GO:0032991', 'GO:0140513', 'GO:0030532', 'GO:1990904', 'GO:0005575', 'GO:0097525'}"
GO:0098556,"{'GO:0098562', 'GO:0110165', 'GO:0098552', 'GO:0005575', 'GO:0098554'}"
GO:0022627,"{'GO:0044391', 'GO:0005575', 'GO:1990904', 'GO:0015935', 'GO:0032991'}"
GO:0042788,"{'GO:0043229', 'GO:0043226', 'GO:0005622', 'GO:0005840', 'GO:0110165', 'GO:0043232', 'GO:0043228', 'GO:0005575'}"
GO:0098892,"{'GO:0098890', 'GO:0019898', 'GO:0099243', 'GO:0019897', 'GO:0110165', 'GO:0005575'}"
GO:0032839,"{'GO:0032838', 'GO:0099568', 'GO:0110165', 'GO:0005737', 'GO:0120111', 'GO:0005575'}"
GO:0044224,"{'GO:0110165', 'GO:0005575'}"
GO:0034705,"{'GO:0034703', 'GO:0098796', 'GO:0005575', 'GO:0034702', 'GO:1902495', 'GO:1990351', 'GO:0032991'}"
GO:0000785,"{'GO:0110165', 'GO:0005575'}"
GO:0016363,"{'GO:0110165', 'GO:0005575'}"
GO:0005956,"{'GO:0140535', 'GO:0005575', 'GO:0032991'}"
GO:0000151,"{'GO:0140535', 'GO:1990234', 'GO:1902494', 'GO:0005575', 'GO:0032991'}"
GO:0035869,"{'GO:0110165', 'GO:0005575'}"
GO:0000794,"{'GO:0005694', 'GO:0043229', 'GO:0043226', 'GO:0005622', 'GO:0000793', 'GO:0110165', 'GO:0043232', 'GO:0000228', 'GO:0043228', 'GO:0005575'}"
GO:0016939,"{'GO:0005871', 'GO:0005875', 'GO:0005575', 'GO:0032991'}"
GO:0015630,"{'GO:0043229', 'GO:0043226', 'GO:0005622', 'GO:0110165', 'GO:0043232', 'GO:0005856', 'GO:0043228', 'GO:0005575'}"
GO:1990075,"{'GO:0110165', 'GO:0005575', 'GO:0016020', 'GO:0098590'}"
GO:0005876,"{'GO:0099081', 'GO:0005874', 'GO:0099513', 'GO:0099512', 'GO:0110165', 'GO:0005575', 'GO:0099080'}"
GO:1990907,"{'GO:0005575', 'GO:0005667', 'GO:0140513', 'GO:0090575', 'GO:0032991'}"
GO:0031252,"{'GO:0110165', 'GO:0005575'}"
GO:0000790,"{'GO:0110165', 'GO:0005575'}"
GO:0090575,"{'GO:0005667', 'GO:0140513', 'GO:0005575', 'GO:0032991'}"
GO:0097268,"{'GO:0110165', 'GO:0005575'}"
GO:0042582,"{'GO:0030141', 'GO:0005764', 'GO:0043231', 'GO:0043229', 'GO:0043226', 'GO:0005773', 'GO:0005622', 'GO:0097708', 'GO:0099503', 'GO:0110165', 'GO:0031982', 'GO:0043227', 'GO:0000323', 'GO:0031410', 'GO:0005575', 'GO:0005766'}"
GO:0005635,"{'GO:0031967', 'GO:0031975', 'GO:0005575', 'GO:0110165'}"
GO:0042581,"{'GO:0030141', 'GO:0043226', 'GO:0097708', 'GO:0099503', 'GO:0110165', 'GO:0031982', 'GO:0043227', 'GO:0031410', 'GO:0005575'}"
GO:0005819,"{'GO:0043229', 'GO:0043226', 'GO:0005622', 'GO:0043228', 'GO:0110165', 'GO:0043232', 'GO:0005575'}"
GO:0005795,"{'GO:0110165', 'GO:0031984', 'GO:0098791', 'GO:0005575'}"
GO:0030667,"{'GO:0098588', 'GO:0110165', 'GO:0012506', 'GO:0031090', 'GO:0016020', 'GO:0030659', 'GO:0005575'}"
GO:0030672,"{'GO:0098588', 'GO:0030658', 'GO:0110165', 'GO:0012506', 'GO:0031090', 'GO:0016020', 'GO:0099501', 'GO:0030659', 'GO:0005575'}"
GO:0000922,"{'GO:0110165', 'GO:0005575'}"
GO:0016327,"{'GO:0110165', 'GO:0005575', 'GO:0016020', 'GO:0098590'}"
GO:0044297,"{'GO:0110165', 'GO:0005575'}"
GO:0030175,"{'GO:0005575', 'GO:0110165', 'GO:0120025', 'GO:0098858', 'GO:0042995'}"
GO:0031594,"{'GO:0110165', 'GO:0005575', 'GO:0030054', 'GO:0045202'}"
GO:0000812,"{'GO:0070603', 'GO:0097346', 'GO:0140513', 'GO:1902494', 'GO:0000118', 'GO:1904949', 'GO:0005575', 'GO:0032991'}"
GO:0009925,"{'GO:0110165', 'GO:0005575', 'GO:0016020', 'GO:0098590'}"
GO:0030139,"{'GO:0031982', 'GO:0097708', 'GO:0043226', 'GO:0043227', 'GO:0110165', 'GO:0031410', 'GO:0005575'}"
GO:0097489,"{'GO:0031974', 'GO:0043233', 'GO:0110165', 'GO:0031983', 'GO:0005575'}"
GO:0031965,"{'GO:0110165', 'GO:0031090', 'GO:0005575', 'GO:0016020'}"
GO:0045179,"{'GO:0099738', 'GO:0005938', 'GO:0099568', 'GO:0110165', 'GO:0005737', 'GO:0005575'}"
GO:0043203,"{'GO:0110165', 'GO:0005575'}"
GO:0005815,"{'GO:0110165', 'GO:0005575'}"
GO:0035748,"{'GO:0110165', 'GO:0005575'}"
GO:0031256,"{'GO:0110165', 'GO:0005575'}"
GO:0070160,"{'GO:0005911', 'GO:0110165', 'GO:0070161', 'GO:0005575', 'GO:0030054'}"
GO:0099059,"{'GO:0099240', 'GO:0005887', 'GO:0110165', 'GO:0099699', 'GO:0031226', 'GO:0098889', 'GO:0031224', 'GO:0098945', 'GO:0099056', 'GO:0016021', 'GO:0005575'}"
GO:0048787,"{'GO:0110165', 'GO:0016020', 'GO:0097060', 'GO:0005575', 'GO:0098590'}"
GO:0043195,"{'GO:0110165', 'GO:0005575', 'GO:0098793'}"
GO:0005741,"{'GO:0098588', 'GO:0019867', 'GO:0031966', 'GO:0110165', 'GO:0031090', 'GO:0016020', 'GO:0005575', 'GO:0031968'}"
GO:0032433,"{'GO:0110165', 'GO:0005575'}"
GO:0016459,"{'GO:0005575', 'GO:0032991'}"
GO:0032426,"{'GO:0110165', 'GO:0005575'}"
GO:0034703,"{'GO:0098796', 'GO:1990351', 'GO:0034702', 'GO:1902495', 'GO:0005575', 'GO:0032991'}"
GO:0090734,"{'GO:0110165', 'GO:0005575'}"
GO:0030660,"{'GO:0031090', 'GO:0098588', 'GO:0016020', 'GO:0110165', 'GO:0005575'}"
GO:0071458,"{'GO:0031300', 'GO:0110165', 'GO:0031301', 'GO:0031224', 'GO:0016021', 'GO:0031227', 'GO:0030176', 'GO:0005575'}"
GO:0071556,"{'GO:0031300', 'GO:0110165', 'GO:0031301', 'GO:0031224', 'GO:0016021', 'GO:0031227', 'GO:0030176', 'GO:0005575'}"
GO:0072669,"{'GO:0140535', 'GO:0005575', 'GO:0032991'}"
GO:0005720,"{'GO:0000785', 'GO:0005575', 'GO:0110165'}"
GO:0000788,"{'GO:0032993', 'GO:0044815', 'GO:0005575', 'GO:0032991'}"
GO:0010494,"{'GO:0035770', 'GO:0043229', 'GO:0043226', 'GO:0005622', 'GO:0110165', 'GO:0043232', 'GO:0043228', 'GO:0005575', 'GO:0099080', 'GO:0036464'}"
GO:0002947,"{'GO:0005575', 'GO:0043235', 'GO:0032991'}"
GO:0005588,"{'GO:0005583', 'GO:0005581', 'GO:0005575', 'GO:0032991'}"
GO:1990316,"{'GO:1990234', 'GO:0032991', 'GO:1902494', 'GO:0061695', 'GO:1902554', 'GO:0005575', 'GO:1902911'}"
GO:0032045,"{'GO:0140535', 'GO:0005575', 'GO:0032991'}"
GO:0000781,"{'GO:0110165', 'GO:0005575', 'GO:0098687'}"
GO:0000242,"{'GO:0110165', 'GO:0005575'}"
GO:0016607,"{'GO:0016604', 'GO:0110165', 'GO:0005575'}"
GO:0035327,"{'GO:0000785', 'GO:0005575', 'GO:0110165'}"
GO:0030134,"{'GO:0043226', 'GO:0097708', 'GO:0110165', 'GO:0031982', 'GO:0043227', 'GO:0030135', 'GO:0031410', 'GO:0005575'}"
GO:0012505,"{'GO:0110165', 'GO:0005575'}"
GO:0008023,"{'GO:0032991', 'GO:0005575', 'GO:0140513'}"
GO:0045095,"{'GO:0099081', 'GO:0099513', 'GO:0099512', 'GO:0110165', 'GO:0005882', 'GO:0005575', 'GO:0099080'}"
GO:1990745,"{'GO:0005575', 'GO:0032991'}"
GO:0000938,"{'GO:0099023', 'GO:0005575', 'GO:0032991'}"
GO:0033010,"{'GO:0005911', 'GO:0110165', 'GO:0070161', 'GO:0005575', 'GO:0030054'}"
GO:0043220,"{'GO:0110165', 'GO:0005575'}"
GO:0061689,"{'GO:0005911', 'GO:0110165', 'GO:0070160', 'GO:0070161', 'GO:0005575', 'GO:0030054'}"
GO:0048476,"{'GO:1905347', 'GO:0005575', 'GO:0032991', 'GO:1902494'}"
GO:0000784,"{'GO:0110165', 'GO:0005575', 'GO:0098687'}"
GO:0000783,"{'GO:0032993', 'GO:0140513', 'GO:0000782', 'GO:0005575', 'GO:0032991'}"
GO:0070187,"{'GO:0032993', 'GO:0005575', 'GO:0140513', 'GO:0000782', 'GO:0000783', 'GO:0032991'}"
GO:0044666,"{'GO:0034708', 'GO:1990234', 'GO:0140513', 'GO:1902494', 'GO:0032991', 'GO:0005575', 'GO:0035097'}"
GO:0099092,"{'GO:0099091', 'GO:0043226', 'GO:0110165', 'GO:0043228', 'GO:0005575'}"
GO:0048786,"{'GO:0110165', 'GO:0005575'}"
GO:0043240,"{'GO:0032991', 'GO:0005575', 'GO:0140513'}"
GO:0016235,"{'GO:0110165', 'GO:0016234', 'GO:0005622', 'GO:0005575'}"
GO:0030136,"{'GO:0043226', 'GO:0097708', 'GO:0110165', 'GO:0031982', 'GO:0043227', 'GO:0030135', 'GO:0031410', 'GO:0005575'}"
GO:0016328,"{'GO:0110165', 'GO:0005575'}"
GO:0042406,"{'GO:0019898', 'GO:0031312', 'GO:0005575', 'GO:0110165'}"
GO:0000118,"{'GO:0140513', 'GO:1902494', 'GO:0005575', 'GO:0032991'}"
GO:0072686,"{'GO:0005819', 'GO:0043229', 'GO:0043226', 'GO:0005622', 'GO:0110165', 'GO:0043232', 'GO:0043228', 'GO:0005575'}"
GO:0017053,"{'GO:0032991', 'GO:0005575', 'GO:0005667'}"
GO:0043034,"{'GO:0110165', 'GO:0005575'}"
GO:0030017,"{'GO:0110165', 'GO:0005575'}"
GO:1990909,"{'GO:0005575', 'GO:0032991'}"
GO:0036057,"{'GO:0036056', 'GO:0005911', 'GO:0110165', 'GO:0070161', 'GO:0005575', 'GO:0030054'}"
GO:0005844,"{'GO:0005575', 'GO:0032991', 'GO:1990904'}"
GO:0032156,"{'GO:0043229', 'GO:0043226', 'GO:0005622', 'GO:0110165', 'GO:0043232', 'GO:0005856', 'GO:0043228', 'GO:0005575'}"
GO:0098842,"{'GO:0005768', 'GO:0097708', 'GO:0043226', 'GO:0005769', 'GO:0110165', 'GO:0031982', 'GO:0043227', 'GO:0031410', 'GO:0098845', 'GO:0005575'}"
GO:0098843,"{'GO:0110165', 'GO:0005575'}"
GO:0042734,"{'GO:0110165', 'GO:0016020', 'GO:0097060', 'GO:0005575', 'GO:0098590'}"
GO:0032588,"{'GO:0031090', 'GO:0098588', 'GO:0016020', 'GO:0110165', 'GO:0005575', 'GO:0000139'}"
GO:0071013,"{'GO:1902494', 'GO:0140513', 'GO:1990904', 'GO:0005575', 'GO:0032991', 'GO:0005681'}"
GO:0005686,"{'GO:0120114', 'GO:0032991', 'GO:0140513', 'GO:0030532', 'GO:1990904', 'GO:0005575', 'GO:0097525'}"
GO:0071004,"{'GO:0140513', 'GO:1990904', 'GO:0005684', 'GO:0071010', 'GO:0005575', 'GO:0032991', 'GO:0005681'}"
GO:0009898,"{'GO:0110165', 'GO:0005575', 'GO:0098552', 'GO:0098562'}"
GO:1904115,"{'GO:0032838', 'GO:0099568', 'GO:0110165', 'GO:0005737', 'GO:0120111', 'GO:0005575'}"
GO:0034702,"{'GO:0098796', 'GO:0005575', 'GO:1990351', 'GO:1902495', 'GO:0032991'}"
GO:0070319,"{'GO:0043226', 'GO:0097708', 'GO:0099503', 'GO:0110165', 'GO:0030133', 'GO:0031982', 'GO:0043227', 'GO:0070382', 'GO:0031410', 'GO:0005575'}"
GO:0045171,"{'GO:0110165', 'GO:0005575'}"
GO:0016591,"{'GO:0140535', 'GO:1990234', 'GO:0140513', 'GO:1902494', 'GO:0000428', 'GO:0055029', 'GO:0061695', 'GO:0005575', 'GO:0032991', 'GO:0030880'}"
GO:0012507,"{'GO:0098588', 'GO:0030658', 'GO:0110165', 'GO:0012506', 'GO:0031090', 'GO:0016020', 'GO:0030662', 'GO:0030659', 'GO:0005575'}"
GO:0097038,"{'GO:0110165', 'GO:0005575'}"
GO:0038039,"{'GO:0098796', 'GO:0043235', 'GO:0098797', 'GO:0038037', 'GO:0097648', 'GO:0098802', 'GO:0005575', 'GO:0032991'}"
GO:0044754,"{'GO:0043231', 'GO:0043229', 'GO:0043226', 'GO:0005764', 'GO:0005773', 'GO:0005622', 'GO:0005767', 'GO:0110165', 'GO:0043227', 'GO:0000323', 'GO:0005575', 'GO:0005776'}"
GO:0000407,"{'GO:0110165', 'GO:0005575'}"
GO:0035032,"{'GO:0098796', 'GO:0005942', 'GO:1990234', 'GO:1902494', 'GO:0061695', 'GO:0005575', 'GO:0032991'}"
GO:0034271,"{'GO:0098796', 'GO:0005942', 'GO:0035032', 'GO:1990234', 'GO:1902494', 'GO:0061695', 'GO:0005575', 'GO:0032991'}"
GO:0034272,"{'GO:0098796', 'GO:0005942', 'GO:0035032', 'GO:1990234', 'GO:1902494', 'GO:0061695', 'GO:0005575', 'GO:0032991'}"
GO:0031932,"{'GO:0038201', 'GO:0140535', 'GO:0005575', 'GO:0032991'}"
GO:0044307,"{'GO:0120025', 'GO:0030425', 'GO:0043005', 'GO:0110165', 'GO:0005575', 'GO:0042995'}"
GO:0099147,"{'GO:0098890', 'GO:0019898', 'GO:0099243', 'GO:0019897', 'GO:0110165', 'GO:0098892', 'GO:0005575'}"
GO:0120219,"{'GO:0110165', 'GO:0005575'}"
GO:0097060,"{'GO:0110165', 'GO:0005575', 'GO:0016020', 'GO:0098590'}"
GO:0098591,"{'GO:0009897', 'GO:0098552', 'GO:0005575', 'GO:0110165'}"
GO:0140268,"{'GO:0044232', 'GO:0005575', 'GO:0110165'}"
GO:0080008,"{'GO:0140535', 'GO:1990234', 'GO:0031461', 'GO:1902494', 'GO:0000151', 'GO:0005575', 'GO:0032991'}"
GO:0036128,"{'GO:0098796', 'GO:0034704', 'GO:0034702', 'GO:0005891', 'GO:0098797', 'GO:0034703', 'GO:0005575', 'GO:1902495', 'GO:1990351', 'GO:0032991'}"
GO:0031514,"{'GO:0120025', 'GO:0043226', 'GO:0005575', 'GO:0110165', 'GO:0005929', 'GO:0042995'}"
GO:0030121,"{'GO:0098796', 'GO:0030131', 'GO:0030119', 'GO:0005575', 'GO:0032991'}"
GO:0005916,"{'GO:0005911', 'GO:0110165', 'GO:0070161', 'GO:0005575', 'GO:0030054'}"
GO:0005927,"{'GO:0005575', 'GO:0110165', 'GO:0070161', 'GO:0030055', 'GO:0030054'}"
GO:0030016,"{'GO:0043229', 'GO:0043226', 'GO:0099512', 'GO:0099081', 'GO:0005622', 'GO:0110165', 'GO:0043232', 'GO:0043292', 'GO:0043228', 'GO:0005575', 'GO:0099080'}"
GO:0016281,"{'GO:0005575', 'GO:0032991'}"
GO:0033116,"{'GO:0031090', 'GO:0098588', 'GO:0016020', 'GO:0110165', 'GO:0005575'}"
GO:0035861,"{'GO:0110165', 'GO:0090734', 'GO:0005575'}"
GO:0034464,"{'GO:0005575', 'GO:0032991'}"
GO:0034451,"{'GO:0110165', 'GO:0005575'}"
GO:0060170,"{'GO:0098588', 'GO:0110165', 'GO:0031090', 'GO:0016020', 'GO:0031253', 'GO:0005575', 'GO:0098590'}"
GO:0005967,"{'GO:1990204', 'GO:0032991', 'GO:1902494', 'GO:0005575', 'GO:0045254', 'GO:0098798'}"
GO:0045254,"{'GO:1990204', 'GO:0005575', 'GO:0032991', 'GO:1902494'}"
GO:0097441,"{'GO:0120025', 'GO:0030425', 'GO:0043005', 'GO:0110165', 'GO:0005575', 'GO:0042995'}"
GO:0097451,"{'GO:0097450', 'GO:0097386', 'GO:0097449', 'GO:0110165', 'GO:0120025', 'GO:0005575', 'GO:0042995'}"
GO:0030285,"{'GO:0031300', 'GO:0110165', 'GO:0031301', 'GO:0031224', 'GO:0016021', 'GO:0098563', 'GO:0005575'}"
GO:1990030,"{'GO:0110165', 'GO:0005575'}"
GO:0000159,"{'GO:0140535', 'GO:1902494', 'GO:1903293', 'GO:0008287', 'GO:0005575', 'GO:0032991'}"
GO:0034707,"{'GO:0098796', 'GO:1990351', 'GO:0034702', 'GO:1902495', 'GO:0005575', 'GO:0032991'}"
GO:0071008,"{'GO:0140513', 'GO:1990904', 'GO:0005684', 'GO:0071014', 'GO:0005575', 'GO:0032991', 'GO:0005681'}"
GO:0032281,"{'GO:0098796', 'GO:1990351', 'GO:0034702', 'GO:0098797', 'GO:0008328', 'GO:0034703', 'GO:0005575', 'GO:1902495', 'GO:0098878', 'GO:0098802', 'GO:0043235', 'GO:0032991'}"
GO:0032580,"{'GO:0031090', 'GO:0098588', 'GO:0016020', 'GO:0110165', 'GO:0005575', 'GO:0000139'}"
GO:0046658,"{'GO:0110165', 'GO:0031225', 'GO:0031226', 'GO:0031224', 'GO:0005575'}"
GO:0014731,"{'GO:0043229', 'GO:0043226', 'GO:0005622', 'GO:0110165', 'GO:0043232', 'GO:0005856', 'GO:0043228', 'GO:0005575'}"
GO:0008287,"{'GO:1903293', 'GO:0005575', 'GO:0032991', 'GO:1902494'}"
GO:0016592,"{'GO:0032991', 'GO:0005575', 'GO:0140513'}"
GO:0042645,"{'GO:0043229', 'GO:0043226', 'GO:0005622', 'GO:0110165', 'GO:0043232', 'GO:0009295', 'GO:0043228', 'GO:0005575'}"
GO:0031080,"{'GO:0032991', 'GO:0005575', 'GO:0140513'}"
GO:0030864,"{'GO:0043229', 'GO:0043226', 'GO:0005622', 'GO:0110165', 'GO:0043232', 'GO:0005856', 'GO:0030863', 'GO:0043228', 'GO:0005575'}"
GO:0031045,"{'GO:0030141', 'GO:0043226', 'GO:0097708', 'GO:0099503', 'GO:0110165', 'GO:0031982', 'GO:0043227', 'GO:0031410', 'GO:0005575'}"
GO:0000145,"{'GO:0099023', 'GO:0005575', 'GO:0032991'}"
GO:0030133,"{'GO:0031982', 'GO:0097708', 'GO:0043226', 'GO:0043227', 'GO:0110165', 'GO:0031410', 'GO:0005575'}"
GO:0005892,"{'GO:0098796', 'GO:0043235', 'GO:0034702', 'GO:0098797', 'GO:0005575', 'GO:1902495', 'GO:0098802', 'GO:1990351', 'GO:0032991'}"
GO:0098674,"{'GO:0098922', 'GO:0019898', 'GO:0110165', 'GO:0031312', 'GO:0005575'}"
GO:0098888,"{'GO:0019898', 'GO:0099243', 'GO:0019897', 'GO:0110165', 'GO:0005575'}"
GO:0099523,"{'GO:0099522', 'GO:0005575', 'GO:0110165', 'GO:0005829'}"
GO:0031201,"{'GO:0098796', 'GO:0005575', 'GO:0032991'}"
GO:0031462,"{'GO:0140535', 'GO:1990234', 'GO:0031461', 'GO:1902494', 'GO:0000151', 'GO:0005575', 'GO:0032991'}"
GO:0098993,"{'GO:0031224', 'GO:0031300', 'GO:0110165', 'GO:0098563', 'GO:0031225', 'GO:0005575'}"
GO:0098684,"{'GO:0110165', 'GO:0045202', 'GO:0097470', 'GO:0005575', 'GO:0030054'}"
GO:0061617,"{'GO:0098796', 'GO:0098800', 'GO:0005575', 'GO:0032991', 'GO:0098798'}"
GO:0044284,"{'GO:0044232', 'GO:0005575', 'GO:0110165'}"
GO:0005788,"{'GO:0043233', 'GO:0110165', 'GO:0031974', 'GO:0005575', 'GO:0070013'}"
GO:0030014,"{'GO:0140535', 'GO:0005575', 'GO:0032991'}"
GO:0001891,"{'GO:0110165', 'GO:0005575'}"
GO:0005662,"{'GO:0032991', 'GO:0005575', 'GO:0140513'}"
GO:0000974,"{'GO:0005575', 'GO:0032991'}"
GO:0071007,"{'GO:0140513', 'GO:1990904', 'GO:1902494', 'GO:0005684', 'GO:0071013', 'GO:0005575', 'GO:0032991', 'GO:0005681'}"
GO:0005879,"{'GO:0099081', 'GO:0099512', 'GO:0110165', 'GO:0005874', 'GO:0099513', 'GO:0005575', 'GO:0099080', 'GO:0005881'}"
GO:0030992,"{'GO:0005575', 'GO:0032991'}"
GO:0044530,"{'GO:0140513', 'GO:1990904', 'GO:0005575', 'GO:0032991', 'GO:0005681'}"
GO:0090651,"{'GO:0110165', 'GO:0005575'}"
GO:0005903,"{'GO:0110165', 'GO:0005575', 'GO:0098862'}"
GO:0070852,"{'GO:0043005', 'GO:0110165', 'GO:0120025', 'GO:0005575', 'GO:0042995'}"
GO:0031597,"{'GO:0140535', 'GO:1905369', 'GO:0032991', 'GO:1902494', 'GO:0005575', 'GO:0000502', 'GO:1905368'}"
GO:0031595,"{'GO:0140535', 'GO:0140513', 'GO:1902494', 'GO:0000502', 'GO:1905368', 'GO:1905369', 'GO:0005575', 'GO:0032991'}"
GO:0030863,"{'GO:0043229', 'GO:0043226', 'GO:0005622', 'GO:0110165', 'GO:0043232', 'GO:0005856', 'GO:0043228', 'GO:0005575'}"
GO:0005719,"{'GO:0000785', 'GO:0005575', 'GO:0110165'}"
GO:0005762,"{'GO:0044391', 'GO:0015934', 'GO:0000315', 'GO:1990904', 'GO:0005575', 'GO:0032991', 'GO:0098798'}"
GO:0005761,"{'GO:0043229', 'GO:0043226', 'GO:0005622', 'GO:0005840', 'GO:0110165', 'GO:0043232', 'GO:0000313', 'GO:0043228', 'GO:0005575'}"
GO:0070761,"{'GO:0005575', 'GO:0032991', 'GO:1990904'}"
GO:0097255,"{'GO:0005575', 'GO:0032991'}"
GO:0008250,"{'GO:0098796', 'GO:1990234', 'GO:1902494', 'GO:0140534', 'GO:0005575', 'GO:0032991'}"
GO:0000177,"{'GO:0032991', 'GO:1902494', 'GO:1905354', 'GO:0005575', 'GO:0000178'}"
GO:0000178,"{'GO:1905354', 'GO:0005575', 'GO:0032991', 'GO:1902494'}"
GO:0000176,"{'GO:0140513', 'GO:1902494', 'GO:1905354', 'GO:0000178', 'GO:0005575', 'GO:0032991'}"
GO:0000801,"{'GO:0110165', 'GO:0005575'}"
GO:0090543,"{'GO:0110165', 'GO:0005575'}"
GO:0031680,"{'GO:0005575', 'GO:0032991'}"
GO:0005834,"{'GO:0098796', 'GO:1902494', 'GO:0098797', 'GO:1905360', 'GO:0005575', 'GO:0032991'}"
GO:0030956,"{'GO:0140535', 'GO:0005575', 'GO:0032991'}"
GO:0071818,"{'GO:0072379', 'GO:0005575', 'GO:0032991'}"
GO:0036020,"{'GO:0005765', 'GO:0098588', 'GO:0010008', 'GO:0005774', 'GO:0110165', 'GO:0031090', 'GO:0016020', 'GO:0098852', 'GO:0005575'}"
GO:0005669,"{'GO:0005575', 'GO:0005667', 'GO:0140513', 'GO:0090575', 'GO:0032991'}"
GO:0000923,"{'GO:0005815', 'GO:0005575', 'GO:0110165'}"
GO:0000930,"{'GO:0005575', 'GO:0032991'}"
GO:0031466,"{'GO:0140535', 'GO:1990234', 'GO:0031461', 'GO:1902494', 'GO:0000151', 'GO:0005575', 'GO:0032991'}"
GO:0031461,"{'GO:0140535', 'GO:1990234', 'GO:1902494', 'GO:0000151', 'GO:0005575', 'GO:0032991'}"
GO:0019005,"{'GO:0140535', 'GO:1990234', 'GO:0031461', 'GO:1902494', 'GO:0000151', 'GO:0005575', 'GO:0032991'}"
GO:0032590,"{'GO:0032589', 'GO:0031256', 'GO:0016020', 'GO:0110165', 'GO:0031253', 'GO:0005575', 'GO:0098590'}"
GO:1902711,"{'GO:1902710', 'GO:0043235', 'GO:0005575', 'GO:0032991'}"
GO:0098982,"{'GO:0110165', 'GO:0005575', 'GO:0030054', 'GO:0045202'}"
GO:0099060,"{'GO:0005887', 'GO:0110165', 'GO:0031226', 'GO:0098948', 'GO:0031224', 'GO:0099055', 'GO:0099240', 'GO:0099699', 'GO:0098936', 'GO:0016021', 'GO:0005575'}"
GO:0002189,"{'GO:1990234', 'GO:1902494', 'GO:0061695', 'GO:0005575', 'GO:0032991'}"
GO:0031307,"{'GO:0031300', 'GO:0032592', 'GO:0110165', 'GO:0031301', 'GO:0031224', 'GO:0031306', 'GO:0098573', 'GO:0016021', 'GO:0005575'}"
GO:0030176,"{'GO:0031300', 'GO:0110165', 'GO:0031301', 'GO:0031224', 'GO:0016021', 'GO:0031227', 'GO:0005575'}"
GO:0071339,"{'GO:0034708', 'GO:1990234', 'GO:0140513', 'GO:1902494', 'GO:0035097', 'GO:0044665', 'GO:0005575', 'GO:0032991'}"
GO:0044316,"{'GO:0044306', 'GO:0110165', 'GO:0043679', 'GO:0005575', 'GO:0098793'}"
GO:0005884,"{'GO:0099081', 'GO:0099513', 'GO:0099512', 'GO:0110165', 'GO:0005575', 'GO:0099080'}"
GO:0034663,"{'GO:0140534', 'GO:0005575', 'GO:0032991'}"
GO:0005643,"{'GO:0032991', 'GO:0005575', 'GO:0140513'}"
GO:0035631,"{'GO:0098796', 'GO:0043235', 'GO:0098802', 'GO:0098797', 'GO:0005575', 'GO:0032991'}"
GO:1905370,"{'GO:1905286', 'GO:1902494', 'GO:1905368', 'GO:1905369', 'GO:0005575', 'GO:0032991'}"
GO:0030135,"{'GO:0031982', 'GO:0097708', 'GO:0043226', 'GO:0043227', 'GO:0110165', 'GO:0031410', 'GO:0005575'}"
GO:0030666,"{'GO:0098588', 'GO:0110165', 'GO:0012506', 'GO:0031090', 'GO:0016020', 'GO:0030659', 'GO:0005575'}"
GO:0005798,"{'GO:0031982', 'GO:0097708', 'GO:0043226', 'GO:0043227', 'GO:0110165', 'GO:0031410', 'GO:0005575'}"
GO:0031464,"{'GO:0080008', 'GO:0140535', 'GO:1990234', 'GO:0031461', 'GO:1902494', 'GO:0000151', 'GO:0005575', 'GO:0032991'}"
GO:0005968,"{'GO:1990234', 'GO:0005575', 'GO:0032991', 'GO:1902494'}"
GO:0033391,"{'GO:0035770', 'GO:0043229', 'GO:0043226', 'GO:0005622', 'GO:0110165', 'GO:0043232', 'GO:0043228', 'GO:0005575', 'GO:0099080', 'GO:0036464'}"
GO:0030061,"{'GO:0110165', 'GO:0005575'}"
GO:0120206,"{'GO:0110165', 'GO:0005575'}"
GO:0030057,"{'GO:0005911', 'GO:0110165', 'GO:0070161', 'GO:0005575', 'GO:0030054'}"
GO:0019897,"{'GO:0019898', 'GO:0005575', 'GO:0110165'}"
GO:0044295,"{'GO:0110165', 'GO:0030427', 'GO:0030426', 'GO:0005575'}"
GO:0032584,"{'GO:0110165', 'GO:0005575'}"
GO:0097449,"{'GO:0097386', 'GO:0110165', 'GO:0120025', 'GO:0005575', 'GO:0042995'}"
GO:0005749,"{'GO:0098796', 'GO:0098800', 'GO:1990204', 'GO:0045283', 'GO:0098803', 'GO:1902494', 'GO:0045257', 'GO:0098798', 'GO:0045281', 'GO:0005575', 'GO:0032991'}"
GO:0045273,"{'GO:0098796', 'GO:0005575', 'GO:0098803', 'GO:0032991'}"
GO:0031253,"{'GO:0110165', 'GO:0005575', 'GO:0016020', 'GO:0098590'}"
GO:0001772,"{'GO:0110165', 'GO:0005575'}"
GO:0043219,"{'GO:0110165', 'GO:0005575'}"
GO:0097025,"{'GO:0098796', 'GO:0098797', 'GO:0005575', 'GO:0032991'}"
GO:0033268,"{'GO:0110165', 'GO:0005575'}"
GO:0033270,"{'GO:0110165', 'GO:0005575'}"
GO:0098839,"{'GO:0016020', 'GO:0097060', 'GO:0110165', 'GO:0005575', 'GO:0099634', 'GO:0098590'}"
GO:0099031,"{'GO:0099240', 'GO:0099144', 'GO:0099146', 'GO:0110165', 'GO:0031225', 'GO:0099025', 'GO:0031226', 'GO:0099030', 'GO:0098948', 'GO:0031224', 'GO:0046658', 'GO:0098936', 'GO:0005575'}"
GO:0005853,"{'GO:0005575', 'GO:0032991'}"
GO:1902494,"{'GO:0005575', 'GO:0032991'}"
GO:0005882,"{'GO:0099081', 'GO:0099513', 'GO:0099512', 'GO:0110165', 'GO:0005575', 'GO:0099080'}"
GO:0005954,"{'GO:0140535', 'GO:0005575', 'GO:0032991'}"
GO:0099573,"{'GO:0043226', 'GO:0099572', 'GO:0110165', 'GO:0005575', 'GO:0014069'}"
GO:0099524,"{'GO:0099522', 'GO:0005575', 'GO:0110165', 'GO:0005829'}"
GO:0099634,"{'GO:0110165', 'GO:0016020', 'GO:0097060', 'GO:0005575', 'GO:0098590'}"
GO:0048269,"{'GO:0140535', 'GO:1990234', 'GO:1902494', 'GO:0005575', 'GO:0032991'}"
GO:0019898,"{'GO:0110165', 'GO:0005575'}"
GO:0043196,"{'GO:0110165', 'GO:0005575'}"
GO:0005747,"{'GO:0098796', 'GO:0030964', 'GO:1990204', 'GO:0098803', 'GO:0098800', 'GO:1902494', 'GO:0098798', 'GO:0005575', 'GO:0045271', 'GO:0032991'}"
GO:0005790,"{'GO:0043231', 'GO:0043229', 'GO:0043226', 'GO:0005622', 'GO:0110165', 'GO:0043227', 'GO:0005783', 'GO:0005575'}"
GO:0016513,"{'GO:0005575', 'GO:0005667', 'GO:0140513', 'GO:0090575', 'GO:0032991'}"
GO:0000793,"{'GO:0005694', 'GO:0043229', 'GO:0043226', 'GO:0005622', 'GO:0110165', 'GO:0043232', 'GO:0043228', 'GO:0005575'}"
GO:0000778,"{'GO:0043229', 'GO:0043226', 'GO:0000777', 'GO:0005622', 'GO:0000776', 'GO:0110165', 'GO:0043232', 'GO:0043228', 'GO:0005575', 'GO:0099080'}"
GO:0000800,"{'GO:0110165', 'GO:0005575'}"
GO:0001673,"{'GO:0043231', 'GO:0043229', 'GO:0043226', 'GO:0005622', 'GO:0110165', 'GO:0005634', 'GO:0043227', 'GO:0043073', 'GO:0005575'}"
GO:0030893,"{'GO:0005575', 'GO:0032991', 'GO:0008278'}"
GO:0034991,"{'GO:0140513', 'GO:0030893', 'GO:0000798', 'GO:0005575', 'GO:0032991', 'GO:0008278'}"
GO:0034990,"{'GO:0140513', 'GO:0030892', 'GO:0000798', 'GO:0005575', 'GO:0032991', 'GO:0008278'}"
GO:0000795,"{'GO:0110165', 'GO:0099086', 'GO:0005575'}"
GO:0032153,"{'GO:0110165', 'GO:0005575'}"
GO:0099569,"{'GO:0043229', 'GO:0043226', 'GO:0005622', 'GO:0110165', 'GO:0043232', 'GO:0005856', 'GO:0043228', 'GO:0005575'}"
GO:0031105,"{'GO:0005575', 'GO:0032991'}"
GO:0005940,"{'GO:0043229', 'GO:0043226', 'GO:0005622', 'GO:0110165', 'GO:0043232', 'GO:0005856', 'GO:0032156', 'GO:0043228', 'GO:0005575'}"
GO:0043209,"{'GO:0110165', 'GO:0005575'}"
GO:0032160,"{'GO:0043229', 'GO:0043226', 'GO:0005622', 'GO:0110165', 'GO:0043232', 'GO:0005856', 'GO:0032156', 'GO:0043228', 'GO:0005575'}"
GO:0097227,"{'GO:0110165', 'GO:0005575'}"
GO:0031313,"{'GO:0019898', 'GO:0031312', 'GO:0005575', 'GO:0110165'}"
GO:0070685,"{'GO:0120025', 'GO:0005575', 'GO:0110165', 'GO:0042995'}"
GO:0030904,"{'GO:0098796', 'GO:0005575', 'GO:0032991'}"
GO:0097422,"{'GO:0110165', 'GO:0005575'}"
GO:0098850,"{'GO:0019898', 'GO:0031312', 'GO:0005575', 'GO:0110165'}"
GO:0097444,"{'GO:0110165', 'GO:0043226', 'GO:0043227', 'GO:0005575'}"
GO:0044305,"{'GO:0044306', 'GO:0110165', 'GO:0043679', 'GO:0005575', 'GO:0098793'}"
GO:0036501,"{'GO:0005575', 'GO:0032991'}"
GO:0034098,"{'GO:0098796', 'GO:0140534', 'GO:0005575', 'GO:0032991'}"
GO:0046930,"{'GO:0098796', 'GO:0005575', 'GO:0032991'}"
