GO:0045504,"{'GO:0005515', 'GO:0005488', 'GO:0003674'}"
GO:0045503,"{'GO:0005515', 'GO:0005488', 'GO:0003674'}"
GO:0003777,"{'GO:0017111', 'GO:0016817', 'GO:0003824', 'GO:0016818', 'GO:0016462', 'GO:0003674', 'GO:0016787', 'GO:0003774'}"
GO:0003824,{'GO:0003674'}
GO:0042802,"{'GO:0005515', 'GO:0005488', 'GO:0003674'}"
GO:0030170,"{'GO:0043168', 'GO:0097159', 'GO:1901363', 'GO:0003674', 'GO:0070279', 'GO:0036094', 'GO:0005488', 'GO:0043167', 'GO:0019842'}"
GO:0003779,"{'GO:0008092', 'GO:0005515', 'GO:0005488', 'GO:0003674'}"
GO:0051015,"{'GO:0008092', 'GO:0005515', 'GO:0003674', 'GO:0044877', 'GO:0005488', 'GO:0003779'}"
GO:0008013,"{'GO:0005515', 'GO:0005488', 'GO:0003674'}"
GO:0019904,"{'GO:0005515', 'GO:0005488', 'GO:0003674'}"
GO:0019901,"{'GO:0019899', 'GO:0005515', 'GO:0003674', 'GO:0019900', 'GO:0005488'}"
GO:0005509,"{'GO:0003674', 'GO:0005488', 'GO:0043167', 'GO:0046872', 'GO:0043169'}"
GO:0003682,"{'GO:0005488', 'GO:0003674'}"
GO:0008270,"{'GO:0003674', 'GO:0005488', 'GO:0043167', 'GO:0046872', 'GO:0043169', 'GO:0046914'}"
GO:0005524,"{'GO:1901265', 'GO:1901363', 'GO:0032553', 'GO:0030554', 'GO:0005488', 'GO:0043167', 'GO:0032555', 'GO:0017076', 'GO:0043168', 'GO:0000166', 'GO:0032559', 'GO:0035639', 'GO:0097367', 'GO:0097159', 'GO:0003674', 'GO:0036094'}"
GO:0044325,"{'GO:0005515', 'GO:0005488', 'GO:0003674'}"
GO:0099104,"{'GO:0099106', 'GO:0003674', 'GO:0016247', 'GO:0015459', 'GO:0098772', 'GO:0099103'}"
GO:0005249,"{'GO:0022890', 'GO:0022843', 'GO:0022836', 'GO:0008324', 'GO:0022857', 'GO:0015318', 'GO:0022803', 'GO:0022832', 'GO:0005216', 'GO:0015075', 'GO:0015267', 'GO:0046873', 'GO:0003674', 'GO:0005244', 'GO:0005261', 'GO:0005215', 'GO:0015079', 'GO:0005267'}"
GO:0003677,"{'GO:0097159', 'GO:1901363', 'GO:0003674', 'GO:0005488', 'GO:0003676'}"
GO:0003678,"{'GO:0017111', 'GO:0016817', 'GO:0003824', 'GO:0004386', 'GO:0140097', 'GO:0016462', 'GO:0016887', 'GO:0003674', 'GO:0016787', 'GO:0016818'}"
GO:0008094,"{'GO:0017111', 'GO:0016817', 'GO:0003824', 'GO:0016462', 'GO:0016887', 'GO:0003674', 'GO:0016787', 'GO:0016818'}"
GO:0001221,"{'GO:0005515', 'GO:0005488', 'GO:0003674', 'GO:0008134'}"
GO:0004175,"{'GO:0003674', 'GO:0016787', 'GO:0140096', 'GO:0008233', 'GO:0003824'}"
GO:0046872,"{'GO:0005488', 'GO:0043167', 'GO:0003674', 'GO:0043169'}"
GO:0004222,"{'GO:0003824', 'GO:0003674', 'GO:0016787', 'GO:0004175', 'GO:0140096', 'GO:0008233', 'GO:0008237'}"
GO:0042043,"{'GO:0005102', 'GO:0005515', 'GO:0005488', 'GO:0003674'}"
GO:0038023,"{'GO:0003674', 'GO:0060089'}"
GO:0005096,"{'GO:0008047', 'GO:0003674', 'GO:0030234', 'GO:0060589', 'GO:0030695', 'GO:0098772'}"
GO:0000175,"{'GO:0016796', 'GO:0004540', 'GO:0003824', 'GO:0016896', 'GO:0016788', 'GO:0008408', 'GO:0004532', 'GO:0004518', 'GO:0140098', 'GO:0003674', 'GO:0016787', 'GO:0004527'}"
GO:0004535,"{'GO:0016796', 'GO:0000175', 'GO:0004540', 'GO:0003824', 'GO:0016896', 'GO:0140098', 'GO:0016788', 'GO:0008408', 'GO:0003674', 'GO:0016787', 'GO:0004527', 'GO:0004532', 'GO:0004518'}"
GO:0003723,"{'GO:0097159', 'GO:1901363', 'GO:0003674', 'GO:0005488', 'GO:0003676'}"
GO:0004096,"{'GO:0003674', 'GO:0016684', 'GO:0003824', 'GO:0016491', 'GO:0016209', 'GO:0004601'}"
GO:0020037,"{'GO:0097159', 'GO:1901363', 'GO:0003674', 'GO:0046906', 'GO:0005488'}"
GO:0120020,"{'GO:0003674', 'GO:0120015', 'GO:0005215', 'GO:0005319', 'GO:0120013', 'GO:0015248'}"
GO:0008201,"{'GO:0005539', 'GO:0097367', 'GO:0003674', 'GO:1901681', 'GO:0005488'}"
GO:0035473,"{'GO:0019899', 'GO:0005515', 'GO:0005488', 'GO:0003674'}"
GO:0050750,"{'GO:0005515', 'GO:0003674', 'GO:0070325', 'GO:0005102', 'GO:0005488'}"
GO:0005543,"{'GO:0008289', 'GO:0005488', 'GO:0003674'}"
GO:0016887,"{'GO:0003674', 'GO:0016787', 'GO:0017111', 'GO:0016817', 'GO:0003824', 'GO:0016462', 'GO:0016818'}"
GO:0004842,"{'GO:0003674', 'GO:0019787', 'GO:0140096', 'GO:0016740', 'GO:0003824'}"
GO:0004198,"{'GO:0008234', 'GO:0003824', 'GO:0003674', 'GO:0004197', 'GO:0016787', 'GO:0004175', 'GO:0140096', 'GO:0008233'}"
GO:0019825,"{'GO:0036094', 'GO:0005488', 'GO:0003674'}"
GO:0003918,"{'GO:0008094', 'GO:0003916', 'GO:0017111', 'GO:0016853', 'GO:0016817', 'GO:0003824', 'GO:0140097', 'GO:0016462', 'GO:0016887', 'GO:0003674', 'GO:0016787', 'GO:0016818'}"
GO:0046875,"{'GO:0005102', 'GO:0005515', 'GO:0005488', 'GO:0003674'}"
GO:0034185,"{'GO:0005515', 'GO:0005488', 'GO:0003674'}"
GO:1902388,"{'GO:0005548', 'GO:0120013', 'GO:0120017', 'GO:0003674', 'GO:0046624', 'GO:0120014', 'GO:0005215', 'GO:0005319', 'GO:0120016'}"
GO:0008289,"{'GO:0005488', 'GO:0003674'}"
GO:0005319,"{'GO:0003674', 'GO:0005215'}"
GO:0120014,"{'GO:0005548', 'GO:0120013', 'GO:0003674', 'GO:0005215', 'GO:0005319'}"
GO:0005548,"{'GO:0003674', 'GO:0005215', 'GO:0005319'}"
GO:0046982,"{'GO:0005515', 'GO:0046983', 'GO:0005488', 'GO:0003674'}"
GO:0044877,"{'GO:0005488', 'GO:0003674'}"
GO:0140344,"{'GO:0120013', 'GO:0003674', 'GO:0005215', 'GO:0005319'}"
GO:0004714,"{'GO:0016740', 'GO:0003824', 'GO:0016301', 'GO:0004888', 'GO:0016772', 'GO:0004713', 'GO:0019199', 'GO:0004672', 'GO:0003674', 'GO:0140096', 'GO:0016773', 'GO:0038023', 'GO:0060089'}"
GO:0005005,"{'GO:0016772', 'GO:0004714', 'GO:0016740', 'GO:0004713', 'GO:0003824', 'GO:0016301', 'GO:0019199', 'GO:0004672', 'GO:0003674', 'GO:0005003', 'GO:0140096', 'GO:0016773', 'GO:0038023', 'GO:0060089', 'GO:0004888'}"
GO:0045499,"{'GO:0005515', 'GO:0005102', 'GO:0048018', 'GO:0003674', 'GO:0030545', 'GO:0030546', 'GO:0005488', 'GO:0098772'}"
GO:0038191,"{'GO:0005102', 'GO:0005515', 'GO:0005488', 'GO:0003674'}"
GO:0030215,"{'GO:0005102', 'GO:0005515', 'GO:0005488', 'GO:0003674'}"
GO:0005540,"{'GO:0005488', 'GO:0003674', 'GO:0005539', 'GO:0097367'}"
GO:0005085,"{'GO:0003674', 'GO:0030234', 'GO:0060589', 'GO:0030695', 'GO:0098772'}"
GO:0046983,"{'GO:0005515', 'GO:0005488', 'GO:0003674'}"
GO:0001850,"{'GO:0005515', 'GO:0005488', 'GO:0001848', 'GO:0003674'}"
GO:0004876,"{'GO:0004875', 'GO:0003674', 'GO:0038023', 'GO:0140375', 'GO:0060089', 'GO:0004888'}"
GO:0004875,"{'GO:0140375', 'GO:0003674', 'GO:0038023', 'GO:0060089', 'GO:0004888'}"
GO:0004930,"{'GO:0038023', 'GO:0003674', 'GO:0060089', 'GO:0004888'}"
GO:0019894,"{'GO:0008092', 'GO:0005515', 'GO:0005488', 'GO:0003674'}"
GO:0008017,"{'GO:0008092', 'GO:0005515', 'GO:0003674', 'GO:0015631', 'GO:0005488'}"
GO:0000287,"{'GO:0003674', 'GO:0005488', 'GO:0043167', 'GO:0046872', 'GO:0043169'}"
GO:0004709,"{'GO:0016772', 'GO:0016740', 'GO:0003824', 'GO:0016301', 'GO:0004672', 'GO:0003674', 'GO:0140096', 'GO:0016773', 'GO:0004674'}"
GO:0042803,"{'GO:0005515', 'GO:0046983', 'GO:0042802', 'GO:0003674', 'GO:0005488'}"
GO:0004672,"{'GO:0016772', 'GO:0016740', 'GO:0003824', 'GO:0016301', 'GO:0003674', 'GO:0140096', 'GO:0016773'}"
GO:0019903,"{'GO:0019899', 'GO:0005515', 'GO:0003674', 'GO:0019902', 'GO:0005488'}"
GO:0043425,"{'GO:0005515', 'GO:0003674', 'GO:0140297', 'GO:0005488', 'GO:0008134'}"
GO:0000981,"{'GO:0003700', 'GO:0003674', 'GO:0140110'}"
GO:0001227,"{'GO:0000981', 'GO:0003700', 'GO:0001217', 'GO:0140110', 'GO:0003674'}"
GO:0070888,"{'GO:1990837', 'GO:0000976', 'GO:0003677', 'GO:0003690', 'GO:0000977', 'GO:0043565', 'GO:0097159', 'GO:1901363', 'GO:0003674', 'GO:0000987', 'GO:0001067', 'GO:0000978', 'GO:0005488', 'GO:0003676'}"
GO:0043426,"{'GO:0005515', 'GO:0003674', 'GO:0140297', 'GO:0043425', 'GO:0005488', 'GO:0008134'}"
GO:0001102,"{'GO:0005515', 'GO:0140297', 'GO:0033613', 'GO:0003674', 'GO:0061629', 'GO:0005488', 'GO:0008134'}"
GO:0000978,"{'GO:0000976', 'GO:0043565', 'GO:1901363', 'GO:0001067', 'GO:0005488', 'GO:0003676', 'GO:1990837', 'GO:0003677', 'GO:0003690', 'GO:0000977', 'GO:0097159', 'GO:0003674', 'GO:0000987'}"
GO:1990837,"{'GO:0003677', 'GO:0003690', 'GO:0043565', 'GO:0097159', 'GO:1901363', 'GO:0003674', 'GO:0005488', 'GO:0003676'}"
GO:0005125,"{'GO:0005515', 'GO:0005102', 'GO:0048018', 'GO:0003674', 'GO:0030545', 'GO:0030546', 'GO:0005488', 'GO:0098772'}"
GO:0005164,"{'GO:0032813', 'GO:0005515', 'GO:0003674', 'GO:0005102', 'GO:0005488', 'GO:0005126'}"
GO:0032813,"{'GO:0005515', 'GO:0003674', 'GO:0005102', 'GO:0005488', 'GO:0005126'}"
GO:0005123,"{'GO:0032813', 'GO:0005515', 'GO:0003674', 'GO:0005102', 'GO:0005488', 'GO:0005126'}"
GO:0016230,"{'GO:0008047', 'GO:0003674', 'GO:0030234', 'GO:0060229', 'GO:0098772', 'GO:0016004'}"
GO:0061608,"{'GO:0003674', 'GO:0140104', 'GO:0140142'}"
GO:0008139,"{'GO:0003674', 'GO:0033218', 'GO:0005488', 'GO:0005048', 'GO:0042277'}"
GO:0004630,"{'GO:0003824', 'GO:0004620', 'GO:0008081', 'GO:0016788', 'GO:0003674', 'GO:0016787', 'GO:0042578', 'GO:0016298'}"
GO:0045145,"{'GO:0016796', 'GO:0003824', 'GO:0016788', 'GO:0008409', 'GO:0004518', 'GO:0016895', 'GO:0004529', 'GO:0140097', 'GO:0004536', 'GO:0003674', 'GO:0035312', 'GO:0016787', 'GO:0004527', 'GO:0008297'}"
GO:0015297,"{'GO:0003674', 'GO:0022857', 'GO:0005215', 'GO:0015291', 'GO:0022804'}"
GO:0015108,"{'GO:0003674', 'GO:0008509', 'GO:0022857', 'GO:0005215', 'GO:0015075', 'GO:0015318', 'GO:0015103'}"
GO:0022857,"{'GO:0003674', 'GO:0005215'}"
GO:0005247,"{'GO:0005254', 'GO:0008308', 'GO:0022836', 'GO:0008509', 'GO:0022857', 'GO:0015318', 'GO:0005253', 'GO:0022832', 'GO:0005216', 'GO:0015075', 'GO:0015267', 'GO:0003674', 'GO:0005244', 'GO:0005215', 'GO:0015108', 'GO:0022803', 'GO:0015103'}"
GO:0004888,"{'GO:0038023', 'GO:0003674', 'GO:0060089'}"
GO:0140326,"{'GO:0005319', 'GO:0003674', 'GO:0140303', 'GO:0005215'}"
GO:0042626,"{'GO:0003674', 'GO:0022857', 'GO:0005215', 'GO:0015399', 'GO:0022804'}"
GO:0140327,"{'GO:0003674', 'GO:0005215', 'GO:0140326', 'GO:0005319', 'GO:0140303'}"
GO:0140347,"{'GO:0140333', 'GO:0140327', 'GO:0005548', 'GO:0140303', 'GO:0003674', 'GO:0005215', 'GO:0140326', 'GO:0005319'}"
GO:0090555,"{'GO:0140333', 'GO:0140327', 'GO:0005548', 'GO:0140303', 'GO:0003674', 'GO:0005215', 'GO:0140326', 'GO:0005319'}"
GO:0015254,"{'GO:0015168', 'GO:0015144', 'GO:0015075', 'GO:0015267', 'GO:1901618', 'GO:0003674', 'GO:0022857', 'GO:0005215', 'GO:0008509', 'GO:0015318', 'GO:0022803', 'GO:0015166'}"
GO:0015265,"{'GO:0015204', 'GO:0015075', 'GO:0015267', 'GO:0003674', 'GO:0042887', 'GO:0022857', 'GO:0005215', 'GO:0008509', 'GO:0022803'}"
GO:0015204,"{'GO:0003674', 'GO:0042887', 'GO:0008509', 'GO:0022857', 'GO:0005215', 'GO:0015075'}"
GO:0015250,"{'GO:0015267', 'GO:0005372', 'GO:0003674', 'GO:0022857', 'GO:0005215', 'GO:0015318', 'GO:0022803'}"
GO:0008376,"{'GO:0016740', 'GO:0016757', 'GO:0008194', 'GO:0003824', 'GO:0016758', 'GO:0003674'}"
GO:0008375,"{'GO:0016740', 'GO:0016757', 'GO:0008194', 'GO:0003824', 'GO:0016758', 'GO:0003674'}"
GO:0047275,"{'GO:0016740', 'GO:0016757', 'GO:0008194', 'GO:0008378', 'GO:0003824', 'GO:0035250', 'GO:0016758', 'GO:0003674'}"
GO:0008532,"{'GO:0016758', 'GO:0003674', 'GO:0008375', 'GO:0016740', 'GO:0016757', 'GO:0008194', 'GO:0003824'}"
GO:0016758,"{'GO:0016740', 'GO:0016757', 'GO:0003674', 'GO:0003824'}"
GO:0008499,"{'GO:0016740', 'GO:0016757', 'GO:0008378', 'GO:0003824', 'GO:0008194', 'GO:0016758', 'GO:0048531', 'GO:0003674', 'GO:0035250'}"
GO:0042826,"{'GO:0019899', 'GO:0005515', 'GO:0005488', 'GO:0003674'}"
GO:1990226,"{'GO:0019899', 'GO:0005515', 'GO:0005488', 'GO:0003674'}"
GO:0019900,"{'GO:0019899', 'GO:0005515', 'GO:0005488', 'GO:0003674'}"
GO:0035257,"{'GO:0005515', 'GO:0140297', 'GO:0051427', 'GO:0005102', 'GO:0003674', 'GO:0061629', 'GO:0005488', 'GO:0008134'}"
GO:0036002,"{'GO:0097159', 'GO:1901363', 'GO:0003674', 'GO:0005488', 'GO:0003676', 'GO:0003723'}"
GO:0070063,"{'GO:0019899', 'GO:0005515', 'GO:0005488', 'GO:0003674'}"
GO:0003713,"{'GO:0003674', 'GO:0098772', 'GO:0140110', 'GO:0003712'}"
GO:0001222,"{'GO:0005515', 'GO:0003674', 'GO:0001221', 'GO:0005488', 'GO:0008134'}"
GO:0008134,"{'GO:0005515', 'GO:0005488', 'GO:0003674'}"
GO:0000976,"{'GO:1990837', 'GO:0003677', 'GO:0003690', 'GO:0043565', 'GO:0097159', 'GO:1901363', 'GO:0003674', 'GO:0001067', 'GO:0005488', 'GO:0003676'}"
GO:0061630,"{'GO:0004842', 'GO:0016740', 'GO:0003824', 'GO:0003674', 'GO:0019787', 'GO:0140096', 'GO:0061659'}"
GO:0004252,"{'GO:0003824', 'GO:0003674', 'GO:0016787', 'GO:0004175', 'GO:0140096', 'GO:0008233', 'GO:0008236', 'GO:0017171'}"
GO:0008476,"{'GO:0008146', 'GO:0016740', 'GO:0003824', 'GO:0003674', 'GO:0016782', 'GO:0140096'}"
GO:0008146,"{'GO:0016740', 'GO:0003824', 'GO:0016782', 'GO:0003674'}"
GO:0051371,"{'GO:0008092', 'GO:0005515', 'GO:0003674', 'GO:0051393', 'GO:0042805', 'GO:0005488'}"
GO:0015217,"{'GO:0015215', 'GO:0008509', 'GO:0022857', 'GO:0000295', 'GO:0008514', 'GO:0015075', 'GO:0015932', 'GO:0005346', 'GO:0003674', 'GO:0005215', 'GO:1901505', 'GO:0015605', 'GO:0015216'}"
GO:0080122,"{'GO:0015215', 'GO:0008324', 'GO:0008509', 'GO:0022857', 'GO:0008514', 'GO:0015101', 'GO:0015075', 'GO:0015932', 'GO:0005346', 'GO:0003674', 'GO:0005215', 'GO:0015216', 'GO:1901505', 'GO:0015605', 'GO:0000295'}"
GO:0005347,"{'GO:0015215', 'GO:0008509', 'GO:0022857', 'GO:0000295', 'GO:0008514', 'GO:0015075', 'GO:0015932', 'GO:0005346', 'GO:0003674', 'GO:0005215', 'GO:1901505', 'GO:0015605', 'GO:0015216'}"
GO:0051087,"{'GO:0005515', 'GO:0005488', 'GO:0003674'}"
GO:0015228,"{'GO:0015215', 'GO:0008509', 'GO:0022857', 'GO:0071077', 'GO:0000295', 'GO:0008514', 'GO:0015075', 'GO:0015932', 'GO:0005346', 'GO:0003674', 'GO:0005215', 'GO:1901505', 'GO:0015605', 'GO:0015216'}"
GO:0015230,"{'GO:0015215', 'GO:0015075', 'GO:0015932', 'GO:0003674', 'GO:0008509', 'GO:0022857', 'GO:0005215', 'GO:0015605', 'GO:0008514'}"
GO:0044610,"{'GO:0015215', 'GO:0015075', 'GO:0015932', 'GO:0003674', 'GO:0008509', 'GO:0022857', 'GO:0005215', 'GO:1901505', 'GO:0015605', 'GO:0008514'}"
GO:0051724,"{'GO:0015215', 'GO:0015075', 'GO:0015932', 'GO:0003674', 'GO:0008509', 'GO:0022857', 'GO:0005215', 'GO:0015605'}"
GO:0004016,"{'GO:0003824', 'GO:0003674', 'GO:0016849', 'GO:0009975', 'GO:0016829'}"
GO:0008294,"{'GO:0003674', 'GO:0016849', 'GO:0009975', 'GO:0016829', 'GO:0003824', 'GO:0004016'}"
GO:0005516,"{'GO:0005515', 'GO:0005488', 'GO:0003674'}"
GO:0070122,"{'GO:0003674', 'GO:0016787', 'GO:0140096', 'GO:0008233', 'GO:0003824'}"
GO:0008237,"{'GO:0003674', 'GO:0016787', 'GO:0140096', 'GO:0008233', 'GO:0003824'}"
GO:0008120,"{'GO:0016740', 'GO:0016757', 'GO:0008194', 'GO:0003824', 'GO:0035251', 'GO:0046527', 'GO:0016758', 'GO:0003674'}"
GO:0102769,"{'GO:0016758', 'GO:0003674', 'GO:0016740', 'GO:0016757', 'GO:0003824'}"
GO:0019899,"{'GO:0005515', 'GO:0005488', 'GO:0003674'}"
GO:0042393,"{'GO:0005515', 'GO:0005488', 'GO:0003674'}"
GO:0046974,"{'GO:0042054', 'GO:0018024', 'GO:0016740', 'GO:0008757', 'GO:0003824', 'GO:0016279', 'GO:0016741', 'GO:0008168', 'GO:0008276', 'GO:0003674', 'GO:0016278', 'GO:0140096', 'GO:0008170'}"
GO:0018024,"{'GO:0042054', 'GO:0016740', 'GO:0008757', 'GO:0003824', 'GO:0016279', 'GO:0016741', 'GO:0008168', 'GO:0008276', 'GO:0003674', 'GO:0016278', 'GO:0140096', 'GO:0008170'}"
GO:1990841,"{'GO:0005488', 'GO:0003682', 'GO:0003674'}"
GO:0004181,"{'GO:0008238', 'GO:0004180', 'GO:0003824', 'GO:0003674', 'GO:0008235', 'GO:0016787', 'GO:0140096', 'GO:0008233', 'GO:0008237'}"
GO:0051721,"{'GO:0019899', 'GO:0019903', 'GO:0005515', 'GO:0003674', 'GO:0019902', 'GO:0005488'}"
GO:0005504,"{'GO:0003674', 'GO:0031406', 'GO:0033293', 'GO:0043168', 'GO:0008289', 'GO:0005488', 'GO:0043167'}"
GO:0008431,"{'GO:0097159', 'GO:1901363', 'GO:0003674', 'GO:0036094', 'GO:0005488', 'GO:0019842'}"
GO:0047710,"{'GO:0003674', 'GO:0016787', 'GO:0004551', 'GO:0016817', 'GO:0003824', 'GO:0016462', 'GO:0016818'}"
GO:0016787,"{'GO:0003824', 'GO:0003674'}"
GO:0016151,"{'GO:0003674', 'GO:0005488', 'GO:0043167', 'GO:0046872', 'GO:0043169', 'GO:0046914'}"
GO:0000166,"{'GO:1901265', 'GO:0097159', 'GO:1901363', 'GO:0003674', 'GO:0036094', 'GO:0005488'}"
GO:0031625,"{'GO:0019899', 'GO:0005515', 'GO:0003674', 'GO:0005488', 'GO:0044389'}"
GO:0005154,"{'GO:0005515', 'GO:0003674', 'GO:0005102', 'GO:0070851', 'GO:0005488'}"
GO:0008083,"{'GO:0005515', 'GO:0005102', 'GO:0048018', 'GO:0003674', 'GO:0030545', 'GO:0030546', 'GO:0005488', 'GO:0098772'}"
GO:0005088,"{'GO:0003674', 'GO:0030234', 'GO:0060589', 'GO:0030695', 'GO:0098772'}"
GO:0005201,"{'GO:0003674', 'GO:0005198'}"
GO:0004129,"{'GO:0016491', 'GO:0022890', 'GO:0015075', 'GO:0003824', 'GO:0009055', 'GO:0008324', 'GO:0003674', 'GO:0022857', 'GO:0005215', 'GO:0016675', 'GO:0015078', 'GO:0016676', 'GO:0015318', 'GO:0015002'}"
GO:0005544,"{'GO:0008289', 'GO:0005543', 'GO:0003674', 'GO:0005488'}"
GO:0033130,"{'GO:0005102', 'GO:0005515', 'GO:0005488', 'GO:0003674'}"
GO:0030550,"{'GO:0003674', 'GO:0030545', 'GO:0030547', 'GO:0098772', 'GO:0030548', 'GO:0099602'}"
GO:0030548,"{'GO:0003674', 'GO:0099602', 'GO:0030545', 'GO:0098772'}"
GO:0008200,"{'GO:0099106', 'GO:0016247', 'GO:0003674', 'GO:0098772', 'GO:0016248'}"
GO:0022829,"{'GO:0003674', 'GO:0022857', 'GO:0005215', 'GO:0015267', 'GO:0022803'}"
GO:1903981,"{'GO:0008144', 'GO:0043168', 'GO:0097159', 'GO:1901363', 'GO:0003674', 'GO:0005488', 'GO:0043167', 'GO:0005527'}"
GO:0005506,"{'GO:0003674', 'GO:0005488', 'GO:0043167', 'GO:0046872', 'GO:0043169', 'GO:0046914'}"
GO:0005549,"{'GO:0005488', 'GO:0003674'}"
GO:0002020,"{'GO:0019899', 'GO:0005515', 'GO:0005488', 'GO:0003674'}"
GO:0036094,"{'GO:0005488', 'GO:0003674'}"
GO:0050839,"{'GO:0005515', 'GO:0005488', 'GO:0003674'}"
GO:0005178,"{'GO:0005515', 'GO:0003674', 'GO:0044877', 'GO:0050839', 'GO:0005102', 'GO:0005488'}"
GO:0030552,"{'GO:1901265', 'GO:0030551', 'GO:1901363', 'GO:0032553', 'GO:0030554', 'GO:0005488', 'GO:0043167', 'GO:0032555', 'GO:0017076', 'GO:0043168', 'GO:0000166', 'GO:0032559', 'GO:0097367', 'GO:0097159', 'GO:0003674', 'GO:0036094'}"
GO:0004862,"{'GO:0030291', 'GO:0030234', 'GO:0019887', 'GO:0003674', 'GO:0004857', 'GO:0019210', 'GO:0019207', 'GO:0004860', 'GO:0098772', 'GO:0008603'}"
GO:0008603,"{'GO:0003674', 'GO:0019207', 'GO:0019887', 'GO:0030234', 'GO:0098772'}"
GO:0034236,"{'GO:0019899', 'GO:0005515', 'GO:0019901', 'GO:0003674', 'GO:0051018', 'GO:0019900', 'GO:0005488'}"
GO:0051219,"{'GO:0005515', 'GO:0005488', 'GO:0003674'}"
GO:0005114,"{'GO:0005515', 'GO:0003674', 'GO:0005102', 'GO:0005160', 'GO:0005488', 'GO:0005126'}"
GO:1902118,"{'GO:0005496', 'GO:0008289', 'GO:1902271', 'GO:0097159', 'GO:0003674', 'GO:0005499', 'GO:0036094', 'GO:0005488', 'GO:0019842'}"
GO:0005499,"{'GO:0097159', 'GO:0005496', 'GO:0008289', 'GO:0003674', 'GO:0036094', 'GO:0005488', 'GO:0019842'}"
GO:0090482,"{'GO:0003674', 'GO:0022857', 'GO:0005215'}"
GO:0047555,"{'GO:0004112', 'GO:0003824', 'GO:0004114', 'GO:0008081', 'GO:0016788', 'GO:0003674', 'GO:0016787', 'GO:0042578'}"
GO:0004114,"{'GO:0008081', 'GO:0004112', 'GO:0016788', 'GO:0003674', 'GO:0016787', 'GO:0042578', 'GO:0003824'}"
GO:0001228,"{'GO:0000981', 'GO:0003700', 'GO:0140110', 'GO:0003674', 'GO:0001216'}"
GO:0003700,"{'GO:0003674', 'GO:0140110'}"
GO:0000977,"{'GO:1990837', 'GO:0000976', 'GO:0003677', 'GO:0003690', 'GO:0043565', 'GO:0097159', 'GO:1901363', 'GO:0003674', 'GO:0001067', 'GO:0005488', 'GO:0003676'}"
GO:0016303,"{'GO:0016772', 'GO:0016740', 'GO:0003824', 'GO:0052742', 'GO:0016301', 'GO:0035004', 'GO:0003674', 'GO:0016773'}"
GO:0046935,"{'GO:0035014', 'GO:0003674', 'GO:0030234', 'GO:0019207', 'GO:0098772'}"
GO:0051117,"{'GO:0019899', 'GO:0005515', 'GO:0005488', 'GO:0003674'}"
GO:0043125,"{'GO:0005102', 'GO:0005515', 'GO:0005488', 'GO:0003674'}"
GO:0030331,"{'GO:0005515', 'GO:0140297', 'GO:0051427', 'GO:0005102', 'GO:0035257', 'GO:0016922', 'GO:0003674', 'GO:0061629', 'GO:0035258', 'GO:0005488', 'GO:0008134'}"
GO:0043559,"{'GO:0005515', 'GO:0017046', 'GO:0003674', 'GO:0033218', 'GO:0005488', 'GO:0042277', 'GO:0042562'}"
GO:0005158,"{'GO:0005515', 'GO:0003674', 'GO:0044877', 'GO:0005102', 'GO:0005488'}"
GO:0043560,"{'GO:0005515', 'GO:0005488', 'GO:0003674'}"
GO:0005159,"{'GO:0005102', 'GO:0005515', 'GO:0005488', 'GO:0003674'}"
GO:0005168,"{'GO:0005515', 'GO:0003674', 'GO:0005167', 'GO:0005102', 'GO:0005488', 'GO:0005165', 'GO:0005126'}"
GO:0035014,"{'GO:0003674', 'GO:0098772', 'GO:0030234', 'GO:0019207'}"
GO:0036312,"{'GO:0005515', 'GO:0005488', 'GO:0043548', 'GO:0003674'}"
GO:0001784,"{'GO:0005515', 'GO:0045309', 'GO:0003674', 'GO:0051219', 'GO:0005488'}"
GO:0005161,"{'GO:0005515', 'GO:0003674', 'GO:0005102', 'GO:0070851', 'GO:0005488'}"
GO:0008022,"{'GO:0005515', 'GO:0005488', 'GO:0003674'}"
GO:0030971,"{'GO:0019899', 'GO:0005515', 'GO:0005102', 'GO:0019901', 'GO:0003674', 'GO:0019900', 'GO:1990782', 'GO:0005488'}"
GO:0005102,"{'GO:0005515', 'GO:0005488', 'GO:0003674'}"
GO:0048185,"{'GO:0005488', 'GO:0044877', 'GO:0003674'}"
GO:0017002,"{'GO:0016772', 'GO:0004675', 'GO:0016740', 'GO:0003824', 'GO:0016301', 'GO:0019199', 'GO:0004672', 'GO:0003674', 'GO:0140096', 'GO:0016773', 'GO:0038023', 'GO:0004674', 'GO:0060089', 'GO:0004888'}"
GO:0098821,"{'GO:0016772', 'GO:0004675', 'GO:0016740', 'GO:0003824', 'GO:0016301', 'GO:0019199', 'GO:0004672', 'GO:0003674', 'GO:0140096', 'GO:0016773', 'GO:0038023', 'GO:0004674', 'GO:0060089', 'GO:0004888'}"
GO:0015026,"{'GO:0038023', 'GO:0003674', 'GO:0060089'}"
GO:0019838,"{'GO:0005515', 'GO:0005488', 'GO:0003674'}"
GO:0034711,"{'GO:0005515', 'GO:0005488', 'GO:0003674'}"
GO:0030165,"{'GO:0019904', 'GO:0005515', 'GO:0005488', 'GO:0003674'}"
GO:0043621,"{'GO:0005515', 'GO:0005488', 'GO:0003674'}"
GO:0004674,"{'GO:0016772', 'GO:0016740', 'GO:0003824', 'GO:0016301', 'GO:0004672', 'GO:0003674', 'GO:0140096', 'GO:0016773'}"
GO:0016410,"{'GO:0003674', 'GO:0016746', 'GO:0016740', 'GO:0016747', 'GO:0003824'}"
GO:0050291,"{'GO:0003674', 'GO:0016410', 'GO:0016746', 'GO:0016740', 'GO:0016747', 'GO:0003824'}"
GO:0052740,"{'GO:0003824', 'GO:0052689', 'GO:0004620', 'GO:0016788', 'GO:0003674', 'GO:0016787', 'GO:0016298'}"
GO:0047372,"{'GO:0003824', 'GO:0052689', 'GO:0016788', 'GO:0003674', 'GO:0016787', 'GO:0016298'}"
GO:0052689,"{'GO:0016788', 'GO:0016787', 'GO:0003674', 'GO:0003824'}"
GO:0035478,"{'GO:0071813', 'GO:0044877', 'GO:0071814', 'GO:0003674', 'GO:0005488'}"
GO:0043395,"{'GO:0005515', 'GO:0097367', 'GO:0003674', 'GO:1901681', 'GO:0043394', 'GO:0005488'}"
GO:0016298,"{'GO:0016788', 'GO:0016787', 'GO:0003674', 'GO:0003824'}"
GO:0004465,"{'GO:0004806', 'GO:0016788', 'GO:0003674', 'GO:0016787', 'GO:0003824', 'GO:0016298', 'GO:0052689'}"
GO:0030169,"{'GO:0071813', 'GO:0044877', 'GO:0071814', 'GO:0003674', 'GO:0005488'}"
GO:0004622,"{'GO:0003824', 'GO:0052689', 'GO:0004620', 'GO:0016788', 'GO:0003674', 'GO:0016787', 'GO:0016298'}"
GO:0102545,"{'GO:0016788', 'GO:0003674', 'GO:0016787', 'GO:0003824', 'GO:0052689'}"
GO:0052739,"{'GO:0003824', 'GO:0052689', 'GO:0004620', 'GO:0016788', 'GO:0003674', 'GO:0016787', 'GO:0016298'}"
GO:0008970,"{'GO:0003824', 'GO:0052689', 'GO:0004620', 'GO:0016788', 'GO:0003674', 'GO:0016787', 'GO:0016298'}"
GO:0004620,"{'GO:0016788', 'GO:0003674', 'GO:0016787', 'GO:0003824', 'GO:0016298'}"
GO:0016746,"{'GO:0016740', 'GO:0003824', 'GO:0003674'}"
GO:0004806,"{'GO:0003824', 'GO:0052689', 'GO:0016788', 'GO:0003674', 'GO:0016787', 'GO:0016298'}"
GO:0003696,"{'GO:1990837', 'GO:0003677', 'GO:0003690', 'GO:0043565', 'GO:0097159', 'GO:1901363', 'GO:0003674', 'GO:0005488', 'GO:0003676'}"
GO:0004167,"{'GO:0016860', 'GO:0003674', 'GO:0016853', 'GO:0003824', 'GO:0016863'}"
GO:0016491,"{'GO:0003824', 'GO:0003674'}"
GO:0071837,"{'GO:0019904', 'GO:0005515', 'GO:0005488', 'GO:0003674'}"
GO:0043565,"{'GO:0097159', 'GO:1901363', 'GO:0003677', 'GO:0003674', 'GO:0005488', 'GO:0003676'}"
GO:0008432,"{'GO:0019899', 'GO:0005515', 'GO:0003674', 'GO:0019900', 'GO:0005488', 'GO:0019901'}"
GO:0004715,"{'GO:0016772', 'GO:0004713', 'GO:0016740', 'GO:0003824', 'GO:0016301', 'GO:0004672', 'GO:0003674', 'GO:0140096', 'GO:0016773'}"
GO:0019902,"{'GO:0019899', 'GO:0005515', 'GO:0005488', 'GO:0003674'}"
GO:0043548,"{'GO:0005515', 'GO:0005488', 'GO:0003674'}"
GO:0004713,"{'GO:0016772', 'GO:0016740', 'GO:0003824', 'GO:0016301', 'GO:0004672', 'GO:0003674', 'GO:0140096', 'GO:0016773'}"
GO:0042169,"{'GO:0019904', 'GO:0005515', 'GO:0005488', 'GO:0003674'}"
GO:0019003,"{'GO:0032550', 'GO:1901265', 'GO:1901363', 'GO:0032553', 'GO:0001883', 'GO:0005488', 'GO:0043167', 'GO:0019001', 'GO:0032555', 'GO:0017076', 'GO:0043168', 'GO:0032549', 'GO:0001882', 'GO:0000166', 'GO:0097367', 'GO:0097159', 'GO:0003674', 'GO:0032561', 'GO:0036094'}"
GO:0005525,"{'GO:0032550', 'GO:1901265', 'GO:1901363', 'GO:0032553', 'GO:0001883', 'GO:0005488', 'GO:0043167', 'GO:0019001', 'GO:0032555', 'GO:0017076', 'GO:0043168', 'GO:0032549', 'GO:0001882', 'GO:0000166', 'GO:0035639', 'GO:0097367', 'GO:0097159', 'GO:0003674', 'GO:0032561', 'GO:0036094'}"
GO:0003924,"{'GO:0003674', 'GO:0016787', 'GO:0017111', 'GO:0016817', 'GO:0003824', 'GO:0016462', 'GO:0016818'}"
GO:0001540,"{'GO:0033218', 'GO:0005488', 'GO:0042277', 'GO:0003674'}"
GO:0005041,"{'GO:0030228', 'GO:0038024', 'GO:0003674'}"
GO:0030229,"{'GO:0030228', 'GO:0038024', 'GO:0003674'}"
GO:0036332,"{'GO:0016772', 'GO:0004714', 'GO:0016740', 'GO:0004713', 'GO:0003824', 'GO:0016301', 'GO:0019199', 'GO:0004672', 'GO:0003674', 'GO:0140096', 'GO:0016773', 'GO:0038023', 'GO:0060089', 'GO:0004888'}"
GO:0005021,"{'GO:0016772', 'GO:0004714', 'GO:0016740', 'GO:0004713', 'GO:0003824', 'GO:0016301', 'GO:0019199', 'GO:0004672', 'GO:0003674', 'GO:0140096', 'GO:0016773', 'GO:0038023', 'GO:0060089', 'GO:0004888'}"
GO:0036326,"{'GO:0016772', 'GO:0004714', 'GO:0016740', 'GO:0004713', 'GO:0003824', 'GO:0016301', 'GO:0019199', 'GO:0004672', 'GO:0003674', 'GO:0140096', 'GO:0016773', 'GO:0038023', 'GO:0060089', 'GO:0004888'}"
GO:0036327,"{'GO:0016772', 'GO:0004714', 'GO:0016740', 'GO:0004713', 'GO:0003824', 'GO:0016301', 'GO:0019199', 'GO:0004672', 'GO:0003674', 'GO:0140096', 'GO:0016773', 'GO:0038023', 'GO:0060089', 'GO:0004888'}"
GO:0036328,"{'GO:0016772', 'GO:0004714', 'GO:0016740', 'GO:0004713', 'GO:0003824', 'GO:0016301', 'GO:0019199', 'GO:0004672', 'GO:0003674', 'GO:0140096', 'GO:0016773', 'GO:0038023', 'GO:0060089', 'GO:0004888'}"
GO:0050840,"{'GO:0005488', 'GO:0003674'}"
GO:0031490,"{'GO:0003677', 'GO:0003682', 'GO:0097159', 'GO:1901363', 'GO:0003674', 'GO:0005488', 'GO:0003676'}"
GO:0031072,"{'GO:0005515', 'GO:0005488', 'GO:0003674'}"
GO:0051879,"{'GO:0031072', 'GO:0005515', 'GO:0005488', 'GO:0003674'}"
GO:0001162,"{'GO:0000976', 'GO:0043565', 'GO:1901363', 'GO:0001067', 'GO:0005488', 'GO:0003676', 'GO:1990837', 'GO:0003677', 'GO:0003690', 'GO:0000977', 'GO:0097159', 'GO:0003674', 'GO:0001161'}"
GO:0098847,"{'GO:0003677', 'GO:0003697', 'GO:0043565', 'GO:0097159', 'GO:1901363', 'GO:0003674', 'GO:0005488', 'GO:0003676'}"
GO:0097677,"{'GO:0005515', 'GO:0003674', 'GO:0061629', 'GO:0140297', 'GO:0005488', 'GO:0008134'}"
GO:0061770,"{'GO:0005515', 'GO:0005488', 'GO:0003674'}"
GO:0004386,"{'GO:0017111', 'GO:0016817', 'GO:0003824', 'GO:0016462', 'GO:0016887', 'GO:0003674', 'GO:0016787', 'GO:0016818'}"
GO:0035064,"{'GO:0005515', 'GO:0140030', 'GO:0042393', 'GO:0003674', 'GO:0005488', 'GO:0140034'}"
GO:0004571,"{'GO:0015923', 'GO:0016798', 'GO:0003824', 'GO:0004559', 'GO:0003674', 'GO:0015924', 'GO:0016787', 'GO:0004553'}"
GO:0035731,"{'GO:0005488', 'GO:0003674'}"
GO:0008144,"{'GO:0005488', 'GO:0003674'}"
GO:0043295,"{'GO:0043168', 'GO:1900750', 'GO:0043167', 'GO:0003674', 'GO:1901681', 'GO:0033218', 'GO:0005488', 'GO:0042277', 'GO:0072341'}"
GO:0004602,"{'GO:0003674', 'GO:0016684', 'GO:0003824', 'GO:0016491', 'GO:0016209', 'GO:0004601'}"
GO:0004364,"{'GO:0016740', 'GO:0016765', 'GO:0003824', 'GO:0003674'}"
GO:0035730,"{'GO:0005488', 'GO:1901681', 'GO:0003674'}"
GO:0008528,"{'GO:0003674', 'GO:0004930', 'GO:0038023', 'GO:0001653', 'GO:0060089', 'GO:0004888'}"
GO:0004996,"{'GO:0003674', 'GO:0016500', 'GO:0004930', 'GO:0038023', 'GO:0060089', 'GO:0004888'}"
GO:0070700,"{'GO:0005515', 'GO:0070696', 'GO:0003674', 'GO:0005102', 'GO:0005488', 'GO:0033612'}"
GO:0097110,"{'GO:0005515', 'GO:0005488', 'GO:0003674'}"
GO:0017124,"{'GO:0019904', 'GO:0005515', 'GO:0005488', 'GO:0003674'}"
GO:0004065,"{'GO:0008484', 'GO:0016788', 'GO:0003674', 'GO:0016787', 'GO:0003824'}"
GO:0004098,"{'GO:0008484', 'GO:0016788', 'GO:0003674', 'GO:0016787', 'GO:0003824'}"
GO:0008484,"{'GO:0016788', 'GO:0016787', 'GO:0003674', 'GO:0003824'}"
GO:0042805,"{'GO:0008092', 'GO:0005515', 'GO:0005488', 'GO:0003674'}"
GO:0061629,"{'GO:0005515', 'GO:0003674', 'GO:0140297', 'GO:0005488', 'GO:0008134'}"
GO:0008307,"{'GO:0003674', 'GO:0005198'}"
GO:0031433,"{'GO:0008092', 'GO:0005515', 'GO:0005488', 'GO:0003674'}"
GO:0033229,"{'GO:0046943', 'GO:1901682', 'GO:0015171', 'GO:0008324', 'GO:0015175', 'GO:0008509', 'GO:0022857', 'GO:0005342', 'GO:0008514', 'GO:0015318', 'GO:0015075', 'GO:0003674', 'GO:0005215', 'GO:0000099'}"
GO:0140010,"{'GO:0046943', 'GO:0005310', 'GO:0015171', 'GO:0042943', 'GO:0008509', 'GO:0005342', 'GO:0022857', 'GO:0005319', 'GO:0008514', 'GO:0015318', 'GO:0015075', 'GO:0003674', 'GO:0005215', 'GO:0015556'}"
GO:0016595,"{'GO:0031406', 'GO:0043168', 'GO:0043177', 'GO:0016597', 'GO:0003674', 'GO:0036094', 'GO:0005488', 'GO:0043167'}"
GO:0015501,"{'GO:0015293', 'GO:0005416', 'GO:0046943', 'GO:0022890', 'GO:0005343', 'GO:0022853', 'GO:0140161', 'GO:0015245', 'GO:0015318', 'GO:0015355', 'GO:0015075', 'GO:0046873', 'GO:0003674', 'GO:0015294', 'GO:0005283', 'GO:0015370', 'GO:0015081', 'GO:0015171', 'GO:0008324', 'GO:0008509', 'GO:0005342', 'GO:0022857', 'GO:0008028', 'GO:0005319', 'GO:0008514', 'GO:0022804', 'GO:0005215', 'GO:0015291'}"
GO:0005314,"{'GO:0015293', 'GO:0005416', 'GO:0046943', 'GO:0022890', 'GO:0005343', 'GO:0022853', 'GO:0140161', 'GO:0015172', 'GO:0015245', 'GO:0015318', 'GO:0015355', 'GO:0015075', 'GO:0046873', 'GO:0003674', 'GO:0015294', 'GO:0005283', 'GO:0015370', 'GO:0005313', 'GO:0015501', 'GO:0015081', 'GO:0015171', 'GO:0008324', 'GO:0008509', 'GO:0005342', 'GO:0022857', 'GO:0008028', 'GO:0005319', 'GO:0008514', 'GO:0015179', 'GO:0022804', 'GO:0005215', 'GO:0015291'}"
GO:0015183,"{'GO:0046943', 'GO:0005310', 'GO:0015172', 'GO:0015171', 'GO:0008509', 'GO:0005342', 'GO:0005319', 'GO:0022857', 'GO:0008514', 'GO:0015318', 'GO:0015179', 'GO:0015075', 'GO:0003674', 'GO:0005215', 'GO:0015556'}"
GO:0005313,"{'GO:0046943', 'GO:0015172', 'GO:0015171', 'GO:0015245', 'GO:0008509', 'GO:0005342', 'GO:0022857', 'GO:0008028', 'GO:0005319', 'GO:0008514', 'GO:0015318', 'GO:0015179', 'GO:0015075', 'GO:0003674', 'GO:0005215'}"
GO:0003684,"{'GO:0097159', 'GO:1901363', 'GO:0003677', 'GO:0003674', 'GO:0005488', 'GO:0003676'}"
GO:0031593,"{'GO:0005515', 'GO:0005488', 'GO:0140030', 'GO:0003674'}"
GO:0070628,"{'GO:0005488', 'GO:0044877', 'GO:0003674'}"
GO:0043130,"{'GO:0005515', 'GO:0005488', 'GO:0003674', 'GO:0032182'}"
GO:0030246,"{'GO:0005488', 'GO:0003674'}"
GO:0003725,"{'GO:0097159', 'GO:1901363', 'GO:0003674', 'GO:0005488', 'GO:0003676', 'GO:0003723'}"
GO:0038187,"{'GO:0038023', 'GO:0003674', 'GO:0060089'}"
GO:0003727,"{'GO:0097159', 'GO:1901363', 'GO:0003674', 'GO:0005488', 'GO:0003676', 'GO:0003723'}"
GO:0060698,"{'GO:0003674', 'GO:0008428', 'GO:0004857', 'GO:0030234', 'GO:0098772'}"
GO:0043024,"{'GO:0005488', 'GO:0044877', 'GO:0043021', 'GO:0003674'}"
GO:0003729,"{'GO:0097159', 'GO:1901363', 'GO:0003674', 'GO:0005488', 'GO:0003676', 'GO:0003723'}"
GO:0003735,"{'GO:0003674', 'GO:0005198'}"
GO:0005086,"{'GO:0003674', 'GO:0030234', 'GO:0060589', 'GO:0030695', 'GO:0098772'}"
GO:0070679,"{'GO:0043168', 'GO:0036094', 'GO:0003674', 'GO:0043178', 'GO:0005488', 'GO:0043167'}"
GO:0004033,"{'GO:0003674', 'GO:0003824', 'GO:0016491', 'GO:0016616', 'GO:0016614'}"
GO:0070402,"{'GO:0043168', 'GO:1901265', 'GO:0000166', 'GO:0097159', 'GO:1901363', 'GO:0003674', 'GO:0050661', 'GO:0036094', 'GO:0005488', 'GO:0043167'}"
GO:0015459,"{'GO:0099106', 'GO:0003674', 'GO:0098772', 'GO:0016247'}"
GO:0019887,"{'GO:0003674', 'GO:0098772', 'GO:0030234', 'GO:0019207'}"
GO:0043021,"{'GO:0005488', 'GO:0044877', 'GO:0003674'}"
GO:0008536,"{'GO:0051020', 'GO:0019899', 'GO:0005515', 'GO:0003674', 'GO:0005488'}"
GO:0120170,"{'GO:0005488', 'GO:0044877', 'GO:0003674'}"
GO:0004708,"{'GO:0016772', 'GO:0016740', 'GO:0003824', 'GO:0016301', 'GO:0004672', 'GO:0003674', 'GO:0140096', 'GO:0016773', 'GO:0004712'}"
GO:0035240,"{'GO:0043169', 'GO:0097159', 'GO:0003674', 'GO:1901338', 'GO:0005488', 'GO:0043167'}"
GO:0072544,"{'GO:0031406', 'GO:0043168', 'GO:0043177', 'GO:0016597', 'GO:0097159', 'GO:0003674', 'GO:0036094', 'GO:0005488', 'GO:0043167', 'GO:0072341'}"
GO:0035643,"{'GO:0001653', 'GO:0008528', 'GO:0003674', 'GO:0008188', 'GO:0004930', 'GO:0038023', 'GO:0060089', 'GO:0004888'}"
GO:0072545,"{'GO:0043177', 'GO:0097159', 'GO:0003674', 'GO:0036094', 'GO:0005488'}"
GO:0030274,"{'GO:0019904', 'GO:0005515', 'GO:0005488', 'GO:0003674'}"
GO:0003712,"{'GO:0003674', 'GO:0098772', 'GO:0140110'}"
GO:0001681,"{'GO:0016788', 'GO:0003674', 'GO:0016787', 'GO:0008126', 'GO:0034338', 'GO:0003824', 'GO:0052689'}"
GO:0003883,"{'GO:0003824', 'GO:0016879', 'GO:0003674', 'GO:0016874'}"
GO:0019955,"{'GO:0005515', 'GO:0005488', 'GO:0003674'}"
GO:0004896,"{'GO:0140375', 'GO:0003674', 'GO:0038023', 'GO:0060089', 'GO:0004888'}"
GO:0048306,"{'GO:0005515', 'GO:0005488', 'GO:0003674'}"
GO:0008429,"{'GO:0008289', 'GO:0005543', 'GO:0003674', 'GO:0005488'}"
GO:0044548,"{'GO:0005515', 'GO:0005488', 'GO:0003674'}"
GO:0140090,"{'GO:0008289', 'GO:0005488', 'GO:0003674'}"
GO:0001965,"{'GO:0005515', 'GO:0005488', 'GO:0003674'}"
GO:0005092,"{'GO:0003674', 'GO:0030234', 'GO:0060589', 'GO:0030695', 'GO:0098772'}"
GO:0032794,"{'GO:0005515', 'GO:0005488', 'GO:0003674'}"
GO:0030159,"{'GO:0003674', 'GO:0030674', 'GO:0060090', 'GO:0035591'}"
GO:0004937,"{'GO:0004936', 'GO:0003674', 'GO:0008227', 'GO:0004930', 'GO:0038023', 'GO:0004935', 'GO:0060089', 'GO:0004888'}"
GO:0086082,"{'GO:0098632', 'GO:0050839', 'GO:0005515', 'GO:0003674', 'GO:0086080', 'GO:0005488', 'GO:0098631'}"
GO:0071253,"{'GO:0005515', 'GO:0005488', 'GO:0003674'}"
GO:0005113,"{'GO:0005102', 'GO:0005515', 'GO:0005488', 'GO:0003674'}"
GO:0008233,"{'GO:0003674', 'GO:0016787', 'GO:0140096', 'GO:0003824'}"
GO:0019212,"{'GO:0030234', 'GO:0003674', 'GO:0004857', 'GO:0098772', 'GO:0019208'}"
GO:0048408,"{'GO:0005515', 'GO:0003674', 'GO:0019838', 'GO:0005488', 'GO:0042562'}"
GO:0005006,"{'GO:0016772', 'GO:0004714', 'GO:0016740', 'GO:0004713', 'GO:0003824', 'GO:0016301', 'GO:0019199', 'GO:0004672', 'GO:0003674', 'GO:0140096', 'GO:0016773', 'GO:0038023', 'GO:0060089', 'GO:0004888'}"
GO:0016301,"{'GO:0016740', 'GO:0016772', 'GO:0003824', 'GO:0003674'}"
GO:0030235,"{'GO:0003674', 'GO:0098772', 'GO:0030234'}"
GO:0071889,"{'GO:0005515', 'GO:0005488', 'GO:0003674'}"
GO:0004698,"{'GO:0016740', 'GO:0003824', 'GO:0016301', 'GO:0010857', 'GO:0009931', 'GO:0016772', 'GO:0004697', 'GO:0004672', 'GO:0003674', 'GO:0140096', 'GO:0016773', 'GO:0004674'}"
GO:0043274,"{'GO:0019899', 'GO:0005515', 'GO:0005488', 'GO:0003674'}"
GO:0004697,"{'GO:0016772', 'GO:0016740', 'GO:0003824', 'GO:0016301', 'GO:0004672', 'GO:0003674', 'GO:0140096', 'GO:0016773', 'GO:0004674'}"
GO:0001217,"{'GO:0003700', 'GO:0003674', 'GO:0140110'}"
GO:0015269,"{'GO:0022890', 'GO:0022839', 'GO:0005227', 'GO:0022836', 'GO:0008324', 'GO:0022857', 'GO:0015318', 'GO:0022803', 'GO:0005216', 'GO:0015075', 'GO:0015267', 'GO:0046873', 'GO:0003674', 'GO:0005261', 'GO:0005215', 'GO:0015079', 'GO:0005267'}"
GO:0060072,"{'GO:0022890', 'GO:0022839', 'GO:0005227', 'GO:0022836', 'GO:0008324', 'GO:0022857', 'GO:0015318', 'GO:0005267', 'GO:0015269', 'GO:0005216', 'GO:0015075', 'GO:0015267', 'GO:0046873', 'GO:0003674', 'GO:0005261', 'GO:0005215', 'GO:0015079', 'GO:0022803'}"
GO:0099507,"{'GO:0022834', 'GO:0015276', 'GO:0005216', 'GO:0015075', 'GO:0015267', 'GO:0022836', 'GO:0003674', 'GO:0022857', 'GO:0005215', 'GO:0015318', 'GO:0022803'}"
GO:0005267,"{'GO:0005216', 'GO:0022890', 'GO:0015075', 'GO:0015267', 'GO:0046873', 'GO:0003674', 'GO:0008324', 'GO:0005261', 'GO:0022857', 'GO:0005215', 'GO:0015079', 'GO:0015318', 'GO:0022803'}"
GO:0004190,"{'GO:0070001', 'GO:0003824', 'GO:0003674', 'GO:0016787', 'GO:0004175', 'GO:0140096', 'GO:0008233'}"
GO:0008745,"{'GO:0016811', 'GO:0016810', 'GO:0016787', 'GO:0003674', 'GO:0061783', 'GO:0003824'}"
GO:0042834,"{'GO:0005488', 'GO:0003674', 'GO:0005539', 'GO:0097367'}"
GO:0016019,"{'GO:0038023', 'GO:0003674', 'GO:0060089', 'GO:0038187'}"
GO:0003841,"{'GO:0008374', 'GO:0016746', 'GO:0016740', 'GO:0016747', 'GO:0003824', 'GO:0016411', 'GO:0003674', 'GO:0071617', 'GO:0042171'}"
GO:0004366,"{'GO:0003674', 'GO:0008374', 'GO:0016746', 'GO:0016740', 'GO:0016747', 'GO:0003824'}"
GO:0102420,"{'GO:0003674', 'GO:0016746', 'GO:0016740', 'GO:0016747', 'GO:0003824'}"
GO:0000146,"{'GO:0017111', 'GO:0016817', 'GO:0003824', 'GO:0016818', 'GO:0016462', 'GO:0003674', 'GO:0016787', 'GO:0003774'}"
GO:0042731,"{'GO:0019904', 'GO:0005515', 'GO:0005488', 'GO:0003674'}"
GO:0032093,"{'GO:0019904', 'GO:0005515', 'GO:0005488', 'GO:0003674'}"
GO:0005262,"{'GO:0005216', 'GO:0022890', 'GO:0015075', 'GO:0015267', 'GO:0015085', 'GO:0046873', 'GO:0003674', 'GO:0008324', 'GO:0005261', 'GO:0022857', 'GO:0005215', 'GO:0015318', 'GO:0022803'}"
GO:0005546,"{'GO:1901981', 'GO:0008289', 'GO:1902936', 'GO:0005543', 'GO:0043168', 'GO:0035091', 'GO:0003674', 'GO:0005488', 'GO:0043167'}"
GO:0070273,"{'GO:0035091', 'GO:1901981', 'GO:0008289', 'GO:0005543', 'GO:0003674', 'GO:0005488'}"
GO:0001786,"{'GO:0003674', 'GO:0005543', 'GO:0008289', 'GO:0005488', 'GO:0072341'}"
GO:0003697,"{'GO:0097159', 'GO:1901363', 'GO:0003677', 'GO:0003674', 'GO:0005488', 'GO:0003676'}"
GO:0042500,"{'GO:0070001', 'GO:0003824', 'GO:0004190', 'GO:0003674', 'GO:0016787', 'GO:0004175', 'GO:0140096', 'GO:0008233'}"
GO:0008276,"{'GO:0003674', 'GO:0140096', 'GO:0016740', 'GO:0003824', 'GO:0016741', 'GO:0008168'}"
GO:0008865,"{'GO:0016772', 'GO:0004396', 'GO:0016740', 'GO:0003824', 'GO:0016301', 'GO:0003674', 'GO:0016773', 'GO:0019200'}"
GO:0004340,"{'GO:0016772', 'GO:0004396', 'GO:0016740', 'GO:0003824', 'GO:0016301', 'GO:0003674', 'GO:0016773', 'GO:0019200'}"
GO:0005536,"{'GO:0003674', 'GO:0048029', 'GO:0036094', 'GO:0005488', 'GO:0030246'}"
GO:0004396,"{'GO:0016772', 'GO:0016740', 'GO:0003824', 'GO:0016301', 'GO:0003674', 'GO:0016773', 'GO:0019200'}"
GO:0042562,"{'GO:0005488', 'GO:0003674'}"
GO:0019158,"{'GO:0016772', 'GO:0004396', 'GO:0016740', 'GO:0003824', 'GO:0016301', 'GO:0003674', 'GO:0016773', 'GO:0019200'}"
GO:0031418,"{'GO:0031406', 'GO:0043168', 'GO:0043177', 'GO:0030246', 'GO:0003674', 'GO:0048029', 'GO:0036094', 'GO:0005488', 'GO:0043167', 'GO:0019842'}"
GO:0031544,"{'GO:0031543', 'GO:0051213', 'GO:0003824', 'GO:0016706', 'GO:0016705', 'GO:0003674', 'GO:0140096', 'GO:0016491'}"
GO:0031543,"{'GO:0051213', 'GO:0003824', 'GO:0016706', 'GO:0016705', 'GO:0003674', 'GO:0140096', 'GO:0016491'}"
GO:0070513,"{'GO:0019904', 'GO:0005515', 'GO:0005488', 'GO:0003674'}"
GO:0005068,"{'GO:0019899', 'GO:0005515', 'GO:0030159', 'GO:0035591', 'GO:0005102', 'GO:0019901', 'GO:0030971', 'GO:0003674', 'GO:0030674', 'GO:1990782', 'GO:0060090', 'GO:0019900', 'GO:0005488'}"
GO:0046332,"{'GO:0005515', 'GO:0005488', 'GO:0003674'}"
GO:0008234,"{'GO:0003674', 'GO:0016787', 'GO:0140096', 'GO:0008233', 'GO:0003824'}"
GO:0004843,"{'GO:0101005', 'GO:0003824', 'GO:0003674', 'GO:0008242', 'GO:0016787', 'GO:0140096', 'GO:0008233'}"
GO:0017112,"{'GO:0003674', 'GO:0030234', 'GO:0060589', 'GO:0030695', 'GO:0098772'}"
GO:0003950,"{'GO:0003674', 'GO:0016763', 'GO:0016740', 'GO:0016757', 'GO:0003824'}"
GO:1990404,"{'GO:0016763', 'GO:0016740', 'GO:0003824', 'GO:0016757', 'GO:0003674', 'GO:0140096'}"
GO:0047485,"{'GO:0005515', 'GO:0005488', 'GO:0003674'}"
GO:0042800,"{'GO:0042054', 'GO:0018024', 'GO:0016740', 'GO:0008757', 'GO:0003824', 'GO:0016279', 'GO:0016741', 'GO:0008168', 'GO:0008276', 'GO:0003674', 'GO:0016278', 'GO:0140096', 'GO:0008170'}"
GO:0003690,"{'GO:0097159', 'GO:1901363', 'GO:0003677', 'GO:0003674', 'GO:0005488', 'GO:0003676'}"
GO:0071933,"{'GO:0005488', 'GO:0044877', 'GO:0003674'}"
GO:0005547,"{'GO:1901981', 'GO:0008289', 'GO:0005543', 'GO:0043168', 'GO:0035091', 'GO:0003674', 'GO:0005488', 'GO:0043167'}"
GO:0048365,"{'GO:0051020', 'GO:0019899', 'GO:0005515', 'GO:0003674', 'GO:0005488'}"
GO:0017016,"{'GO:0051020', 'GO:0019899', 'GO:0005515', 'GO:0003674', 'GO:0005488'}"
GO:0017048,"{'GO:0051020', 'GO:0019899', 'GO:0005515', 'GO:0003674', 'GO:0005488'}"
GO:0003676,"{'GO:0097159', 'GO:1901363', 'GO:0003674', 'GO:0005488'}"
GO:0061654,"{'GO:0019788', 'GO:0016740', 'GO:0003824', 'GO:0061650', 'GO:0003674', 'GO:0019787', 'GO:0140096'}"
GO:0019788,"{'GO:0003674', 'GO:0019787', 'GO:0140096', 'GO:0016740', 'GO:0003824'}"
GO:0061631,"{'GO:0004842', 'GO:0016740', 'GO:0003824', 'GO:0003674', 'GO:0061650', 'GO:0019787', 'GO:0140096'}"
GO:0017137,"{'GO:0051020', 'GO:0019899', 'GO:0005515', 'GO:0003674', 'GO:0005488'}"
GO:0004521,"{'GO:0004540', 'GO:0003824', 'GO:0140098', 'GO:0003674', 'GO:0016788', 'GO:0016787', 'GO:0004519', 'GO:0004518'}"
GO:0030247,"{'GO:0005488', 'GO:0003674', 'GO:0030246'}"
GO:0005044,"{'GO:0038024', 'GO:0003674'}"
GO:0008236,"{'GO:0003674', 'GO:0016787', 'GO:0140096', 'GO:0008233', 'GO:0003824', 'GO:0017171'}"
GO:0004438,"{'GO:0003824', 'GO:0016791', 'GO:0052866', 'GO:0052744', 'GO:0016788', 'GO:0003674', 'GO:0016787', 'GO:0042578'}"
GO:0005275,"{'GO:0003674', 'GO:0008509', 'GO:0022857', 'GO:0005215', 'GO:0015075'}"
GO:0015226,"{'GO:0015075', 'GO:0072349', 'GO:0003674', 'GO:0008324', 'GO:0008509', 'GO:0022857', 'GO:0005215', 'GO:0015651', 'GO:0015101'}"
GO:0015101,"{'GO:0015075', 'GO:0003674', 'GO:0008324', 'GO:0008509', 'GO:0022857', 'GO:0005215'}"
GO:0004519,"{'GO:0016788', 'GO:0003674', 'GO:0016787', 'GO:0003824', 'GO:0004518'}"
GO:0032266,"{'GO:0035091', 'GO:1901981', 'GO:0008289', 'GO:0005543', 'GO:0003674', 'GO:0005488'}"
GO:0070182,"{'GO:0019899', 'GO:0005515', 'GO:0005488', 'GO:0003674'}"
GO:0042162,"{'GO:0097159', 'GO:1901363', 'GO:0003677', 'GO:0003674', 'GO:0005488', 'GO:0043565', 'GO:0003676'}"
GO:0051213,"{'GO:0003824', 'GO:0016491', 'GO:0003674'}"
GO:0071558,"{'GO:0003674', 'GO:0140096', 'GO:0032452', 'GO:0032451', 'GO:0003824', 'GO:0140457'}"
GO:0051537,"{'GO:0051540', 'GO:0005488', 'GO:0003674', 'GO:0051536'}"
GO:0004031,"{'GO:0003674', 'GO:0016903', 'GO:0016623', 'GO:0003824', 'GO:0016491'}"
GO:0009055,"{'GO:0003824', 'GO:0016491', 'GO:0003674'}"
GO:0071949,"{'GO:0043168', 'GO:1901265', 'GO:0000166', 'GO:0036094', 'GO:0097159', 'GO:1901363', 'GO:0003674', 'GO:0050660', 'GO:0005488', 'GO:0043167'}"
GO:0050660,"{'GO:0043168', 'GO:1901265', 'GO:0000166', 'GO:0097159', 'GO:1901363', 'GO:0003674', 'GO:0036094', 'GO:0005488', 'GO:0043167'}"
GO:0102797,"{'GO:0003674', 'GO:0016903', 'GO:0016623', 'GO:0003824', 'GO:0016491'}"
GO:0102798,"{'GO:0003674', 'GO:0016903', 'GO:0016623', 'GO:0003824', 'GO:0016491'}"
GO:0043546,"{'GO:0097159', 'GO:1901363', 'GO:0003674', 'GO:0005488'}"
GO:0051287,"{'GO:0097159', 'GO:1901363', 'GO:0003674', 'GO:1901265', 'GO:0036094', 'GO:0005488', 'GO:0000166'}"
GO:0050250,"{'GO:0003674', 'GO:0016903', 'GO:0016623', 'GO:0003824', 'GO:0016491'}"
GO:0004854,"{'GO:0003674', 'GO:0016726', 'GO:0003824', 'GO:0016491', 'GO:0016725'}"
GO:0008168,"{'GO:0016740', 'GO:0003824', 'GO:0016741', 'GO:0003674'}"
GO:0005109,"{'GO:0005515', 'GO:0003674', 'GO:0001664', 'GO:0005102', 'GO:0005488'}"
GO:0030674,"{'GO:0003674', 'GO:0060090'}"
GO:0050897,"{'GO:0003674', 'GO:0005488', 'GO:0043167', 'GO:0046872', 'GO:0043169', 'GO:0046914'}"
GO:0032183,"{'GO:0005515', 'GO:0005488', 'GO:0003674', 'GO:0032182'}"
GO:0140037,"{'GO:0005515', 'GO:0003674', 'GO:0140035', 'GO:0005488', 'GO:0140030'}"
GO:0035033,"{'GO:0003674', 'GO:0098772', 'GO:0030234'}"
GO:0042975,"{'GO:0005102', 'GO:0005515', 'GO:0005488', 'GO:0003674'}"
GO:0042974,"{'GO:0005515', 'GO:0140297', 'GO:0051427', 'GO:0005102', 'GO:0035257', 'GO:0003674', 'GO:0061629', 'GO:0005488', 'GO:0008134'}"
GO:0046965,"{'GO:0005515', 'GO:0140297', 'GO:0051427', 'GO:0005102', 'GO:0042974', 'GO:0035257', 'GO:0003674', 'GO:0061629', 'GO:0016922', 'GO:0005488', 'GO:0008134'}"
GO:0046966,"{'GO:0005515', 'GO:0140297', 'GO:0051427', 'GO:0005102', 'GO:0035257', 'GO:0003674', 'GO:0061629', 'GO:0005488', 'GO:0008134'}"
GO:0003714,"{'GO:0003674', 'GO:0098772', 'GO:0140110', 'GO:0003712'}"
GO:0043027,"{'GO:0043028', 'GO:0004869', 'GO:0030234', 'GO:0030414', 'GO:0003674', 'GO:0004866', 'GO:0004857', 'GO:0061135', 'GO:0061134', 'GO:0098772'}"
GO:0005261,"{'GO:0005216', 'GO:0022890', 'GO:0015075', 'GO:0015267', 'GO:0003674', 'GO:0008324', 'GO:0022857', 'GO:0005215', 'GO:0015318', 'GO:0022803'}"
GO:0015279,"{'GO:0005216', 'GO:0022890', 'GO:0015075', 'GO:0015267', 'GO:0015085', 'GO:0046873', 'GO:0003674', 'GO:0008324', 'GO:0005261', 'GO:0022857', 'GO:0005262', 'GO:0005215', 'GO:0015318', 'GO:0022803'}"
GO:0030276,"{'GO:0005515', 'GO:0005488', 'GO:0003674'}"
GO:0005216,"{'GO:0015075', 'GO:0015267', 'GO:0003674', 'GO:0022857', 'GO:0005215', 'GO:0015318', 'GO:0022803'}"
GO:0008266,"{'GO:0008187', 'GO:0097159', 'GO:1901363', 'GO:0003674', 'GO:0003727', 'GO:0005488', 'GO:0003676', 'GO:0003723'}"
GO:0004707,"{'GO:0016772', 'GO:0016740', 'GO:0003824', 'GO:0016301', 'GO:0004672', 'GO:0003674', 'GO:0140096', 'GO:0016773', 'GO:0004674'}"
GO:0035035,"{'GO:0019899', 'GO:0005515', 'GO:0005488', 'GO:0003674'}"
GO:0036033,"{'GO:0005488', 'GO:0044877', 'GO:0003674'}"
GO:0004962,"{'GO:0003674', 'GO:0004930', 'GO:0038023', 'GO:0001653', 'GO:0060089', 'GO:0008528', 'GO:0004888'}"
GO:0032454,"{'GO:0003674', 'GO:0140096', 'GO:0032452', 'GO:0032451', 'GO:0003824', 'GO:0140457'}"
GO:0042809,"{'GO:0005515', 'GO:0140297', 'GO:0051427', 'GO:0005102', 'GO:0035257', 'GO:0003674', 'GO:0061629', 'GO:0005488', 'GO:0008134'}"
GO:0035925,"{'GO:0003730', 'GO:0097159', 'GO:1901363', 'GO:0003674', 'GO:0005488', 'GO:0003729', 'GO:0003676', 'GO:0003723'}"
GO:0003730,"{'GO:0097159', 'GO:1901363', 'GO:0003674', 'GO:0005488', 'GO:0003729', 'GO:0003676', 'GO:0003723'}"
GO:0008143,"{'GO:0070717', 'GO:0097159', 'GO:1901363', 'GO:0003674', 'GO:0003727', 'GO:0005488', 'GO:0003676', 'GO:0003723'}"
GO:0097158,"{'GO:0036002', 'GO:0097159', 'GO:1901363', 'GO:0003674', 'GO:0097157', 'GO:0005488', 'GO:0003676', 'GO:0003723'}"
GO:0045182,{'GO:0003674'}
GO:0004705,"{'GO:0004707', 'GO:0016772', 'GO:0016740', 'GO:0003824', 'GO:0016301', 'GO:0004672', 'GO:0003674', 'GO:0140096', 'GO:0016773', 'GO:0004674'}"
GO:0008092,"{'GO:0005515', 'GO:0005488', 'GO:0003674'}"
GO:0001664,"{'GO:0005102', 'GO:0005515', 'GO:0005488', 'GO:0003674'}"
GO:0035255,"{'GO:0005515', 'GO:0003674', 'GO:0035254', 'GO:0005102', 'GO:0005488'}"
GO:0005080,"{'GO:0019899', 'GO:0005515', 'GO:0003674', 'GO:0019900', 'GO:0005488', 'GO:0019901'}"
GO:0005484,"{'GO:0003674', 'GO:0030674', 'GO:0060090'}"
GO:0017160,"{'GO:0051020', 'GO:0019899', 'GO:0005515', 'GO:0003674', 'GO:0005488'}"
GO:0042910,"{'GO:0003674', 'GO:0022857', 'GO:0005215'}"
GO:0046790,"{'GO:0005488', 'GO:0003674'}"
GO:0001085,"{'GO:0005515', 'GO:0003674', 'GO:0140297', 'GO:0005488', 'GO:0008134'}"
GO:0005078,"{'GO:0003674', 'GO:0030674', 'GO:0060090', 'GO:0035591'}"
GO:0060090,{'GO:0003674'}
GO:0043539,"{'GO:0019209', 'GO:0019887', 'GO:0030234', 'GO:0030295', 'GO:0008047', 'GO:0003674', 'GO:0019207', 'GO:0098772'}"
GO:0004712,"{'GO:0016772', 'GO:0016740', 'GO:0003824', 'GO:0016301', 'GO:0004672', 'GO:0003674', 'GO:0140096', 'GO:0016773'}"
GO:0004180,"{'GO:0003674', 'GO:0016787', 'GO:0008238', 'GO:0140096', 'GO:0008233', 'GO:0003824'}"
GO:0005518,"{'GO:0005488', 'GO:0044877', 'GO:0003674'}"
GO:0015631,"{'GO:0008092', 'GO:0005515', 'GO:0005488', 'GO:0003674'}"
GO:0005507,"{'GO:0003674', 'GO:0005488', 'GO:0043167', 'GO:0046872', 'GO:0043169', 'GO:0046914'}"
GO:0005375,"{'GO:0022890', 'GO:0015075', 'GO:0046873', 'GO:0008324', 'GO:0003674', 'GO:0022857', 'GO:0005215', 'GO:0015318', 'GO:0046915'}"
GO:0043682,"{'GO:0005375', 'GO:0022890', 'GO:0022853', 'GO:0008324', 'GO:0022857', 'GO:0140358', 'GO:0042626', 'GO:0015318', 'GO:0015075', 'GO:0046873', 'GO:0022804', 'GO:0019829', 'GO:0003674', 'GO:0005215', 'GO:0042625', 'GO:0015399', 'GO:0046915'}"
GO:0016361,"{'GO:0016772', 'GO:0004675', 'GO:0016740', 'GO:0003824', 'GO:0016301', 'GO:0019199', 'GO:0004672', 'GO:0003674', 'GO:0017002', 'GO:0140096', 'GO:0016773', 'GO:0038023', 'GO:0004674', 'GO:0060089', 'GO:0004888'}"
GO:0070411,"{'GO:0005515', 'GO:0005488', 'GO:0003674', 'GO:0046332'}"
GO:0050431,"{'GO:0005515', 'GO:0003674', 'GO:0019955', 'GO:0019838', 'GO:0005488'}"
GO:0005025,"{'GO:0016772', 'GO:0004675', 'GO:0005024', 'GO:0016740', 'GO:0003824', 'GO:0016301', 'GO:0019199', 'GO:0004672', 'GO:0003674', 'GO:0140096', 'GO:0016773', 'GO:0038023', 'GO:0004674', 'GO:0060089', 'GO:0004888'}"
GO:0005024,"{'GO:0016772', 'GO:0004675', 'GO:0016740', 'GO:0003824', 'GO:0016301', 'GO:0019199', 'GO:0004672', 'GO:0003674', 'GO:0140096', 'GO:0016773', 'GO:0038023', 'GO:0004674', 'GO:0060089', 'GO:0004888'}"
GO:0005225,"{'GO:0005216', 'GO:0015075', 'GO:0015267', 'GO:0003674', 'GO:0022857', 'GO:0005215', 'GO:0008509', 'GO:0015318', 'GO:0022803', 'GO:0005253', 'GO:0015103'}"
GO:0001530,"{'GO:0003674', 'GO:0008289', 'GO:0005488', 'GO:0097367'}"
GO:0051020,"{'GO:0019899', 'GO:0005515', 'GO:0005488', 'GO:0003674'}"
GO:0035091,"{'GO:0008289', 'GO:0005543', 'GO:0003674', 'GO:0005488'}"
GO:0008409,"{'GO:0016788', 'GO:0003674', 'GO:0016787', 'GO:0003824', 'GO:0004527', 'GO:0004518'}"
GO:0017108,"{'GO:0003824', 'GO:0004520', 'GO:0016788', 'GO:0004519', 'GO:0016893', 'GO:0004518', 'GO:0016888', 'GO:0140097', 'GO:0004536', 'GO:0003674', 'GO:0016787', 'GO:0048256'}"
GO:0070336,"{'GO:0097159', 'GO:1901363', 'GO:0003677', 'GO:0003674', 'GO:0005488', 'GO:0003676'}"
GO:0004528,"{'GO:0003824', 'GO:0008081', 'GO:0016788', 'GO:0003674', 'GO:0016787', 'GO:0042578', 'GO:0004527', 'GO:0004518'}"
GO:0140036,"{'GO:0005515', 'GO:0003674', 'GO:0140035', 'GO:0005488', 'GO:0140030'}"
GO:0031491,"{'GO:0003674', 'GO:0044877', 'GO:0003682', 'GO:0005488'}"
GO:0051018,"{'GO:0005515', 'GO:0005488', 'GO:0003674'}"
GO:0000993,"{'GO:0019899', 'GO:0005515', 'GO:0043175', 'GO:0003674', 'GO:0001099', 'GO:0005488', 'GO:0070063', 'GO:0001098'}"
GO:0050321,"{'GO:0016772', 'GO:0016740', 'GO:0003824', 'GO:0016301', 'GO:0004672', 'GO:0003674', 'GO:0140096', 'GO:0016773'}"
GO:0004965,"{'GO:0016917', 'GO:0003674', 'GO:0004930', 'GO:0038023', 'GO:0060089', 'GO:0004888'}"
GO:0035004,"{'GO:0016772', 'GO:0003674', 'GO:0016740', 'GO:0003824', 'GO:0016301'}"
GO:0052742,"{'GO:0016772', 'GO:0016740', 'GO:0003824', 'GO:0016301', 'GO:0003674', 'GO:0016773'}"
GO:0008047,"{'GO:0003674', 'GO:0098772', 'GO:0030234'}"
GO:0043022,"{'GO:0005488', 'GO:0044877', 'GO:0043021', 'GO:0003674'}"
GO:0050135,"{'GO:0003674', 'GO:0016787', 'GO:0016798', 'GO:0016799', 'GO:0003824'}"
GO:0061809,"{'GO:0003674', 'GO:0016787', 'GO:0003953', 'GO:0016798', 'GO:0016799', 'GO:0003824'}"
GO:0005496,"{'GO:0097159', 'GO:0008289', 'GO:0003674', 'GO:0005488'}"
GO:0004383,"{'GO:0003824', 'GO:0003674', 'GO:0016849', 'GO:0009975', 'GO:0016829'}"
GO:0001653,"{'GO:0038023', 'GO:0003674', 'GO:0060089'}"
GO:0031210,"{'GO:0008289', 'GO:0005543', 'GO:0043169', 'GO:0050997', 'GO:0003674', 'GO:0005488', 'GO:0043167'}"
GO:0008525,"{'GO:0005548', 'GO:0003674', 'GO:0005215', 'GO:0005319'}"
GO:0008526,"{'GO:0003674', 'GO:0120014', 'GO:0005215', 'GO:0005319', 'GO:0005548', 'GO:0120013'}"
GO:0080025,"{'GO:1901981', 'GO:0008289', 'GO:1902936', 'GO:0005543', 'GO:0043168', 'GO:0035091', 'GO:0003674', 'GO:0005488', 'GO:0043167'}"
GO:0034237,"{'GO:0005515', 'GO:0005488', 'GO:0051018', 'GO:0003674'}"
GO:0070491,"{'GO:0005515', 'GO:0003674', 'GO:0140297', 'GO:0005488', 'GO:0008134'}"
GO:0042887,"{'GO:0003674', 'GO:0022857', 'GO:0005215'}"
GO:0008559,"{'GO:0042910', 'GO:0022804', 'GO:0003674', 'GO:0022857', 'GO:0005215', 'GO:0140359', 'GO:0042626', 'GO:0015399'}"
GO:0015225,"{'GO:0046943', 'GO:1901682', 'GO:0015075', 'GO:0003674', 'GO:0042887', 'GO:0008509', 'GO:0005342', 'GO:0022857', 'GO:0008028', 'GO:0005215', 'GO:0008514', 'GO:0015318', 'GO:0090482'}"
GO:0015562,"{'GO:0003674', 'GO:0022857', 'GO:0005215'}"
GO:0032217,"{'GO:0015075', 'GO:0003674', 'GO:0008509', 'GO:0022857', 'GO:0005215', 'GO:0008514', 'GO:0090482'}"
GO:0015143,"{'GO:1901702', 'GO:0015075', 'GO:0003674', 'GO:0008324', 'GO:0008509', 'GO:0022857', 'GO:0005215', 'GO:0008514'}"
GO:0047186,"{'GO:0016413', 'GO:0008374', 'GO:0016746', 'GO:0016740', 'GO:0016747', 'GO:0003824', 'GO:0003674', 'GO:0016407'}"
GO:0008381,"{'GO:0005216', 'GO:0015075', 'GO:0015267', 'GO:0022836', 'GO:0003674', 'GO:0022857', 'GO:0005215', 'GO:0015318', 'GO:0022803'}"
GO:0015485,"{'GO:0005496', 'GO:0032934', 'GO:0008289', 'GO:0036094', 'GO:0097159', 'GO:0003674', 'GO:0043178', 'GO:0005488'}"
GO:0070300,"{'GO:0008289', 'GO:0043168', 'GO:0005543', 'GO:0003674', 'GO:0005488', 'GO:0043167'}"
GO:0016524,"{'GO:0038023', 'GO:0003674', 'GO:0060089', 'GO:0004888'}"
GO:0015643,"{'GO:0005488', 'GO:0003674'}"
GO:1990244,"{'GO:0016772', 'GO:0016740', 'GO:0003824', 'GO:0016301', 'GO:0004672', 'GO:0004674', 'GO:0003674', 'GO:0140096', 'GO:0016773', 'GO:0035184', 'GO:0035173'}"
GO:0005545,"{'GO:0035091', 'GO:0008289', 'GO:0005543', 'GO:0003674', 'GO:0005488'}"
GO:0035198,"{'GO:0097159', 'GO:1901363', 'GO:0003674', 'GO:0003676', 'GO:0005488', 'GO:0061980', 'GO:0003723'}"
GO:0015252,"{'GO:0005216', 'GO:0022890', 'GO:0015075', 'GO:0015267', 'GO:0003674', 'GO:0008324', 'GO:0005261', 'GO:0022857', 'GO:0005215', 'GO:0015078', 'GO:0015318', 'GO:0022803'}"
GO:0004573,"{'GO:0003674', 'GO:0015926', 'GO:0016787', 'GO:0004553', 'GO:0016798', 'GO:0003824'}"
GO:0005245,"{'GO:0022890', 'GO:0022843', 'GO:0022836', 'GO:0008324', 'GO:0022857', 'GO:0005262', 'GO:0015318', 'GO:0022832', 'GO:0005216', 'GO:0015075', 'GO:0015267', 'GO:0015085', 'GO:0046873', 'GO:0003674', 'GO:0005244', 'GO:0005261', 'GO:0005215', 'GO:0022803'}"
GO:0004867,"{'GO:0030234', 'GO:0030414', 'GO:0004866', 'GO:0003674', 'GO:0004857', 'GO:0061135', 'GO:0061134', 'GO:0098772'}"
GO:0017166,"{'GO:0008092', 'GO:0005515', 'GO:0005488', 'GO:0003674'}"
GO:0000339,"{'GO:0097159', 'GO:1901363', 'GO:0003674', 'GO:0005488', 'GO:0003676', 'GO:0003723'}"
GO:0003743,"{'GO:0008135', 'GO:0090079', 'GO:0097159', 'GO:1901363', 'GO:0003674', 'GO:0045182', 'GO:0005488', 'GO:0003676', 'GO:0003723'}"
GO:0004706,"{'GO:0016772', 'GO:0016740', 'GO:0003824', 'GO:0016301', 'GO:0004672', 'GO:0004674', 'GO:0003674', 'GO:0140096', 'GO:0016773', 'GO:0004709'}"
GO:0031434,"{'GO:0019899', 'GO:0005515', 'GO:0003674', 'GO:0019900', 'GO:0005488', 'GO:0019901'}"
GO:0031435,"{'GO:0019899', 'GO:0005515', 'GO:0003674', 'GO:0019900', 'GO:0005488', 'GO:0019901'}"
GO:0034235,"{'GO:0008289', 'GO:0005543', 'GO:0097367', 'GO:0051861', 'GO:0035091', 'GO:0003674', 'GO:0005488'}"
GO:0062050,"{'GO:0008081', 'GO:0016788', 'GO:0003674', 'GO:0016787', 'GO:0042578', 'GO:0003824'}"
GO:0030145,"{'GO:0003674', 'GO:0005488', 'GO:0043167', 'GO:0046872', 'GO:0043169', 'GO:0046914'}"
GO:0000406,"{'GO:0097159', 'GO:1901363', 'GO:0003677', 'GO:0003674', 'GO:0000217', 'GO:0005488', 'GO:0003676'}"
GO:0001103,"{'GO:0005515', 'GO:0140297', 'GO:0070491', 'GO:0003674', 'GO:0061629', 'GO:0005488', 'GO:0008134'}"
GO:0000014,"{'GO:0003824', 'GO:0140097', 'GO:0004520', 'GO:0004536', 'GO:0016788', 'GO:0004519', 'GO:0003674', 'GO:0016787', 'GO:0004518'}"
GO:0000403,"{'GO:0097159', 'GO:1901363', 'GO:0003677', 'GO:0003674', 'GO:0000217', 'GO:0005488', 'GO:0003676'}"
GO:0004740,"{'GO:0016772', 'GO:0016740', 'GO:0003824', 'GO:0016301', 'GO:0004672', 'GO:0003674', 'GO:0140096', 'GO:0016773'}"
GO:0005326,"{'GO:0003674', 'GO:0022857', 'GO:0005215'}"
GO:0015293,"{'GO:0003674', 'GO:0022857', 'GO:0005215', 'GO:0015291', 'GO:0022804'}"
GO:0019888,"{'GO:0003674', 'GO:0098772', 'GO:0030234', 'GO:0019208'}"
GO:0004816,"{'GO:0003674', 'GO:0140101', 'GO:0016874', 'GO:0016875', 'GO:0003824', 'GO:0004812', 'GO:0140098'}"
GO:0008457,"{'GO:0016758', 'GO:0003674', 'GO:0008375', 'GO:0016740', 'GO:0016757', 'GO:0008194', 'GO:0003824'}"
GO:0047256,"{'GO:0016758', 'GO:0003674', 'GO:0008375', 'GO:0016740', 'GO:0016757', 'GO:0008194', 'GO:0003824'}"
GO:0005254,"{'GO:0005216', 'GO:0015075', 'GO:0015267', 'GO:0003674', 'GO:0008509', 'GO:0022857', 'GO:0005215', 'GO:0015108', 'GO:0015318', 'GO:0022803', 'GO:0005253', 'GO:0015103'}"
GO:0031749,"{'GO:0005515', 'GO:0003674', 'GO:0050780', 'GO:0001664', 'GO:0005102', 'GO:0005488'}"
GO:0031750,"{'GO:0005515', 'GO:0003674', 'GO:0050780', 'GO:0001664', 'GO:0005102', 'GO:0005488'}"
GO:0031751,"{'GO:0005515', 'GO:0003674', 'GO:0050780', 'GO:0001664', 'GO:0005102', 'GO:0005488'}"
GO:0005244,"{'GO:0022832', 'GO:0015075', 'GO:0015267', 'GO:0022836', 'GO:0003674', 'GO:0022857', 'GO:0005215', 'GO:0022803'}"
GO:1905762,"{'GO:0005488', 'GO:0044877', 'GO:0003674'}"
GO:1903231,"{'GO:0003676', 'GO:0097159', 'GO:1901363', 'GO:0003674', 'GO:0005488', 'GO:0150100', 'GO:0003729', 'GO:0003723'}"
GO:0015095,"{'GO:0022890', 'GO:0015075', 'GO:0046873', 'GO:0008324', 'GO:0003674', 'GO:0022857', 'GO:0005215', 'GO:0015318'}"
GO:0004449,"{'GO:0003674', 'GO:0004448', 'GO:0003824', 'GO:0016491', 'GO:0016616', 'GO:0016614'}"
GO:0004559,"{'GO:0015923', 'GO:0003674', 'GO:0016787', 'GO:0004553', 'GO:0016798', 'GO:0003824'}"
GO:0016799,"{'GO:0003824', 'GO:0016787', 'GO:0003674', 'GO:0016798'}"
GO:0015923,"{'GO:0003674', 'GO:0016787', 'GO:0004553', 'GO:0016798', 'GO:0003824'}"
GO:0004572,"{'GO:0015923', 'GO:0016798', 'GO:0003824', 'GO:0004559', 'GO:0003674', 'GO:0015924', 'GO:0016787', 'GO:0004553'}"
GO:0008308,"{'GO:0022832', 'GO:0005216', 'GO:0015075', 'GO:0015267', 'GO:0022836', 'GO:0003674', 'GO:0005244', 'GO:0022857', 'GO:0005215', 'GO:0008509', 'GO:0015318', 'GO:0022803', 'GO:0005253', 'GO:0015103'}"
GO:0005452,"{'GO:0015075', 'GO:0022853', 'GO:0022804', 'GO:0003674', 'GO:0008509', 'GO:0022857', 'GO:0005215', 'GO:0015291', 'GO:0015318', 'GO:0015103'}"
GO:0008510,"{'GO:0140410', 'GO:0015293', 'GO:0015081', 'GO:0022890', 'GO:0022853', 'GO:0015106', 'GO:0008324', 'GO:0022857', 'GO:0008509', 'GO:0008514', 'GO:0015318', 'GO:0015075', 'GO:0046873', 'GO:0022804', 'GO:0003674', 'GO:0005215', 'GO:0015294', 'GO:0015291', 'GO:0015370'}"
GO:0008519,"{'GO:0008324', 'GO:0003674', 'GO:0022857', 'GO:0005215', 'GO:0022890', 'GO:0015075', 'GO:0015318'}"
GO:0030506,"{'GO:0008092', 'GO:0005515', 'GO:0005488', 'GO:0003674'}"
GO:0042277,"{'GO:0033218', 'GO:0005488', 'GO:0003674'}"
GO:0047389,"{'GO:0008081', 'GO:0016788', 'GO:0003674', 'GO:0016787', 'GO:0042578', 'GO:0003824'}"
GO:0008889,"{'GO:0008081', 'GO:0016788', 'GO:0003674', 'GO:0016787', 'GO:0042578', 'GO:0003824'}"
GO:2001070,"{'GO:0005488', 'GO:0003674', 'GO:0030247', 'GO:0030246'}"
GO:0003774,"{'GO:0003674', 'GO:0016787', 'GO:0017111', 'GO:0016817', 'GO:0003824', 'GO:0016462', 'GO:0016818'}"
GO:0005179,"{'GO:0005515', 'GO:0005102', 'GO:0048018', 'GO:0003674', 'GO:0030545', 'GO:0030546', 'GO:0005488', 'GO:0098772'}"
GO:1990763,"{'GO:0005515', 'GO:0005488', 'GO:0003674'}"
GO:0045236,"{'GO:0042379', 'GO:0005515', 'GO:0003674', 'GO:0001664', 'GO:0005102', 'GO:0005488', 'GO:0005126'}"
GO:0016874,"{'GO:0003824', 'GO:0003674'}"
GO:0044389,"{'GO:0019899', 'GO:0005515', 'GO:0005488', 'GO:0003674'}"
GO:0016740,"{'GO:0003824', 'GO:0003674'}"
GO:0032934,"{'GO:0097159', 'GO:0005496', 'GO:0008289', 'GO:0003674', 'GO:0005488'}"
GO:0015248,"{'GO:0003674', 'GO:0005215', 'GO:0005319'}"
GO:0043139,"{'GO:0017111', 'GO:0016817', 'GO:0003824', 'GO:0004386', 'GO:0140097', 'GO:0016462', 'GO:0016887', 'GO:0003674', 'GO:0016787', 'GO:0003678', 'GO:0016818'}"
GO:0050333,"{'GO:0003674', 'GO:0016787', 'GO:0017111', 'GO:0016817', 'GO:0003824', 'GO:0016462', 'GO:0016818'}"
GO:0008988,"{'GO:0016740', 'GO:0003824', 'GO:0008649', 'GO:0008170', 'GO:0016433', 'GO:0008757', 'GO:0016741', 'GO:0008173', 'GO:0008168', 'GO:0140098', 'GO:0003674', 'GO:0140102'}"
GO:1904047,"{'GO:0043169', 'GO:0003674', 'GO:1901681', 'GO:0005488', 'GO:0043167'}"
GO:0035612,"{'GO:0005488', 'GO:0044877', 'GO:0003674'}"
GO:0017022,"{'GO:0008092', 'GO:0005515', 'GO:0005488', 'GO:0003674'}"
GO:0045159,"{'GO:0008092', 'GO:0005515', 'GO:0003674', 'GO:0017022', 'GO:0005488'}"
GO:0019905,"{'GO:0005515', 'GO:0005488', 'GO:0003674', 'GO:0000149'}"
GO:0017075,"{'GO:0019905', 'GO:0005515', 'GO:0003674', 'GO:0000149', 'GO:0005488'}"
GO:0009383,"{'GO:0016740', 'GO:0003824', 'GO:0008649', 'GO:0008757', 'GO:0016434', 'GO:0016741', 'GO:0008173', 'GO:0008168', 'GO:0140098', 'GO:0003674', 'GO:0008169', 'GO:0140102'}"
GO:0043325,"{'GO:0005488', 'GO:0043168', 'GO:0003674', 'GO:0043167'}"
GO:0019871,"{'GO:0099106', 'GO:0016247', 'GO:0008200', 'GO:0017080', 'GO:0003674', 'GO:0098772', 'GO:0016248'}"
GO:0004435,"{'GO:0003824', 'GO:0004620', 'GO:0008081', 'GO:0004629', 'GO:0016788', 'GO:0003674', 'GO:0016787', 'GO:0042578', 'GO:0016298'}"
GO:0004629,"{'GO:0003824', 'GO:0004620', 'GO:0008081', 'GO:0016788', 'GO:0003674', 'GO:0016787', 'GO:0042578', 'GO:0016298'}"
GO:0003919,"{'GO:0016772', 'GO:0003674', 'GO:0016779', 'GO:0016740', 'GO:0003824', 'GO:0070566'}"
GO:0000149,"{'GO:0005515', 'GO:0005488', 'GO:0003674'}"
GO:0017049,"{'GO:0051020', 'GO:0019899', 'GO:0005515', 'GO:0003674', 'GO:0005488'}"
GO:0016503,"{'GO:0003674', 'GO:0004930', 'GO:0038023', 'GO:0060089', 'GO:0004888'}"
GO:0050693,"{'GO:0019904', 'GO:0005515', 'GO:0005488', 'GO:0003674'}"
GO:0005537,"{'GO:0003674', 'GO:0048029', 'GO:0036094', 'GO:0005488', 'GO:0030246'}"
GO:0008253,"{'GO:0016791', 'GO:0016788', 'GO:0003674', 'GO:0016787', 'GO:0042578', 'GO:0003824', 'GO:0008252'}"
GO:0016979,"{'GO:0016772', 'GO:0016874', 'GO:0016740', 'GO:0003824', 'GO:0003674', 'GO:0140096', 'GO:0016779', 'GO:0016879'}"
GO:0017118,"{'GO:0003674', 'GO:0016746', 'GO:0016740', 'GO:0016747', 'GO:0003824'}"
GO:0080030,"{'GO:0016788', 'GO:0003674', 'GO:0016787', 'GO:0003824', 'GO:0052689'}"
GO:0004771,"{'GO:0003824', 'GO:0052689', 'GO:0016788', 'GO:0003674', 'GO:0016787', 'GO:0016298'}"
GO:0016811,"{'GO:0016810', 'GO:0016787', 'GO:0003674', 'GO:0003824'}"
GO:0051082,"{'GO:0005515', 'GO:0005488', 'GO:0003674'}"
GO:0004984,"{'GO:0038023', 'GO:0003674', 'GO:0060089', 'GO:0004888'}"
GO:0070740,"{'GO:0003674', 'GO:0016874', 'GO:0070739', 'GO:0140096', 'GO:0003824', 'GO:0016879', 'GO:0016881'}"
GO:0008327,"{'GO:0003677', 'GO:1901265', 'GO:0000166', 'GO:0043565', 'GO:0097159', 'GO:1901363', 'GO:0003674', 'GO:0036094', 'GO:0005488', 'GO:0003676'}"
GO:0005381,"{'GO:0022890', 'GO:0015075', 'GO:0046873', 'GO:0008324', 'GO:0003674', 'GO:0022857', 'GO:0005215', 'GO:0015318', 'GO:0046915'}"
GO:0005166,"{'GO:0005515', 'GO:0003674', 'GO:0005102', 'GO:0005488', 'GO:0005165', 'GO:0005126'}"
GO:0022839,"{'GO:0022836', 'GO:0003674', 'GO:0022857', 'GO:0005215', 'GO:0015267', 'GO:0022803'}"
GO:0015280,"{'GO:0015276', 'GO:0022890', 'GO:0015081', 'GO:0022836', 'GO:0008324', 'GO:0022857', 'GO:0015318', 'GO:0005272', 'GO:0099094', 'GO:0022834', 'GO:0005216', 'GO:0015075', 'GO:0015267', 'GO:0046873', 'GO:0003674', 'GO:0005261', 'GO:0005215', 'GO:0022803'}"
GO:0005248,"{'GO:0005216', 'GO:0022890', 'GO:0015075', 'GO:0015081', 'GO:0015267', 'GO:0046873', 'GO:0015318', 'GO:0003674', 'GO:0008324', 'GO:0005261', 'GO:0022857', 'GO:0005215', 'GO:0005272', 'GO:0022803'}"
GO:0003724,"{'GO:0017111', 'GO:0016817', 'GO:0003824', 'GO:0004386', 'GO:0016462', 'GO:0140098', 'GO:0016887', 'GO:0003674', 'GO:0016787', 'GO:0016818'}"
GO:0036374,"{'GO:0070003', 'GO:0003824', 'GO:0003674', 'GO:0008242', 'GO:0016787', 'GO:0140096', 'GO:0008233'}"
GO:0102953,"{'GO:0003674', 'GO:0016740', 'GO:0016755', 'GO:0140096', 'GO:0016746', 'GO:0003824'}"
GO:0103068,"{'GO:0003674', 'GO:0016740', 'GO:0016755', 'GO:0140096', 'GO:0016746', 'GO:0003824'}"
GO:0000048,"{'GO:0003674', 'GO:0016740', 'GO:0016755', 'GO:0140096', 'GO:0016746', 'GO:0003824'}"
GO:0001226,"{'GO:0005515', 'GO:0001224', 'GO:0003674', 'GO:0001222', 'GO:0001221', 'GO:0005488', 'GO:0008134'}"
GO:0003726,"{'GO:0004000', 'GO:0003674', 'GO:0016810', 'GO:0019239', 'GO:0016787', 'GO:0003824', 'GO:0016814'}"
GO:0003692,"{'GO:0097159', 'GO:1901363', 'GO:0003677', 'GO:0003674', 'GO:0003690', 'GO:0005488', 'GO:0003676'}"
GO:0008251,"{'GO:0004000', 'GO:0003674', 'GO:0016810', 'GO:0019239', 'GO:0016787', 'GO:0003824', 'GO:0016814'}"
GO:0046975,"{'GO:0042054', 'GO:0018024', 'GO:0016740', 'GO:0008757', 'GO:0003824', 'GO:0016279', 'GO:0016741', 'GO:0008168', 'GO:0008276', 'GO:0003674', 'GO:0016278', 'GO:0140096', 'GO:0008170'}"
GO:0030898,"{'GO:0017111', 'GO:0016817', 'GO:0003824', 'GO:0016462', 'GO:0016887', 'GO:0003674', 'GO:0016787', 'GO:0016818'}"
GO:0003865,"{'GO:0003674', 'GO:0016627', 'GO:0016229', 'GO:0033765', 'GO:0016491', 'GO:0003824'}"
GO:0033218,"{'GO:0005488', 'GO:0003674'}"
GO:0047751,"{'GO:0003674', 'GO:0016628', 'GO:0016627', 'GO:0003824', 'GO:0016491', 'GO:0035671'}"
GO:0009917,"{'GO:0016491', 'GO:0003824', 'GO:0016627', 'GO:0003674'}"
GO:0030283,"{'GO:0003674', 'GO:0016229', 'GO:0033764', 'GO:0003824', 'GO:0016491', 'GO:0016616', 'GO:0016614'}"
GO:0036435,"{'GO:0005515', 'GO:0003674', 'GO:0031593', 'GO:0005488', 'GO:0140030'}"
GO:0004849,"{'GO:0016772', 'GO:0003674', 'GO:0019206', 'GO:0016740', 'GO:0003824', 'GO:0016301', 'GO:0019205'}"
GO:0001164,"{'GO:0000976', 'GO:0043565', 'GO:1901363', 'GO:0001067', 'GO:0005488', 'GO:0003676', 'GO:1990837', 'GO:0003677', 'GO:0003690', 'GO:0001163', 'GO:0097159', 'GO:0003674', 'GO:0001046'}"
GO:0004722,"{'GO:0003824', 'GO:0016791', 'GO:0004721', 'GO:0016788', 'GO:0003674', 'GO:0016787', 'GO:0140096', 'GO:0042578'}"
GO:0090541,"{'GO:0019904', 'GO:0005515', 'GO:0005488', 'GO:0003674'}"
GO:0031681,"{'GO:0005515', 'GO:0005488', 'GO:0003674'}"
GO:0050567,"{'GO:0003674', 'GO:0140101', 'GO:0016884', 'GO:0016874', 'GO:0003824', 'GO:0016879', 'GO:0140098'}"
GO:0043015,"{'GO:0008092', 'GO:0005515', 'GO:0003674', 'GO:0015631', 'GO:0005488'}"
GO:0004890,"{'GO:0003674', 'GO:0060089', 'GO:0038023', 'GO:0016917', 'GO:0004888'}"
GO:0022851,"{'GO:0015276', 'GO:0005254', 'GO:0022836', 'GO:0015318', 'GO:0004888', 'GO:0022835', 'GO:0005216', 'GO:0015075', 'GO:0099095', 'GO:0015267', 'GO:0005230', 'GO:0030594', 'GO:0003674', 'GO:0015108', 'GO:0022803', 'GO:0015103', 'GO:0022824', 'GO:0008509', 'GO:0022857', 'GO:0005253', 'GO:0022834', 'GO:0005215', 'GO:0060089', 'GO:0038023', 'GO:0016917'}"
GO:0005237,"{'GO:0022834', 'GO:0015276', 'GO:0005216', 'GO:0015075', 'GO:0015267', 'GO:0005230', 'GO:0022836', 'GO:0003674', 'GO:0022857', 'GO:0005215', 'GO:0015318', 'GO:0022803'}"
GO:0030594,"{'GO:0038023', 'GO:0003674', 'GO:0060089'}"
GO:1904315,"{'GO:0099529', 'GO:0015276', 'GO:0022824', 'GO:0022836', 'GO:0022857', 'GO:0015318', 'GO:0022835', 'GO:0022834', 'GO:0098960', 'GO:0005216', 'GO:0015075', 'GO:0015267', 'GO:0005230', 'GO:0030594', 'GO:0003674', 'GO:0005215', 'GO:0038023', 'GO:0060089', 'GO:0022803'}"
GO:0003755,"{'GO:0003674', 'GO:0016859', 'GO:0140096', 'GO:0016853', 'GO:0003824'}"
GO:0034450,"{'GO:0004842', 'GO:0016740', 'GO:0003824', 'GO:0061630', 'GO:0003674', 'GO:0019787', 'GO:0140096', 'GO:0061659'}"
GO:0043531,"{'GO:0043168', 'GO:1901265', 'GO:0000166', 'GO:0032559', 'GO:0097367', 'GO:0097159', 'GO:1901363', 'GO:0003674', 'GO:0032553', 'GO:0030554', 'GO:0036094', 'GO:0005488', 'GO:0043167', 'GO:0032555', 'GO:0017076'}"
GO:0016208,"{'GO:0043168', 'GO:1901265', 'GO:0000166', 'GO:0032559', 'GO:0043169', 'GO:0097367', 'GO:0097159', 'GO:1901363', 'GO:0003674', 'GO:0032553', 'GO:0030554', 'GO:0036094', 'GO:0005488', 'GO:0043167', 'GO:0032555', 'GO:0017076'}"
GO:0004749,"{'GO:0016772', 'GO:0003674', 'GO:0016740', 'GO:0003824', 'GO:0016778'}"
GO:0016805,"{'GO:0003674', 'GO:0016787', 'GO:0008238', 'GO:0140096', 'GO:0008233', 'GO:0003824'}"
GO:0070573,"{'GO:0016805', 'GO:0008238', 'GO:0003824', 'GO:0003674', 'GO:0008235', 'GO:0016787', 'GO:0140096', 'GO:0008233', 'GO:0008237'}"
GO:0070733,"{'GO:0016772', 'GO:0003674', 'GO:0016779', 'GO:0016740', 'GO:0003824', 'GO:0070566'}"
GO:0004169,"{'GO:0016740', 'GO:0003824', 'GO:0016757', 'GO:0000030', 'GO:0003674', 'GO:0016758', 'GO:0140096'}"
GO:0003846,"{'GO:0003674', 'GO:0008374', 'GO:0016746', 'GO:0016740', 'GO:0016747', 'GO:0016411', 'GO:0003824'}"
GO:0004144,"{'GO:0003674', 'GO:0008374', 'GO:0016746', 'GO:0016740', 'GO:0016747', 'GO:0016411', 'GO:0003824'}"
GO:0008374,"{'GO:0003674', 'GO:0016746', 'GO:0016740', 'GO:0016747', 'GO:0003824'}"
GO:0050252,"{'GO:0003674', 'GO:0008374', 'GO:0016746', 'GO:0016740', 'GO:0016747', 'GO:0003824'}"
GO:1902387,"{'GO:0097001', 'GO:0008289', 'GO:0043168', 'GO:0005543', 'GO:0003674', 'GO:0033218', 'GO:0005488', 'GO:0043167', 'GO:0046625'}"
GO:0097001,"{'GO:0008289', 'GO:0003674', 'GO:0033218', 'GO:0005488', 'GO:0046625'}"
GO:0120017,"{'GO:0046624', 'GO:0003674', 'GO:0005215', 'GO:0005319', 'GO:0120016', 'GO:0120013'}"
GO:0002046,"{'GO:0005515', 'GO:0005488', 'GO:0003674'}"
GO:0005539,"{'GO:0005488', 'GO:0003674', 'GO:0097367'}"
GO:0047394,"{'GO:0008081', 'GO:0016788', 'GO:0003674', 'GO:0016787', 'GO:0042578', 'GO:0003824'}"
GO:0051787,"{'GO:0005515', 'GO:0005488', 'GO:0003674'}"
GO:0035312,"{'GO:0016895', 'GO:0016796', 'GO:0004529', 'GO:0140097', 'GO:0003824', 'GO:0004536', 'GO:0016788', 'GO:0003674', 'GO:0016787', 'GO:0008409', 'GO:0004527', 'GO:0004518'}"
GO:0005345,"{'GO:0003674', 'GO:0008509', 'GO:0022857', 'GO:0005215', 'GO:0015075', 'GO:0015205'}"
GO:0005350,"{'GO:0003674', 'GO:0008509', 'GO:0022857', 'GO:0005215', 'GO:0015075', 'GO:0015205'}"
GO:0038024,{'GO:0003674'}
GO:0031419,"{'GO:0097159', 'GO:1901363', 'GO:0003674', 'GO:0046906', 'GO:0036094', 'GO:0005488', 'GO:0019842'}"
GO:0030492,"{'GO:0005515', 'GO:0005488', 'GO:0003674'}"
GO:0004791,"{'GO:0016491', 'GO:0003824', 'GO:0016209', 'GO:0016668', 'GO:0003674', 'GO:0015036', 'GO:0016667', 'GO:0016651'}"
GO:0045340,"{'GO:0003674', 'GO:0005488', 'GO:0043167', 'GO:0046872', 'GO:0043169', 'GO:0046914'}"
GO:0016174,"{'GO:0003674', 'GO:0003824', 'GO:0016491', 'GO:0016651', 'GO:0050664'}"
GO:0033797,"{'GO:0003824', 'GO:0016491', 'GO:0003674'}"
GO:0003973,"{'GO:0016491', 'GO:0003674', 'GO:0003824', 'GO:0016899', 'GO:0016614'}"
GO:0010181,"{'GO:0043168', 'GO:1901265', 'GO:0000166', 'GO:0097367', 'GO:0097159', 'GO:1901363', 'GO:0003674', 'GO:0032553', 'GO:0036094', 'GO:0005488', 'GO:0043167'}"
GO:0052853,"{'GO:0016899', 'GO:0003674', 'GO:0003973', 'GO:0003824', 'GO:0016491', 'GO:0016614'}"
GO:0052854,"{'GO:0016899', 'GO:0003674', 'GO:0003973', 'GO:0003824', 'GO:0016491', 'GO:0016614'}"
GO:0052852,"{'GO:0016899', 'GO:0003674', 'GO:0003973', 'GO:0003824', 'GO:0016491', 'GO:0016614'}"
GO:0004115,"{'GO:0004112', 'GO:0003824', 'GO:0004114', 'GO:0008081', 'GO:0016788', 'GO:0003674', 'GO:0016787', 'GO:0042578'}"
GO:0030544,"{'GO:0031072', 'GO:0005515', 'GO:0005488', 'GO:0003674'}"
GO:0008386,"{'GO:0008395', 'GO:0016713', 'GO:0004497', 'GO:0003824', 'GO:0016705', 'GO:0003674', 'GO:0016491'}"
GO:0035497,"{'GO:1990837', 'GO:0000976', 'GO:0003677', 'GO:0003690', 'GO:0000977', 'GO:0043565', 'GO:0097159', 'GO:1901363', 'GO:0003674', 'GO:0000987', 'GO:0001067', 'GO:0000978', 'GO:0005488', 'GO:0003676'}"
GO:0035259,"{'GO:0005515', 'GO:0140297', 'GO:0051427', 'GO:0005102', 'GO:0035257', 'GO:0016922', 'GO:0003674', 'GO:0061629', 'GO:0035258', 'GO:0005488', 'GO:0008134'}"
GO:0004879,"{'GO:0000981', 'GO:0003700', 'GO:0140110', 'GO:0098531', 'GO:0003674'}"
GO:0001223,"{'GO:0005515', 'GO:0003674', 'GO:0001221', 'GO:0005488', 'GO:0008134'}"
GO:0039706,"{'GO:0005515', 'GO:0005488', 'GO:0003674'}"
GO:0048019,"{'GO:0005515', 'GO:0098772', 'GO:0005102', 'GO:0003674', 'GO:0030545', 'GO:0005488', 'GO:0030547'}"
GO:0051393,"{'GO:0008092', 'GO:0005515', 'GO:0003674', 'GO:0042805', 'GO:0005488'}"
GO:0030507,"{'GO:0008092', 'GO:0005515', 'GO:0044877', 'GO:0003674', 'GO:0005488'}"
GO:0008721,"{'GO:0016840', 'GO:0003674', 'GO:0016829', 'GO:0003824', 'GO:0016841'}"
GO:0016594,"{'GO:0031406', 'GO:0043168', 'GO:0043177', 'GO:0016597', 'GO:0043169', 'GO:0003674', 'GO:0036094', 'GO:0005488', 'GO:0043167'}"
GO:0003941,"{'GO:0016840', 'GO:0003674', 'GO:0016829', 'GO:0003824', 'GO:0016841'}"
GO:0030378,"{'GO:0036361', 'GO:0003674', 'GO:0016853', 'GO:0016855', 'GO:0016854', 'GO:0003824', 'GO:0047661'}"
GO:0018114,"{'GO:0036361', 'GO:0003674', 'GO:0016853', 'GO:0016855', 'GO:0016854', 'GO:0003824', 'GO:0047661'}"
GO:0004197,"{'GO:0008234', 'GO:0003824', 'GO:0003674', 'GO:0016787', 'GO:0004175', 'GO:0140096', 'GO:0008233'}"
GO:0005198,{'GO:0003674'}
GO:0070006,"{'GO:0008238', 'GO:0004177', 'GO:0003824', 'GO:0003674', 'GO:0008235', 'GO:0016787', 'GO:0140096', 'GO:0008233', 'GO:0008237'}"
GO:0015179,"{'GO:0046943', 'GO:0015075', 'GO:0015171', 'GO:0003674', 'GO:0008509', 'GO:0005342', 'GO:0022857', 'GO:0005215', 'GO:0015318'}"
GO:0046570,"{'GO:0003674', 'GO:0016835', 'GO:0016829', 'GO:0003824', 'GO:0016836'}"
GO:0051019,"{'GO:0019899', 'GO:0005515', 'GO:0003674', 'GO:0019900', 'GO:0005488', 'GO:0019901'}"
GO:1901235,"{'GO:0015101', 'GO:0015226', 'GO:0015075', 'GO:0003674', 'GO:0008324', 'GO:0008509', 'GO:0022857', 'GO:0005215', 'GO:0015651', 'GO:0072349'}"
GO:0015651,"{'GO:0003674', 'GO:0008324', 'GO:0008509', 'GO:0022857', 'GO:0005215', 'GO:0015075', 'GO:0015101'}"
GO:0019992,"{'GO:0008289', 'GO:0005488', 'GO:0003674'}"
GO:0005089,"{'GO:0003674', 'GO:0030234', 'GO:0060589', 'GO:0030695', 'GO:0098772'}"
GO:1901612,"{'GO:0008289', 'GO:0043168', 'GO:0005543', 'GO:0003674', 'GO:0005488', 'GO:0043167', 'GO:1901611'}"
GO:0008474,"{'GO:0003824', 'GO:0098599', 'GO:0016790', 'GO:0003674', 'GO:0016788', 'GO:0016787', 'GO:0140096'}"
GO:0047105,"{'GO:0003674', 'GO:0016903', 'GO:0016620', 'GO:0003824', 'GO:0016491'}"
GO:0004029,"{'GO:0003674', 'GO:0004030', 'GO:0016903', 'GO:0016620', 'GO:0003824', 'GO:0016491'}"
GO:0043176,"{'GO:0005488', 'GO:0003674'}"
GO:0019145,"{'GO:0003674', 'GO:0004030', 'GO:0004029', 'GO:0016620', 'GO:0003824', 'GO:0016491', 'GO:0016903'}"
GO:0043878,"{'GO:0003674', 'GO:0016903', 'GO:0016620', 'GO:0003824', 'GO:0016491'}"
GO:0016620,"{'GO:0003824', 'GO:0016491', 'GO:0003674', 'GO:0016903'}"
GO:0004032,"{'GO:0008106', 'GO:0003674', 'GO:0004033', 'GO:0003824', 'GO:0016491', 'GO:0016616', 'GO:0016614'}"
GO:0019119,"{'GO:0003674', 'GO:0016787', 'GO:0016801', 'GO:0019118', 'GO:0003824', 'GO:0004301', 'GO:0016803'}"
GO:0016616,"{'GO:0003824', 'GO:0016491', 'GO:0003674', 'GO:0016614'}"
GO:0003972,"{'GO:0003674', 'GO:0008452', 'GO:0016874', 'GO:0003824', 'GO:0016886', 'GO:0140098'}"
GO:0051538,"{'GO:0051540', 'GO:0005488', 'GO:0003674', 'GO:0051536'}"
GO:0051539,"{'GO:0051540', 'GO:0005488', 'GO:0003674', 'GO:0051536'}"
GO:0008177,"{'GO:0016627', 'GO:0000104', 'GO:0003824', 'GO:0003674', 'GO:0016635', 'GO:0016491'}"
GO:0048039,"{'GO:0005488', 'GO:0003674', 'GO:0048038'}"
GO:0097016,"{'GO:0019904', 'GO:0005515', 'GO:0005488', 'GO:0003674'}"
GO:0098919,"{'GO:0098879', 'GO:0003674', 'GO:0005198', 'GO:0099186', 'GO:0098918'}"
GO:0001671,"{'GO:0008047', 'GO:0003674', 'GO:0030234', 'GO:0060589', 'GO:0060590', 'GO:0098772'}"
GO:0055131,"{'GO:0019904', 'GO:0005515', 'GO:0005488', 'GO:0003674'}"
GO:0030957,"{'GO:0005515', 'GO:0003674', 'GO:0061629', 'GO:0140297', 'GO:0005488', 'GO:0008134'}"
GO:0005126,"{'GO:0005102', 'GO:0005515', 'GO:0005488', 'GO:0003674'}"
GO:0033981,"{'GO:0016829', 'GO:0003674', 'GO:0016831', 'GO:0003824', 'GO:0016830'}"
GO:0050178,"{'GO:0016860', 'GO:0003674', 'GO:0016853', 'GO:0003824', 'GO:0016862'}"
GO:0031005,"{'GO:0008092', 'GO:0005515', 'GO:0005488', 'GO:0003674'}"
GO:0016810,"{'GO:0003824', 'GO:0016787', 'GO:0003674'}"
GO:0051750,"{'GO:0016860', 'GO:0003674', 'GO:0016853', 'GO:0003824', 'GO:0016863'}"
GO:0003746,"{'GO:0008135', 'GO:0090079', 'GO:0097159', 'GO:1901363', 'GO:0003674', 'GO:0045182', 'GO:0005488', 'GO:0003676', 'GO:0003723'}"
GO:0031406,"{'GO:0005488', 'GO:0043168', 'GO:0003674', 'GO:0043167'}"
GO:0008465,"{'GO:0003674', 'GO:0003824', 'GO:0016491', 'GO:0016616', 'GO:0016614'}"
GO:0030267,"{'GO:0003674', 'GO:0106345', 'GO:0003824', 'GO:0016491', 'GO:0016616', 'GO:0016614'}"
GO:0016618,"{'GO:0003674', 'GO:0003824', 'GO:0016491', 'GO:0016616', 'GO:0016614'}"
GO:0050661,"{'GO:0097159', 'GO:1901363', 'GO:0003674', 'GO:1901265', 'GO:0036094', 'GO:0005488', 'GO:0000166'}"
GO:0003860,"{'GO:0016790', 'GO:0016788', 'GO:0003674', 'GO:0016787', 'GO:0003824', 'GO:0016289'}"
GO:0052657,"{'GO:0003674', 'GO:0016763', 'GO:0016740', 'GO:0106130', 'GO:0016757', 'GO:0003824'}"
GO:0004422,"{'GO:0003674', 'GO:0016763', 'GO:0016740', 'GO:0106130', 'GO:0016757', 'GO:0003824'}"
GO:0005200,"{'GO:0003674', 'GO:0005198'}"
GO:0009931,"{'GO:0016772', 'GO:0016740', 'GO:0003824', 'GO:0016301', 'GO:0010857', 'GO:0004672', 'GO:0003674', 'GO:0140096', 'GO:0016773', 'GO:0004674'}"
GO:0004683,"{'GO:0016772', 'GO:0016740', 'GO:0003824', 'GO:0016301', 'GO:0004672', 'GO:0003674', 'GO:0140096', 'GO:0016773', 'GO:0004674'}"
GO:0035254,"{'GO:0005102', 'GO:0005515', 'GO:0005488', 'GO:0003674'}"
GO:0016597,"{'GO:0003674', 'GO:0031406', 'GO:0043168', 'GO:0005488', 'GO:0043167'}"
GO:0004478,"{'GO:0016740', 'GO:0016765', 'GO:0003824', 'GO:0003674'}"
GO:0015037,"{'GO:0003674', 'GO:0015036', 'GO:0003824', 'GO:0016491', 'GO:0016667'}"
GO:0003756,"{'GO:0016860', 'GO:0016853', 'GO:0016864', 'GO:0003824', 'GO:0003674', 'GO:0140096'}"
GO:0031748,"{'GO:0005515', 'GO:0003674', 'GO:0050780', 'GO:0001664', 'GO:0005102', 'GO:0005488'}"
GO:0034452,"{'GO:0008092', 'GO:0005515', 'GO:0005488', 'GO:0003674'}"
GO:0010314,"{'GO:0035091', 'GO:1901981', 'GO:0008289', 'GO:0005543', 'GO:0003674', 'GO:0005488'}"
GO:0015288,"{'GO:0003674', 'GO:0022857', 'GO:0005215', 'GO:0022829', 'GO:0015267', 'GO:0022803'}"
