GO:0005524,"{'GO:0032559', 'GO:0000166', 'GO:0032553', 'GO:0032555', 'GO:0005488', 'GO:0035639', 'GO:0097367', 'GO:0043168', 'GO:1901265', 'GO:0043167', 'GO:0003674', 'GO:0036094', 'GO:0097159', 'GO:0030554', 'GO:0017076', 'GO:1901363'}"
GO:0004674,"{'GO:0003824', 'GO:0016772', 'GO:0140096', 'GO:0016773', 'GO:0003674', 'GO:0016301', 'GO:0016740', 'GO:0004672'}"
GO:0010314,"{'GO:1901981', 'GO:0008289', 'GO:0005543', 'GO:0005488', 'GO:0003674', 'GO:0035091'}"
GO:0005096,"{'GO:0030695', 'GO:0003674', 'GO:0098772', 'GO:0008047', 'GO:0030234', 'GO:0060589'}"
GO:0017137,"{'GO:0051020', 'GO:0005515', 'GO:0019899', 'GO:0005488', 'GO:0003674'}"
GO:0008270,"{'GO:0043167', 'GO:0046872', 'GO:0043169', 'GO:0046914', 'GO:0005488', 'GO:0003674'}"
GO:0050839,"{'GO:0005488', 'GO:0003674', 'GO:0005515'}"
GO:0035373,"{'GO:0005539', 'GO:0005515', 'GO:0003674', 'GO:0005488', 'GO:0043394', 'GO:1901681', 'GO:0097367'}"
GO:0008201,"{'GO:0005539', 'GO:0003674', 'GO:0005488', 'GO:1901681', 'GO:0097367'}"
GO:0005158,"{'GO:0044877', 'GO:0005515', 'GO:0005488', 'GO:0003674', 'GO:0005102'}"
GO:0042301,"{'GO:0005488', 'GO:0003674', 'GO:0043167', 'GO:0043168'}"
GO:0004721,"{'GO:0042578', 'GO:0003824', 'GO:0016787', 'GO:0140096', 'GO:0016788', 'GO:0003674', 'GO:0016791'}"
GO:0004725,"{'GO:0003824', 'GO:0016791', 'GO:0140096', 'GO:0016788', 'GO:0003674', 'GO:0016787', 'GO:0004721', 'GO:0042578'}"
GO:0044877,"{'GO:0005488', 'GO:0003674'}"
GO:0030971,"{'GO:0005515', 'GO:0019899', 'GO:0019901', 'GO:0003674', 'GO:0019900', 'GO:0005102', 'GO:0005488', 'GO:1990782'}"
GO:0005001,"{'GO:0140096', 'GO:0016787', 'GO:0038023', 'GO:0004721', 'GO:0016791', 'GO:0019198', 'GO:0003824', 'GO:0060089', 'GO:0016788', 'GO:0003674', 'GO:0004888', 'GO:0004725', 'GO:0042578'}"
GO:0003682,"{'GO:0005488', 'GO:0003674'}"
GO:0003677,"{'GO:0003676', 'GO:0005488', 'GO:0003674', 'GO:0097159', 'GO:1901363'}"
GO:0042393,"{'GO:0005488', 'GO:0003674', 'GO:0005515'}"
GO:0070577,"{'GO:0140030', 'GO:0005515', 'GO:0140033', 'GO:0005488', 'GO:0003674', 'GO:0042393'}"
GO:0140030,"{'GO:0005488', 'GO:0003674', 'GO:0005515'}"
GO:0005525,"{'GO:0032561', 'GO:0032549', 'GO:0000166', 'GO:0032553', 'GO:0032555', 'GO:0005488', 'GO:0035639', 'GO:0097367', 'GO:0043168', 'GO:1901265', 'GO:0001882', 'GO:0043167', 'GO:0019001', 'GO:0003674', 'GO:0036094', 'GO:0097159', 'GO:0032550', 'GO:0001883', 'GO:0017076', 'GO:1901363'}"
GO:0003924,"{'GO:0017111', 'GO:0016817', 'GO:0016818', 'GO:0003824', 'GO:0016462', 'GO:0003674', 'GO:0016787'}"
GO:0005200,"{'GO:0005198', 'GO:0003674'}"
GO:1990269,"{'GO:0001098', 'GO:0005515', 'GO:0019899', 'GO:0099122', 'GO:0003674', 'GO:0045309', 'GO:0005488', 'GO:0070063', 'GO:0051219', 'GO:0043175', 'GO:0000993', 'GO:0050815', 'GO:0001099'}"
GO:0003697,"{'GO:0003677', 'GO:0003676', 'GO:0005488', 'GO:0003674', 'GO:0097159', 'GO:1901363'}"
GO:0001228,"{'GO:0003700', 'GO:0001216', 'GO:0000981', 'GO:0003674', 'GO:0140110'}"
GO:0003700,"{'GO:0003674', 'GO:0140110'}"
GO:0000981,"{'GO:0003700', 'GO:0003674', 'GO:0140110'}"
GO:0046983,"{'GO:0005488', 'GO:0003674', 'GO:0005515'}"
GO:0000977,"{'GO:0001067', 'GO:0000976', 'GO:0003676', 'GO:0003674', 'GO:0097159', 'GO:0003690', 'GO:1990837', 'GO:0003677', 'GO:0005488', 'GO:0043565', 'GO:1901363'}"
GO:0046872,"{'GO:0043169', 'GO:0005488', 'GO:0003674', 'GO:0043167'}"
GO:0004809,"{'GO:0140101', 'GO:0016423', 'GO:0008175', 'GO:0016741', 'GO:0140098', 'GO:0008170', 'GO:0003824', 'GO:0003674', 'GO:0008168', 'GO:0016740', 'GO:0008173', 'GO:0008757'}"
GO:0000049,"{'GO:0003676', 'GO:0005488', 'GO:0003674', 'GO:0097159', 'GO:0003723', 'GO:1901363'}"
GO:0016887,"{'GO:0017111', 'GO:0016817', 'GO:0016818', 'GO:0003824', 'GO:0016462', 'GO:0003674', 'GO:0016787'}"
GO:0042626,"{'GO:0022857', 'GO:0003674', 'GO:0022804', 'GO:0005215', 'GO:0015399'}"
GO:0008559,"{'GO:0042910', 'GO:0003674', 'GO:0005215', 'GO:0140359', 'GO:0042626', 'GO:0022857', 'GO:0022804', 'GO:0015399'}"
GO:0042910,"{'GO:0003674', 'GO:0005215', 'GO:0022857'}"
GO:0005085,"{'GO:0098772', 'GO:0030234', 'GO:0030695', 'GO:0003674', 'GO:0060589'}"
GO:0035594,"{'GO:0008289', 'GO:0051861', 'GO:0097001', 'GO:0033218', 'GO:0003674', 'GO:0046625', 'GO:0005488', 'GO:0043208', 'GO:0097367'}"
GO:0008017,"{'GO:0008092', 'GO:0005515', 'GO:0015631', 'GO:0005488', 'GO:0003674'}"
GO:0051010,"{'GO:0008092', 'GO:0005515', 'GO:0015631', 'GO:0005488', 'GO:0003674', 'GO:0008017'}"
GO:0004028,"{'GO:0003824', 'GO:0016903', 'GO:0016620', 'GO:0003674', 'GO:0016491'}"
GO:0004029,"{'GO:0003824', 'GO:0016903', 'GO:0016620', 'GO:0004030', 'GO:0003674', 'GO:0016491'}"
GO:0043878,"{'GO:0003824', 'GO:0016903', 'GO:0016620', 'GO:0003674', 'GO:0016491'}"
GO:0042802,"{'GO:0005488', 'GO:0003674', 'GO:0005515'}"
GO:0042803,"{'GO:0005515', 'GO:0042802', 'GO:0046983', 'GO:0003674', 'GO:0005488'}"
GO:0019901,"{'GO:0005515', 'GO:0019899', 'GO:0005488', 'GO:0003674', 'GO:0019900'}"
GO:0000978,"{'GO:0003676', 'GO:0000987', 'GO:0005488', 'GO:0043565', 'GO:0001067', 'GO:0000976', 'GO:0003674', 'GO:0097159', 'GO:0003690', 'GO:1990837', 'GO:0003677', 'GO:0000977', 'GO:1901363'}"
GO:0043565,"{'GO:0003677', 'GO:0003676', 'GO:0005488', 'GO:0003674', 'GO:0097159', 'GO:1901363'}"
GO:1904492,"{'GO:1900750', 'GO:0005488', 'GO:0043167', 'GO:0033218', 'GO:0042277', 'GO:0003674', 'GO:0043168'}"
GO:0004180,"{'GO:0003824', 'GO:0008238', 'GO:0140096', 'GO:0003674', 'GO:0008233', 'GO:0016787'}"
GO:0016805,"{'GO:0003824', 'GO:0008238', 'GO:0140096', 'GO:0003674', 'GO:0008233', 'GO:0016787'}"
GO:0004181,"{'GO:0003824', 'GO:0140096', 'GO:0003674', 'GO:0016787', 'GO:0004180', 'GO:0008238', 'GO:0008235', 'GO:0008237', 'GO:0008233'}"
GO:0008233,"{'GO:0003824', 'GO:0140096', 'GO:0003674', 'GO:0016787'}"
GO:1904493,"{'GO:0005488', 'GO:0003674'}"
GO:0047150,"{'GO:0003824', 'GO:0016740', 'GO:0008172', 'GO:0003674', 'GO:0008168', 'GO:0016741'}"
GO:0008168,"{'GO:0003824', 'GO:0003674', 'GO:0016740', 'GO:0016741'}"
GO:0001968,"{'GO:0005488', 'GO:0003674', 'GO:0005515'}"
GO:0005080,"{'GO:0019899', 'GO:0005515', 'GO:0019901', 'GO:0005488', 'GO:0003674', 'GO:0019900'}"
GO:0070053,"{'GO:0060089', 'GO:0003674', 'GO:0038023'}"
GO:0030515,"{'GO:0003676', 'GO:0005488', 'GO:0003674', 'GO:0097159', 'GO:0003723', 'GO:1901363'}"
GO:0016004,"{'GO:0098772', 'GO:0060229', 'GO:0008047', 'GO:0030234', 'GO:0003674'}"
GO:0043274,"{'GO:0005488', 'GO:0003674', 'GO:0005515', 'GO:0019899'}"
GO:0017124,"{'GO:0005488', 'GO:0003674', 'GO:0019904', 'GO:0005515'}"
GO:0043178,"{'GO:0005488', 'GO:0003674', 'GO:0036094'}"
GO:0004582,"{'GO:0003824', 'GO:0016740', 'GO:0016758', 'GO:0016757', 'GO:0003674', 'GO:0000030'}"
GO:0004169,"{'GO:0003824', 'GO:0016740', 'GO:0016758', 'GO:0140096', 'GO:0016757', 'GO:0003674', 'GO:0000030'}"
GO:0005537,"{'GO:0048029', 'GO:0003674', 'GO:0005488', 'GO:0030246', 'GO:0036094'}"
GO:0008157,"{'GO:0019903', 'GO:0019902', 'GO:0005515', 'GO:0019899', 'GO:0005488', 'GO:0003674'}"
GO:0019903,"{'GO:0005488', 'GO:0005515', 'GO:0019899', 'GO:0019902', 'GO:0003674'}"
GO:0005509,"{'GO:0043167', 'GO:0046872', 'GO:0043169', 'GO:0005488', 'GO:0003674'}"
GO:0005543,"{'GO:0008289', 'GO:0005488', 'GO:0003674'}"
GO:0004252,"{'GO:0003824', 'GO:0004175', 'GO:0008236', 'GO:0140096', 'GO:0003674', 'GO:0016787', 'GO:0017171', 'GO:0008233'}"
GO:0005125,"{'GO:0030545', 'GO:0005515', 'GO:0003674', 'GO:0005102', 'GO:0098772', 'GO:0005488', 'GO:0030546', 'GO:0048018'}"
GO:0005132,"{'GO:0005515', 'GO:0003674', 'GO:0005102', 'GO:0044877', 'GO:0005126', 'GO:0005488'}"
GO:0005507,"{'GO:0043167', 'GO:0046872', 'GO:0043169', 'GO:0046914', 'GO:0005488', 'GO:0003674'}"
GO:0005149,"{'GO:0005515', 'GO:0003674', 'GO:0070851', 'GO:0005102', 'GO:0005126', 'GO:0005488'}"
GO:0004709,"{'GO:0003824', 'GO:0004674', 'GO:0016772', 'GO:0140096', 'GO:0016773', 'GO:0003674', 'GO:0016301', 'GO:0016740', 'GO:0004672'}"
GO:0004672,"{'GO:0003824', 'GO:0016772', 'GO:0140096', 'GO:0016773', 'GO:0003674', 'GO:0016301', 'GO:0016740'}"
GO:0048306,"{'GO:0005488', 'GO:0003674', 'GO:0005515'}"
GO:0044325,"{'GO:0005488', 'GO:0003674', 'GO:0005515'}"
GO:0003779,"{'GO:0008092', 'GO:0005488', 'GO:0005515', 'GO:0003674'}"
GO:0051393,"{'GO:0008092', 'GO:0005515', 'GO:0005488', 'GO:0003674', 'GO:0042805'}"
GO:0019960,"{'GO:0019956', 'GO:0005515', 'GO:0005488', 'GO:0003674', 'GO:0019955'}"
GO:0005518,"{'GO:0005488', 'GO:0044877', 'GO:0003674'}"
GO:0098639,"{'GO:0005515', 'GO:0098634', 'GO:0050839', 'GO:0003674', 'GO:0098631', 'GO:0044877', 'GO:0005488', 'GO:0005518'}"
GO:0005178,"{'GO:0044877', 'GO:0005515', 'GO:0050839', 'GO:0005488', 'GO:0003674', 'GO:0005102'}"
GO:0019900,"{'GO:0005488', 'GO:0003674', 'GO:0005515', 'GO:0019899'}"
GO:0043236,"{'GO:0050840', 'GO:0005515', 'GO:0005488', 'GO:0003674'}"
GO:0002020,"{'GO:0005488', 'GO:0003674', 'GO:0005515', 'GO:0019899'}"
GO:0019904,"{'GO:0005488', 'GO:0003674', 'GO:0005515'}"
GO:0046982,"{'GO:0046983', 'GO:0005488', 'GO:0003674', 'GO:0005515'}"
GO:1990782,"{'GO:0019899', 'GO:0005515', 'GO:0019901', 'GO:0005488', 'GO:0003674', 'GO:0019900'}"
GO:0038023,"{'GO:0060089', 'GO:0003674'}"
GO:0005102,"{'GO:0005488', 'GO:0003674', 'GO:0005515'}"
GO:0045294,"{'GO:0005488', 'GO:0003674', 'GO:0005515'}"
GO:0030506,"{'GO:0008092', 'GO:0005488', 'GO:0005515', 'GO:0003674'}"
GO:0008013,"{'GO:0005488', 'GO:0003674', 'GO:0005515'}"
GO:0045296,"{'GO:0050839', 'GO:0005488', 'GO:0003674', 'GO:0005515'}"
GO:0008092,"{'GO:0005488', 'GO:0003674', 'GO:0005515'}"
GO:0045295,"{'GO:0005488', 'GO:0003674', 'GO:0005515'}"
GO:0032794,"{'GO:0005488', 'GO:0003674', 'GO:0005515'}"
GO:0004857,"{'GO:0098772', 'GO:0003674', 'GO:0030234'}"
GO:0030234,"{'GO:0098772', 'GO:0003674'}"
GO:0051082,"{'GO:0005488', 'GO:0003674', 'GO:0005515'}"
GO:0015301,"{'GO:0015291', 'GO:0008509', 'GO:0003674', 'GO:0005215', 'GO:0015075', 'GO:0140323', 'GO:0022857', 'GO:0015297', 'GO:0022853', 'GO:0022804'}"
GO:0015108,"{'GO:0015103', 'GO:0008509', 'GO:0022857', 'GO:0015075', 'GO:0003674', 'GO:0005215', 'GO:0015318'}"
GO:0019899,"{'GO:0005488', 'GO:0003674', 'GO:0005515'}"
GO:0005452,"{'GO:0015103', 'GO:0015291', 'GO:0008509', 'GO:0022853', 'GO:0003674', 'GO:0015318', 'GO:0005215', 'GO:0022857', 'GO:0015075', 'GO:0022804'}"
GO:0022857,"{'GO:0003674', 'GO:0005215'}"
GO:0015106,"{'GO:0008509', 'GO:0003674', 'GO:0015318', 'GO:0005215', 'GO:0022857', 'GO:0015075', 'GO:0008514'}"
GO:0001664,"{'GO:0005488', 'GO:0003674', 'GO:0005515', 'GO:0005102'}"
GO:0031683,"{'GO:0005488', 'GO:0044877', 'GO:0003674'}"
GO:0008508,"{'GO:0008509', 'GO:0015294', 'GO:0015293', 'GO:0005343', 'GO:0022853', 'GO:0005319', 'GO:0008324', 'GO:0015355', 'GO:0015291', 'GO:0005342', 'GO:0046873', 'GO:0022890', 'GO:0003674', 'GO:0140161', 'GO:0015318', 'GO:0005215', 'GO:0046943', 'GO:1901618', 'GO:0008028', 'GO:0015081', 'GO:0015370', 'GO:0022857', 'GO:0015075', 'GO:0022804', 'GO:0015125'}"
GO:0071837,"{'GO:0005488', 'GO:0003674', 'GO:0019904', 'GO:0005515'}"
GO:0001224,"{'GO:0003674', 'GO:0005515', 'GO:0005488', 'GO:0001221', 'GO:0008134'}"
GO:1990837,"{'GO:0003676', 'GO:0003674', 'GO:0097159', 'GO:0003690', 'GO:0003677', 'GO:0005488', 'GO:0043565', 'GO:1901363'}"
GO:0004559,"{'GO:0003824', 'GO:0016798', 'GO:0004553', 'GO:0015923', 'GO:0003674', 'GO:0016787'}"
GO:0030246,"{'GO:0005488', 'GO:0003674'}"
GO:0016787,"{'GO:0003824', 'GO:0003674'}"
GO:0016799,"{'GO:0003824', 'GO:0016798', 'GO:0016787', 'GO:0003674'}"
GO:0015923,"{'GO:0003824', 'GO:0016798', 'GO:0004553', 'GO:0003674', 'GO:0016787'}"
GO:0004572,"{'GO:0003824', 'GO:0016798', 'GO:0004553', 'GO:0015923', 'GO:0003674', 'GO:0015924', 'GO:0016787', 'GO:0004559'}"
GO:0005234,"{'GO:0005230', 'GO:0015267', 'GO:0015276', 'GO:0005231', 'GO:0015318', 'GO:0003674', 'GO:0005215', 'GO:0022836', 'GO:0022803', 'GO:0022834', 'GO:0005216', 'GO:0022857', 'GO:0015075'}"
GO:0008066,"{'GO:0060089', 'GO:0004888', 'GO:0003674', 'GO:0038023'}"
GO:0004970,"{'GO:0015267', 'GO:0015075', 'GO:0022834', 'GO:0005216', 'GO:0038023', 'GO:0008066', 'GO:0030594', 'GO:0022835', 'GO:0060089', 'GO:0015276', 'GO:0015318', 'GO:0003674', 'GO:0005215', 'GO:0022836', 'GO:0022803', 'GO:0004888', 'GO:0022857', 'GO:0005230', 'GO:0022824'}"
GO:0015277,"{'GO:0005230', 'GO:0015267', 'GO:0005261', 'GO:0015079', 'GO:0005272', 'GO:0022834', 'GO:0005216', 'GO:0038023', 'GO:0008066', 'GO:0008324', 'GO:0030594', 'GO:0022835', 'GO:0060089', 'GO:0022890', 'GO:0046873', 'GO:0099094', 'GO:0015276', 'GO:0015318', 'GO:0003674', 'GO:0004970', 'GO:0005215', 'GO:0022836', 'GO:0022803', 'GO:0015081', 'GO:0004888', 'GO:0022857', 'GO:0005267', 'GO:0015075', 'GO:0022824'}"
GO:0015276,"{'GO:0015267', 'GO:0015318', 'GO:0003674', 'GO:0005215', 'GO:0022836', 'GO:0022803', 'GO:0022834', 'GO:0005216', 'GO:0022857', 'GO:0015075'}"
GO:0099507,"{'GO:0015267', 'GO:0015276', 'GO:0015318', 'GO:0003674', 'GO:0005215', 'GO:0022836', 'GO:0022803', 'GO:0022834', 'GO:0005216', 'GO:0022857', 'GO:0015075'}"
GO:0030165,"{'GO:0005488', 'GO:0003674', 'GO:0019904', 'GO:0005515'}"
GO:1904315,"{'GO:0015267', 'GO:0015075', 'GO:0022834', 'GO:0005216', 'GO:0038023', 'GO:0098960', 'GO:0030594', 'GO:0022835', 'GO:0060089', 'GO:0015276', 'GO:0003674', 'GO:0015318', 'GO:0005215', 'GO:0022836', 'GO:0022803', 'GO:0022857', 'GO:0099529', 'GO:0005230', 'GO:0022824'}"
GO:0031624,"{'GO:0019899', 'GO:0044390', 'GO:0005515', 'GO:0005488', 'GO:0003674'}"
GO:0031625,"{'GO:0005515', 'GO:0019899', 'GO:0005488', 'GO:0003674', 'GO:0044389'}"
GO:0043014,"{'GO:0008092', 'GO:0005515', 'GO:0015631', 'GO:0005488', 'GO:0003674'}"
GO:0042609,"{'GO:0005488', 'GO:0003674', 'GO:0005515', 'GO:0005102'}"
GO:0042610,"{'GO:0005488', 'GO:0003674', 'GO:0005515', 'GO:0005102'}"
GO:0097718,"{'GO:0005488', 'GO:0003674', 'GO:0019904', 'GO:0005515'}"
GO:0046875,"{'GO:0005488', 'GO:0003674', 'GO:0005515', 'GO:0005102'}"
GO:0070851,"{'GO:0005488', 'GO:0003674', 'GO:0005515', 'GO:0005102'}"
GO:0004715,"{'GO:0003824', 'GO:0016772', 'GO:0140096', 'GO:0016773', 'GO:0004713', 'GO:0003674', 'GO:0016301', 'GO:0016740', 'GO:0004672'}"
GO:0051428,"{'GO:0051427', 'GO:0005515', 'GO:0005488', 'GO:0003674', 'GO:0005102'}"
GO:0043548,"{'GO:0005488', 'GO:0003674', 'GO:0005515'}"
GO:0004713,"{'GO:0003824', 'GO:0016772', 'GO:0140096', 'GO:0016773', 'GO:0003674', 'GO:0016301', 'GO:0016740', 'GO:0004672'}"
GO:0042608,"{'GO:0044877', 'GO:0005515', 'GO:0005488', 'GO:0003674', 'GO:0005102'}"
GO:0048156,"{'GO:0008092', 'GO:0005488', 'GO:0005515', 'GO:0003674'}"
GO:0015631,"{'GO:0008092', 'GO:0005488', 'GO:0005515', 'GO:0003674'}"
GO:0031802,"{'GO:0035254', 'GO:0035256', 'GO:0001664', 'GO:0005515', 'GO:0005488', 'GO:0003674', 'GO:0005102'}"
GO:0004966,"{'GO:0060089', 'GO:0008528', 'GO:0003674', 'GO:0001653', 'GO:0004930', 'GO:0004888', 'GO:0038023', 'GO:0008188'}"
GO:0031763,"{'GO:0001664', 'GO:0005515', 'GO:0005488', 'GO:0003674', 'GO:0071855', 'GO:0005102'}"
GO:0005184,"{'GO:0030545', 'GO:0005515', 'GO:0003674', 'GO:0005102', 'GO:0098772', 'GO:0005488', 'GO:0030546', 'GO:0005179', 'GO:0048018'}"
GO:0031764,"{'GO:0001664', 'GO:0005515', 'GO:0003674', 'GO:0005488', 'GO:0031763', 'GO:0071855', 'GO:0005102'}"
GO:0031765,"{'GO:0001664', 'GO:0005515', 'GO:0003674', 'GO:0005488', 'GO:0031763', 'GO:0071855', 'GO:0005102'}"
GO:0031766,"{'GO:0001664', 'GO:0005515', 'GO:0003674', 'GO:0005488', 'GO:0031763', 'GO:0071855', 'GO:0005102'}"
GO:0016597,"{'GO:0043167', 'GO:0003674', 'GO:0005488', 'GO:0031406', 'GO:0043168'}"
GO:0097367,"{'GO:0005488', 'GO:0003674'}"
GO:0004360,"{'GO:0016769', 'GO:0003824', 'GO:0070548', 'GO:0016740', 'GO:0008483', 'GO:0003674'}"
GO:0004415,"{'GO:0003824', 'GO:0016798', 'GO:0004553', 'GO:0015929', 'GO:0003674', 'GO:0016787'}"
GO:0042500,"{'GO:0003824', 'GO:0004175', 'GO:0140096', 'GO:0003674', 'GO:0016787', 'GO:0004190', 'GO:0070001', 'GO:0008233'}"
GO:0051117,"{'GO:0005488', 'GO:0003674', 'GO:0005515', 'GO:0019899'}"
GO:0005262,"{'GO:0015267', 'GO:0022890', 'GO:0046873', 'GO:0015085', 'GO:0005261', 'GO:0015318', 'GO:0003674', 'GO:0005215', 'GO:0022803', 'GO:0005216', 'GO:0022857', 'GO:0015075', 'GO:0008324'}"
GO:0004175,"{'GO:0003824', 'GO:0140096', 'GO:0003674', 'GO:0008233', 'GO:0016787'}"
GO:0004861,"{'GO:0019887', 'GO:0004860', 'GO:0019210', 'GO:0003674', 'GO:0019207', 'GO:0030291', 'GO:0004857', 'GO:0098772', 'GO:0030234', 'GO:0016538'}"
GO:0097371,"{'GO:0005488', 'GO:0003674', 'GO:0005515'}"
GO:0051059,"{'GO:0140297', 'GO:0005515', 'GO:0061629', 'GO:0005488', 'GO:0003674', 'GO:0008134'}"
GO:0002039,"{'GO:0005488', 'GO:0003674', 'GO:0005515'}"
GO:0047485,"{'GO:0005488', 'GO:0003674', 'GO:0005515'}"
GO:0019789,"{'GO:0003824', 'GO:0016740', 'GO:0140096', 'GO:0003674', 'GO:0019787'}"
GO:0008134,"{'GO:0005488', 'GO:0003674', 'GO:0005515'}"
GO:1990948,"{'GO:0004857', 'GO:0098772', 'GO:0003674', 'GO:0030234', 'GO:0055106', 'GO:0055105'}"
GO:0071889,"{'GO:0005488', 'GO:0003674', 'GO:0005515'}"
GO:0016301,"{'GO:0003824', 'GO:0003674', 'GO:0016772', 'GO:0016740'}"
GO:0004310,"{'GO:0003824', 'GO:0016740', 'GO:0004311', 'GO:0003674', 'GO:0004659', 'GO:0016765'}"
GO:0051996,"{'GO:0003824', 'GO:0016740', 'GO:0004311', 'GO:0003674', 'GO:0004659', 'GO:0016765'}"
GO:0004126,"{'GO:0003824', 'GO:0003674', 'GO:0016787', 'GO:0019239', 'GO:0016810', 'GO:0016814'}"
GO:0001882,"{'GO:0097367', 'GO:0005488', 'GO:0003674', 'GO:0036094', 'GO:0097159', 'GO:1901363'}"
GO:0008144,"{'GO:0005488', 'GO:0003674'}"
GO:0004930,"{'GO:0060089', 'GO:0004888', 'GO:0003674', 'GO:0038023'}"
GO:0005113,"{'GO:0005488', 'GO:0003674', 'GO:0005515', 'GO:0005102'}"
GO:0003730,"{'GO:0003676', 'GO:0003723', 'GO:0005488', 'GO:0003674', 'GO:0097159', 'GO:0003729', 'GO:1901363'}"
GO:0003729,"{'GO:0003676', 'GO:0005488', 'GO:0003674', 'GO:0097159', 'GO:0003723', 'GO:1901363'}"
GO:0005516,"{'GO:0005488', 'GO:0003674', 'GO:0005515'}"
GO:0016286,"{'GO:0015267', 'GO:0005261', 'GO:0015079', 'GO:0005216', 'GO:0008324', 'GO:0046873', 'GO:0022890', 'GO:0015269', 'GO:0015318', 'GO:0003674', 'GO:0005215', 'GO:0022836', 'GO:0022803', 'GO:0005267', 'GO:0022857', 'GO:0005227', 'GO:0015075', 'GO:0022839'}"
GO:0097602,"{'GO:0005488', 'GO:0003674', 'GO:0005515'}"
GO:0004197,"{'GO:0004175', 'GO:0003824', 'GO:0140096', 'GO:0008234', 'GO:0003674', 'GO:0016787', 'GO:0008233'}"
GO:0008234,"{'GO:0003824', 'GO:0140096', 'GO:0003674', 'GO:0008233', 'GO:0016787'}"
GO:0046972,"{'GO:0003824', 'GO:0004402', 'GO:0010485', 'GO:0140096', 'GO:0016407', 'GO:0016410', 'GO:0016746', 'GO:0003674', 'GO:0016747', 'GO:0034212', 'GO:0016740', 'GO:0061733', 'GO:0008080'}"
GO:0043995,"{'GO:0003824', 'GO:0004402', 'GO:0010485', 'GO:0140096', 'GO:0016407', 'GO:0016410', 'GO:0016746', 'GO:0003674', 'GO:0016747', 'GO:0034212', 'GO:0016740', 'GO:0061733', 'GO:0008080'}"
GO:0043996,"{'GO:0003824', 'GO:0004402', 'GO:0010485', 'GO:0140096', 'GO:0016407', 'GO:0016410', 'GO:0016746', 'GO:0003674', 'GO:0016747', 'GO:0034212', 'GO:0016740', 'GO:0061733', 'GO:0008080'}"
GO:0042800,"{'GO:0003824', 'GO:0008276', 'GO:0140096', 'GO:0016279', 'GO:0018024', 'GO:0016278', 'GO:0003674', 'GO:0008168', 'GO:0016741', 'GO:0042054', 'GO:0016740', 'GO:0008170', 'GO:0008757'}"
GO:0035064,"{'GO:0140030', 'GO:0140034', 'GO:0005515', 'GO:0005488', 'GO:0003674', 'GO:0042393'}"
GO:0000979,"{'GO:0003676', 'GO:0001046', 'GO:0005488', 'GO:0043565', 'GO:0001067', 'GO:0000976', 'GO:0003674', 'GO:0097159', 'GO:0003690', 'GO:1990837', 'GO:0003677', 'GO:0000977', 'GO:1901363'}"
GO:0016251,"{'GO:0003674', 'GO:0140223'}"
GO:0004862,"{'GO:0019887', 'GO:0004860', 'GO:0019210', 'GO:0003674', 'GO:0019207', 'GO:0030291', 'GO:0004857', 'GO:0098772', 'GO:0030234', 'GO:0008603'}"
GO:0034236,"{'GO:0005515', 'GO:0019901', 'GO:0019899', 'GO:0003674', 'GO:0019900', 'GO:0051018', 'GO:0005488'}"
GO:0043022,"{'GO:0043021', 'GO:0005488', 'GO:0044877', 'GO:0003674'}"
GO:0019843,"{'GO:0003676', 'GO:0005488', 'GO:0003674', 'GO:0097159', 'GO:0003723', 'GO:1901363'}"
GO:0005042,"{'GO:0060089', 'GO:0004888', 'GO:0003674', 'GO:0038023'}"
GO:0003713,"{'GO:0098772', 'GO:0003674', 'GO:0140110', 'GO:0003712'}"
GO:0001227,"{'GO:0003700', 'GO:0000981', 'GO:0003674', 'GO:0001217', 'GO:0140110'}"
GO:0000166,"{'GO:1901265', 'GO:0003674', 'GO:0036094', 'GO:0097159', 'GO:0005488', 'GO:1901363'}"
GO:0008198,"{'GO:0043167', 'GO:0046872', 'GO:0043169', 'GO:0005488', 'GO:0003674', 'GO:0046914', 'GO:0005506'}"
GO:0004853,"{'GO:0016829', 'GO:0003824', 'GO:0003674', 'GO:0016831', 'GO:0016830'}"
GO:0050840,"{'GO:0005488', 'GO:0003674'}"
GO:0004677,"{'GO:0003824', 'GO:0004674', 'GO:0016772', 'GO:0140096', 'GO:0016773', 'GO:0003674', 'GO:0016301', 'GO:0016740', 'GO:0004672'}"
GO:0003690,"{'GO:0003677', 'GO:0003676', 'GO:0005488', 'GO:0003674', 'GO:0097159', 'GO:1901363'}"
GO:0034511,"{'GO:0030515', 'GO:0003676', 'GO:0003723', 'GO:0005488', 'GO:0003674', 'GO:0097159', 'GO:1901363'}"
GO:0008375,"{'GO:0003824', 'GO:0016758', 'GO:0003674', 'GO:0008194', 'GO:0016740', 'GO:0016757'}"
GO:0008109,"{'GO:0003824', 'GO:0016740', 'GO:0016758', 'GO:0016757', 'GO:0003674', 'GO:0008375', 'GO:0008194'}"
GO:0031418,"{'GO:0043177', 'GO:0043167', 'GO:0003674', 'GO:0030246', 'GO:0036094', 'GO:0048029', 'GO:0005488', 'GO:0031406', 'GO:0019842', 'GO:0043168'}"
GO:0004598,"{'GO:0016842', 'GO:0016829', 'GO:0003824', 'GO:0140096', 'GO:0003674', 'GO:0016840'}"
GO:0004504,"{'GO:0016705', 'GO:0003824', 'GO:0004497', 'GO:0003674', 'GO:0016491', 'GO:0016715'}"
GO:0033743,"{'GO:0003824', 'GO:0016667', 'GO:0016671', 'GO:0003674', 'GO:0016491'}"
GO:0008113,"{'GO:0003824', 'GO:0016667', 'GO:0016671', 'GO:0003674', 'GO:0016491'}"
GO:0015035,"{'GO:0003824', 'GO:0016667', 'GO:0003674', 'GO:0016491', 'GO:0015036'}"
GO:0004534,"{'GO:0016796', 'GO:0004518', 'GO:0016787', 'GO:0004540', 'GO:0140098', 'GO:0004532', 'GO:0004527', 'GO:0003824', 'GO:0016788', 'GO:0003674', 'GO:0016896', 'GO:0008409'}"
GO:0051880,"{'GO:0003677', 'GO:0003676', 'GO:0005488', 'GO:0003674', 'GO:0097159', 'GO:1901363'}"
GO:0002151,"{'GO:0003676', 'GO:0005488', 'GO:0003674', 'GO:0097159', 'GO:0003723', 'GO:1901363'}"
GO:0003723,"{'GO:0003676', 'GO:0005488', 'GO:0003674', 'GO:0097159', 'GO:1901363'}"
GO:0004896,"{'GO:0060089', 'GO:0140375', 'GO:0003674', 'GO:0004888', 'GO:0038023'}"
GO:0035259,"{'GO:0051427', 'GO:0005515', 'GO:0035257', 'GO:0003674', 'GO:0140297', 'GO:0008134', 'GO:0005102', 'GO:0035258', 'GO:0061629', 'GO:0005488', 'GO:0016922'}"
GO:0019838,"{'GO:0005488', 'GO:0003674', 'GO:0005515'}"
GO:0043621,"{'GO:0005488', 'GO:0003674', 'GO:0005515'}"
GO:0004714,"{'GO:0140096', 'GO:0019199', 'GO:0016301', 'GO:0004672', 'GO:0038023', 'GO:0003824', 'GO:0060089', 'GO:0016772', 'GO:0016773', 'GO:0003674', 'GO:0004713', 'GO:0016740', 'GO:0004888'}"
GO:0003823,"{'GO:0005488', 'GO:0003674'}"
GO:1990405,"{'GO:0005515', 'GO:0005488', 'GO:0003674', 'GO:0003823'}"
GO:0035091,"{'GO:0005543', 'GO:0005488', 'GO:0003674', 'GO:0008289'}"
GO:0097322,"{'GO:0003676', 'GO:0003723', 'GO:0005488', 'GO:0003674', 'GO:0097159', 'GO:0017069', 'GO:1901363'}"
GO:0017070,"{'GO:0003676', 'GO:0003723', 'GO:0005488', 'GO:0003674', 'GO:0097159', 'GO:0017069', 'GO:1901363'}"
GO:0016491,"{'GO:0003824', 'GO:0003674'}"
GO:0016758,"{'GO:0016757', 'GO:0003674', 'GO:0016740', 'GO:0003824'}"
GO:0034046,"{'GO:0003676', 'GO:0003674', 'GO:0003727', 'GO:0097159', 'GO:0070717', 'GO:0005488', 'GO:0003723', 'GO:1901363'}"
GO:0008266,"{'GO:0003676', 'GO:0003674', 'GO:0003727', 'GO:0097159', 'GO:0008187', 'GO:0005488', 'GO:0003723', 'GO:1901363'}"
GO:0030371,"{'GO:0003674', 'GO:0045182'}"
GO:0051015,"{'GO:0005515', 'GO:0003674', 'GO:0003779', 'GO:0008092', 'GO:0044877', 'GO:0005488'}"
GO:0042805,"{'GO:0008092', 'GO:0005488', 'GO:0005515', 'GO:0003674'}"
GO:0031005,"{'GO:0008092', 'GO:0005488', 'GO:0005515', 'GO:0003674'}"
GO:0005546,"{'GO:1902936', 'GO:0008289', 'GO:0043167', 'GO:0003674', 'GO:0035091', 'GO:1901981', 'GO:0005543', 'GO:0005488', 'GO:0043168'}"
GO:0001786,"{'GO:0072341', 'GO:0008289', 'GO:0005543', 'GO:0005488', 'GO:0003674'}"
GO:0005506,"{'GO:0043167', 'GO:0046872', 'GO:0043169', 'GO:0046914', 'GO:0005488', 'GO:0003674'}"
GO:0008327,"{'GO:1901265', 'GO:0003676', 'GO:0000166', 'GO:0003674', 'GO:0036094', 'GO:0097159', 'GO:0003677', 'GO:0005488', 'GO:0043565', 'GO:1901363'}"
GO:0070579,"{'GO:0016706', 'GO:0003824', 'GO:0016705', 'GO:0051213', 'GO:0003674', 'GO:0016491'}"
GO:0047224,"{'GO:0003824', 'GO:0140096', 'GO:0016758', 'GO:0003674', 'GO:0008375', 'GO:0008194', 'GO:0016740', 'GO:0016757', 'GO:0140103'}"
GO:0008376,"{'GO:0003824', 'GO:0016758', 'GO:0003674', 'GO:0008194', 'GO:0016740', 'GO:0016757'}"
GO:0008378,"{'GO:0003824', 'GO:0016740', 'GO:0016758', 'GO:0016757', 'GO:0003674'}"
GO:0008532,"{'GO:0003824', 'GO:0016740', 'GO:0016758', 'GO:0016757', 'GO:0003674', 'GO:0008375', 'GO:0008194'}"
GO:0000340,"{'GO:0003676', 'GO:0003723', 'GO:0000339', 'GO:0005488', 'GO:0003674', 'GO:0097159', 'GO:1901363'}"
GO:0003743,"{'GO:0045182', 'GO:0003676', 'GO:0003674', 'GO:0097159', 'GO:0008135', 'GO:0090079', 'GO:0005488', 'GO:0003723', 'GO:1901363'}"
GO:0004741,"{'GO:0003824', 'GO:0016791', 'GO:0140096', 'GO:0016788', 'GO:0003674', 'GO:0016787', 'GO:0004721', 'GO:0042578'}"
GO:0000287,"{'GO:0043167', 'GO:0046872', 'GO:0043169', 'GO:0005488', 'GO:0003674'}"
GO:0004724,"{'GO:0042578', 'GO:0003824', 'GO:0140096', 'GO:0016788', 'GO:0003674', 'GO:0016787', 'GO:0004722', 'GO:0004721', 'GO:0016791'}"
GO:0004722,"{'GO:0003824', 'GO:0016791', 'GO:0140096', 'GO:0016788', 'GO:0003674', 'GO:0016787', 'GO:0004721', 'GO:0042578'}"
GO:0050429,"{'GO:0003824', 'GO:0004629', 'GO:0016788', 'GO:0003674', 'GO:0016787', 'GO:0008081', 'GO:0004620', 'GO:0042578', 'GO:0016298'}"
GO:0004435,"{'GO:0003824', 'GO:0004629', 'GO:0016788', 'GO:0003674', 'GO:0016787', 'GO:0008081', 'GO:0004620', 'GO:0042578', 'GO:0016298'}"
GO:0003676,"{'GO:0005488', 'GO:0003674', 'GO:0097159', 'GO:1901363'}"
GO:0004065,"{'GO:0003824', 'GO:0016787', 'GO:0016788', 'GO:0003674', 'GO:0008484'}"
GO:0043890,"{'GO:0003824', 'GO:0016787', 'GO:0016788', 'GO:0003674', 'GO:0008484'}"
GO:0008484,"{'GO:0003824', 'GO:0003674', 'GO:0016787', 'GO:0016788'}"
GO:0017016,"{'GO:0051020', 'GO:0005515', 'GO:0019899', 'GO:0005488', 'GO:0003674'}"
GO:0140036,"{'GO:0140030', 'GO:0005515', 'GO:0005488', 'GO:0003674', 'GO:0140035'}"
GO:0061630,"{'GO:0003824', 'GO:0140096', 'GO:0003674', 'GO:0019787', 'GO:0016740', 'GO:0004842', 'GO:0061659'}"
GO:0015136,"{'GO:0008509', 'GO:0022857', 'GO:0015075', 'GO:0003674', 'GO:0005215', 'GO:1901505'}"
GO:0015293,"{'GO:0015291', 'GO:0022857', 'GO:0003674', 'GO:0022804', 'GO:0005215'}"
GO:0051018,"{'GO:0005488', 'GO:0003674', 'GO:0005515'}"
GO:0008321,"{'GO:0098772', 'GO:0030234', 'GO:0030695', 'GO:0003674', 'GO:0060589'}"
GO:0003712,"{'GO:0098772', 'GO:0003674', 'GO:0140110'}"
GO:0004115,"{'GO:0003824', 'GO:0004114', 'GO:0016788', 'GO:0003674', 'GO:0004112', 'GO:0016787', 'GO:0008081', 'GO:0042578'}"
GO:0004114,"{'GO:0003824', 'GO:0008081', 'GO:0016787', 'GO:0016788', 'GO:0003674', 'GO:0004112', 'GO:0042578'}"
GO:0051219,"{'GO:0005488', 'GO:0003674', 'GO:0005515'}"
GO:0043422,"{'GO:0019899', 'GO:0005515', 'GO:0019901', 'GO:0005488', 'GO:0003674', 'GO:0019900'}"
GO:0004867,"{'GO:0030414', 'GO:0061134', 'GO:0061135', 'GO:0003674', 'GO:0098772', 'GO:0004857', 'GO:0030234', 'GO:0004866'}"
GO:0019969,"{'GO:0005515', 'GO:0003674', 'GO:0019838', 'GO:0005488', 'GO:0019955'}"
GO:0004920,"{'GO:0004896', 'GO:0060089', 'GO:0004888', 'GO:0003674', 'GO:0038023', 'GO:0140375'}"
GO:0045499,"{'GO:0030545', 'GO:0005515', 'GO:0003674', 'GO:0005102', 'GO:0098772', 'GO:0005488', 'GO:0030546', 'GO:0048018'}"
GO:0030215,"{'GO:0005488', 'GO:0003674', 'GO:0005515', 'GO:0005102'}"
GO:0005088,"{'GO:0098772', 'GO:0030234', 'GO:0030695', 'GO:0003674', 'GO:0060589'}"
GO:0000987,"{'GO:0001067', 'GO:0000976', 'GO:0003676', 'GO:0003674', 'GO:0097159', 'GO:0003690', 'GO:1990837', 'GO:0003677', 'GO:0005488', 'GO:0043565', 'GO:1901363'}"
GO:0000976,"{'GO:0001067', 'GO:0003676', 'GO:0003674', 'GO:0097159', 'GO:0003690', 'GO:1990837', 'GO:0003677', 'GO:0005488', 'GO:0043565', 'GO:1901363'}"
GO:0004500,"{'GO:0016705', 'GO:0003824', 'GO:0004497', 'GO:0003674', 'GO:0016491', 'GO:0016715'}"
GO:0016715,"{'GO:0003824', 'GO:0003674', 'GO:0016491', 'GO:0016705', 'GO:0004497'}"
GO:0070888,"{'GO:0000978', 'GO:0001067', 'GO:0000976', 'GO:0003676', 'GO:0003674', 'GO:0000987', 'GO:0097159', 'GO:0003690', 'GO:1990837', 'GO:0003677', 'GO:0005488', 'GO:0000977', 'GO:0043565', 'GO:1901363'}"
GO:0048101,"{'GO:0003824', 'GO:0004114', 'GO:0016788', 'GO:0003674', 'GO:0004112', 'GO:0016787', 'GO:0008081', 'GO:0047555', 'GO:0042578'}"
GO:0004117,"{'GO:0003824', 'GO:0004114', 'GO:0016788', 'GO:0003674', 'GO:0004112', 'GO:0016787', 'GO:0008081', 'GO:0042578'}"
GO:0030552,"{'GO:0032559', 'GO:0000166', 'GO:0032553', 'GO:0032555', 'GO:0005488', 'GO:0097367', 'GO:0043168', 'GO:1901265', 'GO:0043167', 'GO:0003674', 'GO:0030551', 'GO:0036094', 'GO:0097159', 'GO:0030554', 'GO:0017076', 'GO:1901363'}"
GO:0043023,"{'GO:0043021', 'GO:0005488', 'GO:0044877', 'GO:0003674'}"
GO:0004842,"{'GO:0003824', 'GO:0016740', 'GO:0140096', 'GO:0003674', 'GO:0019787'}"
GO:0003725,"{'GO:0003676', 'GO:0005488', 'GO:0003674', 'GO:0097159', 'GO:0003723', 'GO:1901363'}"
GO:0008138,"{'GO:0003824', 'GO:0016791', 'GO:0140096', 'GO:0016788', 'GO:0003674', 'GO:0016787', 'GO:0004721', 'GO:0042578'}"
GO:0004553,"{'GO:0003824', 'GO:0016798', 'GO:0016787', 'GO:0003674'}"
GO:0102390,"{'GO:0003824', 'GO:0052689', 'GO:0016788', 'GO:0003674', 'GO:0016787'}"
GO:0140326,"{'GO:0005319', 'GO:0003674', 'GO:0005215', 'GO:0140303'}"
GO:0015296,"{'GO:0015103', 'GO:0015291', 'GO:0022890', 'GO:0008509', 'GO:0003674', 'GO:0015318', 'GO:0005215', 'GO:0015294', 'GO:0015075', 'GO:0015293', 'GO:0022857', 'GO:0022853', 'GO:0008324', 'GO:0022804'}"
GO:0015086,"{'GO:0046873', 'GO:0022890', 'GO:0003674', 'GO:0015318', 'GO:0005215', 'GO:0046915', 'GO:0022857', 'GO:0015075', 'GO:0008324'}"
GO:0015093,"{'GO:0005381', 'GO:0046873', 'GO:0022890', 'GO:0003674', 'GO:0015318', 'GO:0005215', 'GO:0046915', 'GO:0022857', 'GO:0015075', 'GO:0008324'}"
GO:0005381,"{'GO:0046873', 'GO:0022890', 'GO:0003674', 'GO:0015318', 'GO:0005215', 'GO:0046915', 'GO:0022857', 'GO:0015075', 'GO:0008324'}"
GO:0005384,"{'GO:0046873', 'GO:0022890', 'GO:0003674', 'GO:0015318', 'GO:0005215', 'GO:0046915', 'GO:0022857', 'GO:0015075', 'GO:0008324'}"
GO:0005385,"{'GO:0046873', 'GO:0022890', 'GO:0003674', 'GO:0015318', 'GO:0005215', 'GO:0046915', 'GO:0022857', 'GO:0015075', 'GO:0008324'}"
GO:0033038,"{'GO:0060089', 'GO:0004888', 'GO:0038023', 'GO:0008527', 'GO:0003674'}"
GO:0030156,"{'GO:0005488', 'GO:0003674', 'GO:0005515', 'GO:0005102'}"
GO:0099626,"{'GO:0015267', 'GO:0005261', 'GO:0005244', 'GO:0005216', 'GO:0008324', 'GO:0046873', 'GO:0022890', 'GO:0022843', 'GO:0015085', 'GO:0005245', 'GO:0015318', 'GO:0003674', 'GO:0005215', 'GO:0022836', 'GO:0022803', 'GO:0005262', 'GO:0099511', 'GO:0022857', 'GO:0022832', 'GO:0015075'}"
GO:0019894,"{'GO:0008092', 'GO:0005488', 'GO:0005515', 'GO:0003674'}"
GO:0000149,"{'GO:0005488', 'GO:0003674', 'GO:0005515'}"
GO:0019905,"{'GO:0005488', 'GO:0000149', 'GO:0005515', 'GO:0003674'}"
GO:0044547,"{'GO:0005488', 'GO:0003674', 'GO:0005515', 'GO:0019899'}"
GO:0004819,"{'GO:0140101', 'GO:0003824', 'GO:0140098', 'GO:0016875', 'GO:0003674', 'GO:0016874', 'GO:0004812'}"
GO:0004860,"{'GO:0019887', 'GO:0019210', 'GO:0003674', 'GO:0019207', 'GO:0004857', 'GO:0098772', 'GO:0030234'}"
GO:0016409,"{'GO:0003824', 'GO:0016740', 'GO:0003674', 'GO:0016746', 'GO:0016747'}"
GO:0019706,"{'GO:0003824', 'GO:0019707', 'GO:0140096', 'GO:0016746', 'GO:0003674', 'GO:0016747', 'GO:0016417', 'GO:0016740', 'GO:0016409'}"
GO:0004177,"{'GO:0003824', 'GO:0008238', 'GO:0140096', 'GO:0003674', 'GO:0008233', 'GO:0016787'}"
GO:0008236,"{'GO:0003824', 'GO:0140096', 'GO:0003674', 'GO:0008233', 'GO:0016787', 'GO:0017171'}"
GO:0097363,"{'GO:0003824', 'GO:0016740', 'GO:0140096', 'GO:0016757', 'GO:0003674'}"
GO:0016757,"{'GO:0003824', 'GO:0003674', 'GO:0016740'}"
GO:0004016,"{'GO:0003824', 'GO:0003674', 'GO:0009975', 'GO:0016829', 'GO:0016849'}"
GO:0071890,"{'GO:0005488', 'GO:0003674', 'GO:0043167', 'GO:0043168'}"
GO:0030145,"{'GO:0043167', 'GO:0046872', 'GO:0043169', 'GO:0046914', 'GO:0005488', 'GO:0003674'}"
GO:0004864,"{'GO:0019208', 'GO:0019888', 'GO:0003674', 'GO:0019212', 'GO:0098772', 'GO:0004857', 'GO:0030234'}"
GO:0008046,"{'GO:0060089', 'GO:0004888', 'GO:0003674', 'GO:0038023'}"
GO:0005005,"{'GO:0003824', 'GO:0060089', 'GO:0016772', 'GO:0140096', 'GO:0005003', 'GO:0016773', 'GO:0003674', 'GO:0004713', 'GO:0019199', 'GO:0004714', 'GO:0016301', 'GO:0016740', 'GO:0004672', 'GO:0004888', 'GO:0038023'}"
GO:0032182,"{'GO:0005488', 'GO:0003674', 'GO:0005515'}"
GO:0019797,"{'GO:0003824', 'GO:0031543', 'GO:0140096', 'GO:0003674', 'GO:0016491', 'GO:0051213', 'GO:0031544', 'GO:0016706', 'GO:0016705', 'GO:0019798'}"
GO:0004510,"{'GO:0016705', 'GO:0003824', 'GO:0004497', 'GO:0003674', 'GO:0016491', 'GO:0016714'}"
GO:0017022,"{'GO:0008092', 'GO:0005488', 'GO:0005515', 'GO:0003674'}"
GO:0031369,"{'GO:0005488', 'GO:0003674', 'GO:0005515'}"
GO:0043130,"{'GO:0005488', 'GO:0003674', 'GO:0032182', 'GO:0005515'}"
GO:0051990,"{'GO:0016614', 'GO:0003674', 'GO:0016491', 'GO:0003824'}"
GO:0071949,"{'GO:1901265', 'GO:0043167', 'GO:0000166', 'GO:0050660', 'GO:0003674', 'GO:0036094', 'GO:0097159', 'GO:0043168', 'GO:0005488', 'GO:1901363'}"
GO:0015081,"{'GO:0046873', 'GO:0022890', 'GO:0003674', 'GO:0015318', 'GO:0005215', 'GO:0022857', 'GO:0015075', 'GO:0008324'}"
GO:0008510,"{'GO:0008509', 'GO:0015294', 'GO:0015293', 'GO:0140410', 'GO:0022853', 'GO:0008324', 'GO:0015106', 'GO:0046873', 'GO:0022890', 'GO:0015291', 'GO:0003674', 'GO:0015318', 'GO:0005215', 'GO:0015081', 'GO:0015370', 'GO:0022857', 'GO:0015075', 'GO:0008514', 'GO:0022804'}"
GO:0019992,"{'GO:0008289', 'GO:0005488', 'GO:0003674'}"
GO:0001566,"{'GO:0060089', 'GO:0003674', 'GO:0001565', 'GO:0038023'}"
GO:0017075,"{'GO:0019905', 'GO:0005515', 'GO:0003674', 'GO:0005488', 'GO:0000149'}"
GO:0000033,"{'GO:0003824', 'GO:0016740', 'GO:0016758', 'GO:0016757', 'GO:0003674', 'GO:0000030'}"
GO:0052925,"{'GO:0003824', 'GO:0016740', 'GO:0016758', 'GO:0003674', 'GO:0016757', 'GO:0000033', 'GO:0000030'}"
GO:0043138,"{'GO:0016817', 'GO:0003824', 'GO:0140097', 'GO:0003674', 'GO:0003678', 'GO:0016887', 'GO:0016787', 'GO:0017111', 'GO:0016818', 'GO:0016462', 'GO:0004386'}"
GO:0003678,"{'GO:0016817', 'GO:0003824', 'GO:0140097', 'GO:0003674', 'GO:0016887', 'GO:0016787', 'GO:0017111', 'GO:0016818', 'GO:0016462', 'GO:0004386'}"
GO:0015616,"{'GO:0016817', 'GO:0003824', 'GO:0140097', 'GO:0003674', 'GO:0016887', 'GO:0016787', 'GO:0017111', 'GO:0016818', 'GO:0008094', 'GO:0016462'}"
GO:0005251,"{'GO:0015267', 'GO:0005261', 'GO:0015079', 'GO:0005244', 'GO:0005216', 'GO:0005249', 'GO:0008324', 'GO:0046873', 'GO:0022890', 'GO:0022843', 'GO:0015318', 'GO:0003674', 'GO:0005215', 'GO:0022836', 'GO:0022803', 'GO:0005267', 'GO:0022857', 'GO:0022832', 'GO:0015075'}"
GO:0005267,"{'GO:0015267', 'GO:0022890', 'GO:0046873', 'GO:0005261', 'GO:0015318', 'GO:0003674', 'GO:0005215', 'GO:0015079', 'GO:0022803', 'GO:0005216', 'GO:0022857', 'GO:0015075', 'GO:0008324'}"
GO:0005244,"{'GO:0015267', 'GO:0003674', 'GO:0022836', 'GO:0005215', 'GO:0022803', 'GO:0022857', 'GO:0022832', 'GO:0015075'}"
GO:0005249,"{'GO:0015267', 'GO:0005261', 'GO:0015079', 'GO:0005244', 'GO:0005216', 'GO:0008324', 'GO:0046873', 'GO:0022890', 'GO:0022843', 'GO:0015318', 'GO:0003674', 'GO:0005215', 'GO:0022836', 'GO:0022803', 'GO:0005267', 'GO:0022857', 'GO:0022832', 'GO:0015075'}"
GO:0008887,"{'GO:0003824', 'GO:0016772', 'GO:0016773', 'GO:0003674', 'GO:0016301', 'GO:0016740'}"
GO:0016671,"{'GO:0003824', 'GO:0016667', 'GO:0016491', 'GO:0003674'}"
GO:0003756,"{'GO:0003824', 'GO:0003674', 'GO:0140096', 'GO:0016864', 'GO:0016860', 'GO:0016853'}"
GO:0035374,"{'GO:0005539', 'GO:0003674', 'GO:0005488', 'GO:1901681', 'GO:0097367'}"
GO:0005540,"{'GO:0005488', 'GO:0003674', 'GO:0097367', 'GO:0005539'}"
GO:0005319,"{'GO:0003674', 'GO:0005215'}"
GO:0052689,"{'GO:0003824', 'GO:0003674', 'GO:0016787', 'GO:0016788'}"
GO:0042171,"{'GO:0071617', 'GO:0003824', 'GO:0016740', 'GO:0016746', 'GO:0003674', 'GO:0016747'}"
GO:0004622,"{'GO:0003824', 'GO:0052689', 'GO:0016788', 'GO:0003674', 'GO:0016787', 'GO:0004620', 'GO:0016298'}"
GO:0001103,"{'GO:0070491', 'GO:0005515', 'GO:0140297', 'GO:0003674', 'GO:0008134', 'GO:0061629', 'GO:0005488'}"
GO:0005549,"{'GO:0005488', 'GO:0003674'}"
GO:0004984,"{'GO:0060089', 'GO:0004888', 'GO:0003674', 'GO:0038023'}"
GO:0005104,"{'GO:0003674', 'GO:0005515', 'GO:0005488', 'GO:0070851', 'GO:0005102'}"
GO:0103002,"{'GO:0016616', 'GO:0003824', 'GO:0016614', 'GO:0003674', 'GO:0016491'}"
GO:0018685,"{'GO:0016705', 'GO:0003824', 'GO:0004497', 'GO:0016713', 'GO:0003674', 'GO:0016491'}"
GO:0008391,"{'GO:0003824', 'GO:0003674', 'GO:0016491', 'GO:0016705', 'GO:0004497'}"
GO:0052869,"{'GO:0016705', 'GO:0003824', 'GO:0004497', 'GO:0016713', 'GO:0003674', 'GO:0016491'}"
GO:0070330,"{'GO:0016705', 'GO:0003824', 'GO:0016712', 'GO:0004497', 'GO:0003674', 'GO:0016491'}"
GO:0020037,"{'GO:0005488', 'GO:0046906', 'GO:0003674', 'GO:0097159', 'GO:1901363'}"
GO:0102116,"{'GO:0016705', 'GO:0003824', 'GO:0004497', 'GO:0003674', 'GO:0016491', 'GO:0016709'}"
GO:0004497,"{'GO:0003824', 'GO:0003674', 'GO:0016491'}"
GO:0000774,"{'GO:1901265', 'GO:0000166', 'GO:0003674', 'GO:0036094', 'GO:0097159', 'GO:0098772', 'GO:0060590', 'GO:0005488', 'GO:0030234', 'GO:0030554', 'GO:0017076', 'GO:0060589', 'GO:1901363'}"
GO:0051087,"{'GO:0005488', 'GO:0003674', 'GO:0005515'}"
GO:0031072,"{'GO:0005488', 'GO:0003674', 'GO:0005515'}"
GO:0008061,"{'GO:0005488', 'GO:0003674', 'GO:0097367'}"
GO:0070492,"{'GO:0005488', 'GO:0030246', 'GO:0003674'}"
GO:0016277,"{'GO:0003824', 'GO:0008276', 'GO:0140096', 'GO:0016273', 'GO:0003674', 'GO:0008168', 'GO:0016741', 'GO:0016274', 'GO:0016740', 'GO:0008170', 'GO:0008757'}"
GO:0044020,"{'GO:0003824', 'GO:0008276', 'GO:0140096', 'GO:0016273', 'GO:0008757', 'GO:0003674', 'GO:0008168', 'GO:0016741', 'GO:0016274', 'GO:0042054', 'GO:0016740', 'GO:0008170', 'GO:0008469'}"
GO:0008469,"{'GO:0003824', 'GO:0008276', 'GO:0140096', 'GO:0016273', 'GO:0003674', 'GO:0008168', 'GO:0016741', 'GO:0016274', 'GO:0042054', 'GO:0016740', 'GO:0008170', 'GO:0008757'}"
GO:0035241,"{'GO:0003824', 'GO:0008276', 'GO:0140096', 'GO:0016273', 'GO:0003674', 'GO:0008168', 'GO:0016741', 'GO:0016274', 'GO:0016740', 'GO:0008170', 'GO:0008757'}"
GO:0035243,"{'GO:0003824', 'GO:0008276', 'GO:0140096', 'GO:0016273', 'GO:0003674', 'GO:0008168', 'GO:0016741', 'GO:0016274', 'GO:0016740', 'GO:0008170', 'GO:0008757'}"
GO:0043021,"{'GO:0005488', 'GO:0044877', 'GO:0003674'}"
GO:0008757,"{'GO:0003824', 'GO:0016740', 'GO:0003674', 'GO:0008168', 'GO:0016741'}"
GO:0005261,"{'GO:0015267', 'GO:0022890', 'GO:0015318', 'GO:0003674', 'GO:0005215', 'GO:0022803', 'GO:0005216', 'GO:0022857', 'GO:0015075', 'GO:0008324'}"
GO:0017020,"{'GO:0098772', 'GO:0019208', 'GO:0019888', 'GO:0003674', 'GO:0030234'}"
GO:0019888,"{'GO:0098772', 'GO:0003674', 'GO:0019208', 'GO:0030234'}"
GO:0000293,"{'GO:0003824', 'GO:0016722', 'GO:0016723', 'GO:0003674', 'GO:0016491'}"
GO:0097682,"{'GO:0015267', 'GO:0005261', 'GO:0005217', 'GO:0022834', 'GO:0005216', 'GO:0008324', 'GO:0022890', 'GO:0099094', 'GO:0015276', 'GO:0015318', 'GO:0003674', 'GO:0005215', 'GO:0022836', 'GO:0022803', 'GO:0022857', 'GO:0015075'}"
GO:0099604,"{'GO:0015267', 'GO:0005261', 'GO:0022834', 'GO:0005216', 'GO:0008324', 'GO:0046873', 'GO:0022890', 'GO:0015085', 'GO:0099094', 'GO:0015276', 'GO:0015318', 'GO:0003674', 'GO:0005215', 'GO:0022836', 'GO:0022803', 'GO:0005262', 'GO:0022857', 'GO:0015075'}"
GO:0008289,"{'GO:0005488', 'GO:0003674'}"
GO:0072345,"{'GO:0015267', 'GO:0005261', 'GO:0005217', 'GO:0099604', 'GO:0022834', 'GO:0005216', 'GO:0008324', 'GO:0046873', 'GO:0022890', 'GO:0015085', 'GO:0099094', 'GO:0015276', 'GO:0015278', 'GO:0015318', 'GO:0003674', 'GO:0005215', 'GO:0022836', 'GO:0022803', 'GO:0005262', 'GO:0022857', 'GO:0015075'}"
GO:0042043,"{'GO:0005488', 'GO:0003674', 'GO:0005515', 'GO:0005102'}"
GO:0097110,"{'GO:0005488', 'GO:0003674', 'GO:0005515'}"
GO:0046523,"{'GO:0003824', 'GO:0003674', 'GO:0016860', 'GO:0016861', 'GO:0016853'}"
GO:0031730,"{'GO:0005515', 'GO:0001664', 'GO:0003674', 'GO:0042379', 'GO:0005102', 'GO:0048020', 'GO:0005126', 'GO:0005488'}"
GO:0016423,"{'GO:0140101', 'GO:0003824', 'GO:0003674', 'GO:0008168', 'GO:0008175', 'GO:0016741', 'GO:0140098', 'GO:0016740', 'GO:0008173', 'GO:0008757'}"
GO:0003735,"{'GO:0005198', 'GO:0003674'}"
GO:0003777,"{'GO:0016817', 'GO:0003824', 'GO:0003774', 'GO:0003674', 'GO:0016787', 'GO:0017111', 'GO:0016818', 'GO:0016462'}"
GO:0071855,"{'GO:0003674', 'GO:0005515', 'GO:0005488', 'GO:0001664', 'GO:0005102'}"
GO:0048018,"{'GO:0030545', 'GO:0005515', 'GO:0003674', 'GO:0005102', 'GO:0098772', 'GO:0005488', 'GO:0030546'}"
GO:0030898,"{'GO:0016817', 'GO:0003824', 'GO:0003674', 'GO:0016887', 'GO:0016787', 'GO:0017111', 'GO:0016818', 'GO:0016462'}"
GO:0000146,"{'GO:0016817', 'GO:0003824', 'GO:0003774', 'GO:0003674', 'GO:0016787', 'GO:0017111', 'GO:0016818', 'GO:0016462'}"
GO:0004300,"{'GO:0016829', 'GO:0003824', 'GO:0003674', 'GO:0016836', 'GO:0016835'}"
GO:0000210,"{'GO:0016817', 'GO:0016818', 'GO:0003824', 'GO:0004551', 'GO:0016462', 'GO:0003674', 'GO:0016787'}"
GO:0035529,"{'GO:0016817', 'GO:0016818', 'GO:0003824', 'GO:0004551', 'GO:0016462', 'GO:0003674', 'GO:0016787'}"
GO:0110153,"{'GO:0003824', 'GO:0016817', 'GO:0003674', 'GO:0016787', 'GO:0140098', 'GO:0016818'}"
GO:0003920,"{'GO:0003824', 'GO:0016657', 'GO:0016651', 'GO:0003674', 'GO:0016491'}"
GO:0001085,"{'GO:0003674', 'GO:0005515', 'GO:0005488', 'GO:0140297', 'GO:0008134'}"
GO:0008607,"{'GO:0019887', 'GO:0098772', 'GO:0030234', 'GO:0003674', 'GO:0019207'}"
GO:0016494,"{'GO:0060089', 'GO:0008528', 'GO:0003674', 'GO:0001653', 'GO:0140375', 'GO:0004896', 'GO:0001637', 'GO:0004930', 'GO:0004888', 'GO:0038023', 'GO:0004950'}"
GO:0004950,"{'GO:0060089', 'GO:0008528', 'GO:0003674', 'GO:0001653', 'GO:0140375', 'GO:0004896', 'GO:0001637', 'GO:0004930', 'GO:0004888', 'GO:0038023'}"
GO:0001530,"{'GO:0008289', 'GO:0005488', 'GO:0003674', 'GO:0097367'}"
GO:0001875,"{'GO:0060089', 'GO:0038187', 'GO:0003674', 'GO:0038023'}"
GO:0035662,"{'GO:0035325', 'GO:0005515', 'GO:0005488', 'GO:0003674', 'GO:0005102'}"
GO:0060090,{'GO:0003674'}
GO:0004512,"{'GO:0003824', 'GO:0003674', 'GO:0016853', 'GO:0016872'}"
GO:0017050,"{'GO:0003824', 'GO:0016301', 'GO:0016772', 'GO:0016740', 'GO:0003674'}"
GO:0001727,"{'GO:0003824', 'GO:0016301', 'GO:0016772', 'GO:0016740', 'GO:0003674'}"
GO:0003951,"{'GO:0003824', 'GO:0016772', 'GO:0016773', 'GO:0003674', 'GO:0016301', 'GO:0016740'}"
GO:0031493,"{'GO:0044877', 'GO:0005488', 'GO:0031491', 'GO:0005515', 'GO:0003682', 'GO:0003674', 'GO:0042393'}"
GO:0008481,"{'GO:0003824', 'GO:0016772', 'GO:0016773', 'GO:0003674', 'GO:0016301', 'GO:0016740', 'GO:0001727'}"
GO:0038036,"{'GO:0060089', 'GO:0004930', 'GO:0045125', 'GO:0004888', 'GO:0038023', 'GO:0003674'}"
GO:0001162,"{'GO:0003676', 'GO:0001161', 'GO:0005488', 'GO:0043565', 'GO:0001067', 'GO:0000976', 'GO:0003674', 'GO:0097159', 'GO:0003690', 'GO:1990837', 'GO:0003677', 'GO:0000977', 'GO:1901363'}"
GO:0000026,"{'GO:0003824', 'GO:0016740', 'GO:0016758', 'GO:0016757', 'GO:0003674', 'GO:0000030'}"
GO:0004376,"{'GO:0003824', 'GO:0016740', 'GO:0016758', 'GO:0016757', 'GO:0003674', 'GO:0000030'}"
GO:0000030,"{'GO:0003824', 'GO:0016740', 'GO:0016758', 'GO:0016757', 'GO:0003674'}"
GO:0005078,"{'GO:0003674', 'GO:0060090', 'GO:0030674', 'GO:0035591'}"
GO:0051019,"{'GO:0019899', 'GO:0005515', 'GO:0019901', 'GO:0005488', 'GO:0003674', 'GO:0019900'}"
GO:0005547,"{'GO:0008289', 'GO:0043167', 'GO:0003674', 'GO:0035091', 'GO:1901981', 'GO:0005543', 'GO:0005488', 'GO:0043168'}"
GO:0043539,"{'GO:0019887', 'GO:0030295', 'GO:0019209', 'GO:0003674', 'GO:0019207', 'GO:0098772', 'GO:0008047', 'GO:0030234'}"
GO:0048365,"{'GO:0051020', 'GO:0005515', 'GO:0019899', 'GO:0005488', 'GO:0003674'}"
GO:0017048,"{'GO:0051020', 'GO:0005515', 'GO:0019899', 'GO:0005488', 'GO:0003674'}"
GO:0044548,"{'GO:0005488', 'GO:0003674', 'GO:0005515'}"
GO:0031267,"{'GO:0051020', 'GO:0005515', 'GO:0019899', 'GO:0005488', 'GO:0003674'}"
GO:0004879,"{'GO:0003700', 'GO:0000981', 'GO:0003674', 'GO:0098531', 'GO:0140110'}"
GO:0004683,"{'GO:0003824', 'GO:0004674', 'GO:0016772', 'GO:0140096', 'GO:0016773', 'GO:0003674', 'GO:0016301', 'GO:0016740', 'GO:0004672'}"
GO:0017154,"{'GO:0060089', 'GO:0004888', 'GO:0003674', 'GO:0038023'}"
GO:0042169,"{'GO:0005488', 'GO:0003674', 'GO:0019904', 'GO:0005515'}"
GO:0017166,"{'GO:0008092', 'GO:0005488', 'GO:0005515', 'GO:0003674'}"
GO:0031490,"{'GO:0003676', 'GO:0003682', 'GO:0003674', 'GO:0097159', 'GO:0003677', 'GO:0005488', 'GO:1901363'}"
GO:0034246,"{'GO:0003674', 'GO:0140110'}"
GO:0001221,"{'GO:0005488', 'GO:0003674', 'GO:0008134', 'GO:0005515'}"
GO:0004694,"{'GO:0003824', 'GO:0004674', 'GO:0045182', 'GO:0016772', 'GO:0140096', 'GO:0016773', 'GO:0003674', 'GO:0016301', 'GO:0016740', 'GO:0004672'}"
GO:0005198,{'GO:0003674'}
GO:0003774,"{'GO:0017111', 'GO:0016817', 'GO:0016818', 'GO:0003824', 'GO:0016462', 'GO:0003674', 'GO:0016787'}"
GO:0019784,"{'GO:0003824', 'GO:0140096', 'GO:0008234', 'GO:0019783', 'GO:0003674', 'GO:0008233', 'GO:0016787'}"
GO:0004843,"{'GO:0003824', 'GO:0140096', 'GO:0003674', 'GO:0016787', 'GO:0008242', 'GO:0008233', 'GO:0101005'}"
GO:0101005,"{'GO:0003824', 'GO:0140096', 'GO:0003674', 'GO:0016787'}"
GO:0070180,"{'GO:0003676', 'GO:0003723', 'GO:0005488', 'GO:0003674', 'GO:0097159', 'GO:0019843', 'GO:1901363'}"
GO:0047704,"{'GO:0003824', 'GO:0016740', 'GO:0003674', 'GO:0008146', 'GO:0016782'}"
