GO:0034452,"{'GO:0005515', 'GO:0003674', 'GO:0005488', 'GO:0008092'}"
GO:0017137,"{'GO:0005515', 'GO:0003674', 'GO:0051020', 'GO:0019899', 'GO:0005488'}"
GO:0042802,"{'GO:0005515', 'GO:0005488', 'GO:0003674'}"
GO:0051020,"{'GO:0005515', 'GO:0019899', 'GO:0005488', 'GO:0003674'}"
GO:0031625,"{'GO:0005515', 'GO:0044389', 'GO:0003674', 'GO:0019899', 'GO:0005488'}"
GO:0019902,"{'GO:0005515', 'GO:0019899', 'GO:0005488', 'GO:0003674'}"
GO:0005509,"{'GO:0046872', 'GO:0003674', 'GO:0043167', 'GO:0005488', 'GO:0043169'}"
GO:0019904,"{'GO:0005515', 'GO:0005488', 'GO:0003674'}"
GO:0019901,"{'GO:0005515', 'GO:0003674', 'GO:0019900', 'GO:0019899', 'GO:0005488'}"
GO:0030674,"{'GO:0003674', 'GO:0060090'}"
GO:0008253,"{'GO:0016788', 'GO:0042578', 'GO:0003674', 'GO:0008252', 'GO:0016787', 'GO:0016791', 'GO:0003824'}"
GO:0000287,"{'GO:0046872', 'GO:0003674', 'GO:0043167', 'GO:0005488', 'GO:0043169'}"
GO:0000166,"{'GO:0036094', 'GO:0097159', 'GO:0005488', 'GO:1901265', 'GO:0003674', 'GO:1901363'}"
GO:0030332,"{'GO:0005515', 'GO:0005488', 'GO:0003674'}"
GO:0001640,"{'GO:0038023', 'GO:0003674', 'GO:0004888', 'GO:0060089', 'GO:0098988', 'GO:0004930', 'GO:0008066'}"
GO:0008066,"{'GO:0060089', 'GO:0003674', 'GO:0038023', 'GO:0004888'}"
GO:0004970,"{'GO:0005230', 'GO:0030594', 'GO:0005216', 'GO:0004888', 'GO:0060089', 'GO:0015075', 'GO:0015318', 'GO:0005215', 'GO:0022803', 'GO:0022835', 'GO:0022824', 'GO:0008066', 'GO:0022836', 'GO:0015267', 'GO:0022857', 'GO:0003674', 'GO:0022834', 'GO:0015276', 'GO:0038023'}"
GO:0015277,"{'GO:0005230', 'GO:0005216', 'GO:0004888', 'GO:0015075', 'GO:0060089', 'GO:0022890', 'GO:0015318', 'GO:0005215', 'GO:0022803', 'GO:0099094', 'GO:0022824', 'GO:0022836', 'GO:0022857', 'GO:0015079', 'GO:0005272', 'GO:0005267', 'GO:0015276', 'GO:0038023', 'GO:0004970', 'GO:0030594', 'GO:0008324', 'GO:0046873', 'GO:0022835', 'GO:0005261', 'GO:0008066', 'GO:0015081', 'GO:0015267', 'GO:0003674', 'GO:0022834'}"
GO:0015276,"{'GO:0015267', 'GO:0005216', 'GO:0015075', 'GO:0015318', 'GO:0022857', 'GO:0022803', 'GO:0005215', 'GO:0003674', 'GO:0022834', 'GO:0022836'}"
GO:0038023,"{'GO:0060089', 'GO:0003674'}"
GO:1904315,"{'GO:0005230', 'GO:0030594', 'GO:0099529', 'GO:0005216', 'GO:0060089', 'GO:0015075', 'GO:0015318', 'GO:0005215', 'GO:0022803', 'GO:0022835', 'GO:0022824', 'GO:0098960', 'GO:0022836', 'GO:0015267', 'GO:0022857', 'GO:0003674', 'GO:0022834', 'GO:0015276', 'GO:0038023'}"
GO:0034458,"{'GO:0016462', 'GO:0016818', 'GO:0003724', 'GO:0016817', 'GO:0016787', 'GO:0004386', 'GO:0016887', 'GO:0003674', 'GO:0017111', 'GO:0003824', 'GO:0140098'}"
GO:0005524,"{'GO:0097159', 'GO:0032555', 'GO:0005488', 'GO:0017076', 'GO:0000166', 'GO:0036094', 'GO:0097367', 'GO:0032559', 'GO:0043167', 'GO:1901265', 'GO:0035639', 'GO:0030554', 'GO:0043168', 'GO:0003674', 'GO:0032553', 'GO:1901363'}"
GO:1990247,"{'GO:0003723', 'GO:0097159', 'GO:0003674', 'GO:0005488', 'GO:0003676', 'GO:1901363'}"
GO:0003723,"{'GO:0097159', 'GO:0003674', 'GO:0005488', 'GO:0003676', 'GO:1901363'}"
GO:0070063,"{'GO:0005515', 'GO:0019899', 'GO:0005488', 'GO:0003674'}"
GO:0008186,"{'GO:0016462', 'GO:0016818', 'GO:0016817', 'GO:0016787', 'GO:0003674', 'GO:0017111', 'GO:0003824', 'GO:0016887'}"
GO:0003700,"{'GO:0003674', 'GO:0140110'}"
GO:0001227,"{'GO:0001217', 'GO:0003700', 'GO:0140110', 'GO:0003674', 'GO:0000981'}"
GO:0046872,"{'GO:0003674', 'GO:0043167', 'GO:0005488', 'GO:0043169'}"
GO:0000978,"{'GO:0097159', 'GO:0043565', 'GO:0005488', 'GO:0000987', 'GO:0000976', 'GO:0003677', 'GO:0003676', 'GO:1990837', 'GO:0003690', 'GO:0003674', 'GO:0000977', 'GO:0001067', 'GO:1901363'}"
GO:0043565,"{'GO:0005488', 'GO:0097159', 'GO:0003674', 'GO:0003677', 'GO:0003676', 'GO:1901363'}"
GO:0004930,"{'GO:0060089', 'GO:0003674', 'GO:0038023', 'GO:0004888'}"
GO:0005518,"{'GO:0005488', 'GO:0003674', 'GO:0044877'}"
GO:0043236,"{'GO:0005515', 'GO:0003674', 'GO:0005488', 'GO:0050840'}"
GO:0003677,"{'GO:0097159', 'GO:0003674', 'GO:0005488', 'GO:0003676', 'GO:1901363'}"
GO:0051721,"{'GO:0005515', 'GO:0019902', 'GO:0003674', 'GO:0019903', 'GO:0019899', 'GO:0005488'}"
GO:0004864,"{'GO:0098772', 'GO:0019888', 'GO:0004857', 'GO:0019212', 'GO:0003674', 'GO:0019208', 'GO:0030234'}"
GO:0033613,"{'GO:0005515', 'GO:0003674', 'GO:0140297', 'GO:0005488', 'GO:0008134'}"
GO:0003682,"{'GO:0003674', 'GO:0005488'}"
GO:0001046,"{'GO:0097159', 'GO:1990837', 'GO:0043565', 'GO:0005488', 'GO:0003690', 'GO:0003674', 'GO:0001067', 'GO:0000976', 'GO:0003677', 'GO:0003676', 'GO:1901363'}"
GO:0019213,"{'GO:0003674', 'GO:0016787', 'GO:0003824'}"
GO:0070888,"{'GO:0097159', 'GO:0043565', 'GO:0000978', 'GO:1990837', 'GO:0005488', 'GO:0000987', 'GO:0003690', 'GO:0003674', 'GO:0000977', 'GO:0001067', 'GO:0000976', 'GO:0003677', 'GO:0003676', 'GO:1901363'}"
GO:0019899,"{'GO:0005515', 'GO:0005488', 'GO:0003674'}"
GO:0004407,"{'GO:0019213', 'GO:0033558', 'GO:0140096', 'GO:0016811', 'GO:0016787', 'GO:0003674', 'GO:0016810', 'GO:0003824'}"
GO:0042826,"{'GO:0005515', 'GO:0019899', 'GO:0005488', 'GO:0003674'}"
GO:0035851,"{'GO:0005515', 'GO:0005488', 'GO:0019904', 'GO:0003674'}"
GO:0032041,"{'GO:0033558', 'GO:0004407', 'GO:0017136', 'GO:0034979', 'GO:0016810', 'GO:0031078', 'GO:0019213', 'GO:0140096', 'GO:0016811', 'GO:0016787', 'GO:0003674', 'GO:0003824'}"
GO:0051059,"{'GO:0005515', 'GO:0003674', 'GO:0140297', 'GO:0061629', 'GO:0005488', 'GO:0008134'}"
GO:0002039,"{'GO:0005515', 'GO:0005488', 'GO:0003674'}"
GO:1990841,"{'GO:0003682', 'GO:0005488', 'GO:0003674'}"
GO:0033558,"{'GO:0019213', 'GO:0140096', 'GO:0016787', 'GO:0003674', 'GO:0003824'}"
GO:0047485,"{'GO:0005515', 'GO:0005488', 'GO:0003674'}"
GO:0044877,"{'GO:0003674', 'GO:0005488'}"
GO:0070491,"{'GO:0005515', 'GO:0003674', 'GO:0140297', 'GO:0005488', 'GO:0008134'}"
GO:0000979,"{'GO:0097159', 'GO:0043565', 'GO:0005488', 'GO:0001046', 'GO:0000976', 'GO:0003677', 'GO:0003676', 'GO:1990837', 'GO:0003690', 'GO:0003674', 'GO:0000977', 'GO:0001067', 'GO:1901363'}"
GO:0001103,"{'GO:0140297', 'GO:0061629', 'GO:0005488', 'GO:0005515', 'GO:0003674', 'GO:0070491', 'GO:0008134'}"
GO:0001085,"{'GO:0005515', 'GO:0003674', 'GO:0140297', 'GO:0005488', 'GO:0008134'}"
GO:0003714,"{'GO:0003712', 'GO:0003674', 'GO:0140110', 'GO:0098772'}"
GO:0008134,"{'GO:0005515', 'GO:0005488', 'GO:0003674'}"
GO:0000976,"{'GO:0097159', 'GO:1990837', 'GO:0043565', 'GO:0005488', 'GO:0003690', 'GO:0003674', 'GO:0001067', 'GO:0003677', 'GO:0003676', 'GO:1901363'}"
GO:0003691,"{'GO:0097159', 'GO:0043565', 'GO:0042162', 'GO:0005488', 'GO:0003690', 'GO:0003674', 'GO:0003677', 'GO:0003676', 'GO:1901363'}"
GO:0098505,"{'GO:0097159', 'GO:0043565', 'GO:0003697', 'GO:0042162', 'GO:0098847', 'GO:0005488', 'GO:0003674', 'GO:0043047', 'GO:0003677', 'GO:0003676', 'GO:1901363'}"
GO:0008022,"{'GO:0005515', 'GO:0005488', 'GO:0003674'}"
GO:0042803,"{'GO:0005488', 'GO:0005515', 'GO:0042802', 'GO:0046983', 'GO:0003674'}"
GO:0042162,"{'GO:0097159', 'GO:0043565', 'GO:0003674', 'GO:0003677', 'GO:0005488', 'GO:0003676', 'GO:1901363'}"
GO:0004725,"{'GO:0016788', 'GO:0042578', 'GO:0140096', 'GO:0004721', 'GO:0016787', 'GO:0003674', 'GO:0016791', 'GO:0003824'}"
GO:0086080,"{'GO:0005515', 'GO:0098632', 'GO:0003674', 'GO:0098631', 'GO:0005488', 'GO:0050839'}"
GO:0003916,"{'GO:0003674', 'GO:0140097', 'GO:0016853', 'GO:0003824'}"
GO:0003917,"{'GO:0003674', 'GO:0140097', 'GO:0016853', 'GO:0003916', 'GO:0003824'}"
GO:0003697,"{'GO:0005488', 'GO:0097159', 'GO:0003674', 'GO:0003677', 'GO:0003676', 'GO:1901363'}"
GO:0008270,"{'GO:0046914', 'GO:0046872', 'GO:0003674', 'GO:0043167', 'GO:0005488', 'GO:0043169'}"
GO:0003823,"{'GO:0003674', 'GO:0005488'}"
GO:0030246,"{'GO:0003674', 'GO:0005488'}"
GO:0097367,"{'GO:0003674', 'GO:0005488'}"
GO:0001664,"{'GO:0005515', 'GO:0005102', 'GO:0005488', 'GO:0003674'}"
GO:0038187,"{'GO:0060089', 'GO:0003674', 'GO:0038023'}"
GO:0033691,"{'GO:0097367', 'GO:0043167', 'GO:0005488', 'GO:0043168', 'GO:0003674', 'GO:0031406'}"
GO:0005102,"{'GO:0005515', 'GO:0005488', 'GO:0003674'}"
GO:0003779,"{'GO:0005515', 'GO:0003674', 'GO:0005488', 'GO:0008092'}"
GO:0051015,"{'GO:0008092', 'GO:0005488', 'GO:0044877', 'GO:0003779', 'GO:0005515', 'GO:0003674'}"
GO:0071933,"{'GO:0005488', 'GO:0003674', 'GO:0044877'}"
GO:0005546,"{'GO:1902936', 'GO:0043167', 'GO:0005488', 'GO:0005543', 'GO:0035091', 'GO:0043168', 'GO:0003674', 'GO:1901981', 'GO:0008289'}"
GO:0047598,"{'GO:0016627', 'GO:0016491', 'GO:0016628', 'GO:0003674', 'GO:0003824'}"
GO:0050661,"{'GO:0000166', 'GO:0036094', 'GO:0097159', 'GO:1901265', 'GO:0003674', 'GO:0005488', 'GO:1901363'}"
GO:0016627,"{'GO:0016491', 'GO:0003674', 'GO:0003824'}"
GO:0009918,"{'GO:0016627', 'GO:0016491', 'GO:0003674', 'GO:0003824'}"
GO:0016787,"{'GO:0003674', 'GO:0003824'}"
GO:0004176,"{'GO:0016462', 'GO:0016818', 'GO:0140096', 'GO:0016817', 'GO:0016787', 'GO:0003674', 'GO:0008233', 'GO:0017111', 'GO:0003824', 'GO:0016887'}"
GO:0004222,"{'GO:0008237', 'GO:0140096', 'GO:0004175', 'GO:0016787', 'GO:0003824', 'GO:0003674', 'GO:0008233'}"
GO:0015301,"{'GO:0008509', 'GO:0015075', 'GO:0022804', 'GO:0022857', 'GO:0005215', 'GO:0015297', 'GO:0015291', 'GO:0003674', 'GO:0022853', 'GO:0140323'}"
GO:0030506,"{'GO:0005515', 'GO:0003674', 'GO:0005488', 'GO:0008092'}"
GO:0015106,"{'GO:0008514', 'GO:0008509', 'GO:0015075', 'GO:0015318', 'GO:0022857', 'GO:0005215', 'GO:0003674'}"
GO:0015108,"{'GO:0022857', 'GO:0008509', 'GO:0015103', 'GO:0005215', 'GO:0003674', 'GO:0015075', 'GO:0015318'}"
GO:0030492,"{'GO:0005515', 'GO:0005488', 'GO:0003674'}"
GO:0005452,"{'GO:0008509', 'GO:0015075', 'GO:0015318', 'GO:0022857', 'GO:0005215', 'GO:0015103', 'GO:0015291', 'GO:0003674', 'GO:0022804', 'GO:0022853'}"
GO:0022857,"{'GO:0005215', 'GO:0003674'}"
GO:0097110,"{'GO:0005515', 'GO:0005488', 'GO:0003674'}"
GO:0005198,{'GO:0003674'}
GO:0008083,"{'GO:0098772', 'GO:0005102', 'GO:0005488', 'GO:0048018', 'GO:0030546', 'GO:0005515', 'GO:0003674', 'GO:0030545'}"
GO:0005131,"{'GO:0005102', 'GO:0005488', 'GO:0005515', 'GO:0005126', 'GO:0003674', 'GO:0051427'}"
GO:0005179,"{'GO:0098772', 'GO:0005102', 'GO:0005488', 'GO:0048018', 'GO:0030546', 'GO:0005515', 'GO:0003674', 'GO:0030545'}"
GO:0003899,"{'GO:0097747', 'GO:0016740', 'GO:0016779', 'GO:0003674', 'GO:0016772', 'GO:0034062', 'GO:0003824', 'GO:0140098'}"
GO:0019900,"{'GO:0005515', 'GO:0019899', 'GO:0005488', 'GO:0003674'}"
GO:0016209,{'GO:0003674'}
GO:0032052,"{'GO:0043168', 'GO:0003674', 'GO:0033293', 'GO:0043167', 'GO:0005488', 'GO:0031406'}"
GO:0008144,"{'GO:0003674', 'GO:0005488'}"
GO:0005504,"{'GO:0043168', 'GO:0003674', 'GO:0033293', 'GO:0008289', 'GO:0043167', 'GO:0005488', 'GO:0031406'}"
GO:0005324,"{'GO:0005215', 'GO:0005319', 'GO:0003674'}"
GO:0005543,"{'GO:0005488', 'GO:0003674', 'GO:0008289'}"
GO:0008392,"{'GO:0008391', 'GO:0016491', 'GO:0003674', 'GO:0004497', 'GO:0016705', 'GO:0003824'}"
GO:0070330,"{'GO:0016491', 'GO:0003674', 'GO:0016712', 'GO:0004497', 'GO:0016705', 'GO:0003824'}"
GO:0020037,"{'GO:0097159', 'GO:0003674', 'GO:0046906', 'GO:0005488', 'GO:1901363'}"
GO:0005506,"{'GO:0046914', 'GO:0046872', 'GO:0003674', 'GO:0043167', 'GO:0005488', 'GO:0043169'}"
GO:0016712,"{'GO:0016491', 'GO:0003674', 'GO:0004497', 'GO:0016705', 'GO:0003824'}"
GO:0008395,"{'GO:0016491', 'GO:0003674', 'GO:0004497', 'GO:0003824'}"
GO:0004064,"{'GO:0016788', 'GO:0052689', 'GO:0003674', 'GO:0016787', 'GO:0003824'}"
GO:0004089,"{'GO:0003824', 'GO:0003674', 'GO:0016829', 'GO:0016835', 'GO:0016836'}"
GO:0016836,"{'GO:0016829', 'GO:0016835', 'GO:0003674', 'GO:0003824'}"
GO:0004392,"{'GO:0016491', 'GO:0003674', 'GO:0016705', 'GO:0003824'}"
GO:0004630,"{'GO:0016788', 'GO:0042578', 'GO:0008081', 'GO:0004620', 'GO:0016787', 'GO:0003674', 'GO:0016298', 'GO:0003824'}"
GO:0098632,"{'GO:0005515', 'GO:0003674', 'GO:0098631', 'GO:0005488', 'GO:0050839'}"
GO:0005537,"{'GO:0036094', 'GO:0003674', 'GO:0030246', 'GO:0005488', 'GO:0048029'}"
GO:0001618,"{'GO:0140272', 'GO:0005488', 'GO:0003674'}"
GO:0005525,"{'GO:0097159', 'GO:0032555', 'GO:0032550', 'GO:0005488', 'GO:0001882', 'GO:0036094', 'GO:0097367', 'GO:0017076', 'GO:0000166', 'GO:0032549', 'GO:0032561', 'GO:0001883', 'GO:0043167', 'GO:1901265', 'GO:0035639', 'GO:0043168', 'GO:0003674', 'GO:0032553', 'GO:1901363', 'GO:0019001'}"
GO:0003810,"{'GO:0016740', 'GO:0003824', 'GO:0003674', 'GO:0140096', 'GO:0016746', 'GO:0016755'}"
GO:0008483,"{'GO:0016740', 'GO:0003674', 'GO:0016769', 'GO:0003824'}"
GO:0001165,"{'GO:0097159', 'GO:1990837', 'GO:0043565', 'GO:0001163', 'GO:0005488', 'GO:0003690', 'GO:0003674', 'GO:0001067', 'GO:0000976', 'GO:0003677', 'GO:0003676', 'GO:1901363'}"
GO:0001164,"{'GO:0097159', 'GO:0043565', 'GO:0001163', 'GO:0005488', 'GO:0001046', 'GO:0000976', 'GO:0003677', 'GO:0003676', 'GO:1990837', 'GO:0003690', 'GO:0003674', 'GO:0001067', 'GO:1901363'}"
GO:0001181,"{'GO:0140223', 'GO:0003674'}"
GO:0016887,"{'GO:0016462', 'GO:0016818', 'GO:0003674', 'GO:0017111', 'GO:0016817', 'GO:0016787', 'GO:0003824'}"
GO:0042626,"{'GO:0022857', 'GO:0015399', 'GO:0005215', 'GO:0003674', 'GO:0022804'}"
GO:0051087,"{'GO:0005515', 'GO:0005488', 'GO:0003674'}"
GO:0005254,"{'GO:0008509', 'GO:0005253', 'GO:0005216', 'GO:0015267', 'GO:0015075', 'GO:0015108', 'GO:0015318', 'GO:0022857', 'GO:0005215', 'GO:0015103', 'GO:0022803', 'GO:0003674'}"
GO:0019869,"{'GO:0099106', 'GO:0098772', 'GO:0016248', 'GO:0017081', 'GO:0003674', 'GO:0016247', 'GO:0008200'}"
GO:0005260,"{'GO:0008509', 'GO:0005253', 'GO:0005216', 'GO:0005254', 'GO:0015075', 'GO:0015318', 'GO:0005215', 'GO:0022803', 'GO:0015103', 'GO:0099142', 'GO:0022836', 'GO:0099095', 'GO:0015267', 'GO:0005217', 'GO:0015108', 'GO:0035381', 'GO:0022857', 'GO:0003674', 'GO:0022834', 'GO:0015276'}"
GO:0016853,"{'GO:0003674', 'GO:0003824'}"
GO:0030165,"{'GO:0005515', 'GO:0005488', 'GO:0019904', 'GO:0003674'}"
GO:0106138,"{'GO:0005488', 'GO:0003674', 'GO:0044877'}"
GO:0004175,"{'GO:0003824', 'GO:0003674', 'GO:0140096', 'GO:0016787', 'GO:0008233'}"
GO:0004298,"{'GO:0140096', 'GO:0004175', 'GO:0016787', 'GO:0003824', 'GO:0003674', 'GO:0070003', 'GO:0008233'}"
GO:0004726,"{'GO:0016788', 'GO:0042578', 'GO:0004725', 'GO:0140096', 'GO:0004721', 'GO:0016787', 'GO:0003674', 'GO:0016791', 'GO:0003824'}"
GO:0016791,"{'GO:0016788', 'GO:0042578', 'GO:0003674', 'GO:0016787', 'GO:0003824'}"
GO:1990782,"{'GO:0005515', 'GO:0003674', 'GO:0019901', 'GO:0019900', 'GO:0019899', 'GO:0005488'}"
GO:0017124,"{'GO:0005515', 'GO:0005488', 'GO:0019904', 'GO:0003674'}"
GO:0004714,"{'GO:0004888', 'GO:0060089', 'GO:0016301', 'GO:0016772', 'GO:0019199', 'GO:0004672', 'GO:0016740', 'GO:0016773', 'GO:0140096', 'GO:0003674', 'GO:0004713', 'GO:0038023', 'GO:0003824'}"
GO:0003689,"{'GO:0097159', 'GO:0016818', 'GO:0005488', 'GO:1901363', 'GO:0033170', 'GO:0017111', 'GO:0003677', 'GO:0003676', 'GO:0008094', 'GO:0016462', 'GO:0140097', 'GO:0016817', 'GO:0016787', 'GO:0003674', 'GO:0003824', 'GO:0016887'}"
GO:0061860,"{'GO:0097159', 'GO:0016462', 'GO:0016818', 'GO:0140097', 'GO:0016817', 'GO:0005488', 'GO:0016787', 'GO:0003824', 'GO:0003674', 'GO:0017111', 'GO:0003677', 'GO:0003676', 'GO:1901363', 'GO:0016887'}"
GO:0003690,"{'GO:0005488', 'GO:0097159', 'GO:0003674', 'GO:0003677', 'GO:0003676', 'GO:1901363'}"
GO:0000981,"{'GO:0003700', 'GO:0003674', 'GO:0140110'}"
GO:1990837,"{'GO:0097159', 'GO:0043565', 'GO:0005488', 'GO:0003690', 'GO:0003674', 'GO:0003677', 'GO:0003676', 'GO:1901363'}"
GO:0051537,"{'GO:0005488', 'GO:0003674', 'GO:0051536', 'GO:0051540'}"
GO:0009055,"{'GO:0016491', 'GO:0003674', 'GO:0003824'}"
GO:0004060,"{'GO:0016407', 'GO:0016740', 'GO:0016410', 'GO:0016746', 'GO:0003824', 'GO:0003674', 'GO:0016747', 'GO:0008080'}"
GO:0010859,"{'GO:0004866', 'GO:0098772', 'GO:0004857', 'GO:0061134', 'GO:0003674', 'GO:0004869', 'GO:0030414', 'GO:0030234', 'GO:0061135'}"
GO:0002020,"{'GO:0005515', 'GO:0019899', 'GO:0005488', 'GO:0003674'}"
GO:0008020,"{'GO:0004888', 'GO:0060089', 'GO:0009881', 'GO:0004930', 'GO:0003674', 'GO:0038023'}"
GO:0004016,"{'GO:0009975', 'GO:0016829', 'GO:0016849', 'GO:0003674', 'GO:0003824'}"
GO:0008408,"{'GO:0016788', 'GO:0003674', 'GO:0004527', 'GO:0004518', 'GO:0016787', 'GO:0003824'}"
GO:0003887,"{'GO:0016740', 'GO:0003674', 'GO:0016772', 'GO:0034061', 'GO:0140097', 'GO:0003824', 'GO:0016779'}"
GO:0004527,"{'GO:0016788', 'GO:0003824', 'GO:0003674', 'GO:0016787', 'GO:0004518'}"
GO:0003924,"{'GO:0016462', 'GO:0016818', 'GO:0003674', 'GO:0017111', 'GO:0016817', 'GO:0016787', 'GO:0003824'}"
GO:0031386,{'GO:0003674'}
GO:0046965,"{'GO:0005102', 'GO:0140297', 'GO:0061629', 'GO:0005488', 'GO:0035257', 'GO:0005515', 'GO:0016922', 'GO:0003674', 'GO:0042974', 'GO:0051427', 'GO:0008134'}"
GO:0019789,"{'GO:0019787', 'GO:0016740', 'GO:0003674', 'GO:0140096', 'GO:0003824'}"
GO:0044389,"{'GO:0005515', 'GO:0019899', 'GO:0005488', 'GO:0003674'}"
GO:0005521,"{'GO:0005515', 'GO:0005488', 'GO:0003674'}"
GO:0008157,"{'GO:0005515', 'GO:0019902', 'GO:0003674', 'GO:0019903', 'GO:0019899', 'GO:0005488'}"
GO:0019903,"{'GO:0005515', 'GO:0019902', 'GO:0003674', 'GO:0019899', 'GO:0005488'}"
GO:0004722,"{'GO:0016788', 'GO:0042578', 'GO:0140096', 'GO:0004721', 'GO:0016787', 'GO:0003674', 'GO:0016791', 'GO:0003824'}"
GO:0050681,"{'GO:0005102', 'GO:0140297', 'GO:0061629', 'GO:0005488', 'GO:0035257', 'GO:0005515', 'GO:0016922', 'GO:0003674', 'GO:0035258', 'GO:0051427', 'GO:0008134'}"
GO:0004698,"{'GO:0004674', 'GO:0016301', 'GO:0010857', 'GO:0009931', 'GO:0004672', 'GO:0016740', 'GO:0016773', 'GO:0140096', 'GO:0003674', 'GO:0016772', 'GO:0004697', 'GO:0003824'}"
GO:0017049,"{'GO:0005515', 'GO:0003674', 'GO:0051020', 'GO:0019899', 'GO:0005488'}"
GO:0042393,"{'GO:0005515', 'GO:0005488', 'GO:0003674'}"
GO:0035402,"{'GO:0004672', 'GO:0016740', 'GO:0016773', 'GO:0035173', 'GO:0140096', 'GO:0004674', 'GO:0016301', 'GO:0003674', 'GO:0035184', 'GO:0016772', 'GO:0003824'}"
GO:0030374,"{'GO:0003712', 'GO:0098772', 'GO:0003674', 'GO:0003713', 'GO:0140110'}"
GO:0004672,"{'GO:0016740', 'GO:0016773', 'GO:0140096', 'GO:0016301', 'GO:0003674', 'GO:0016772', 'GO:0003824'}"
GO:0005080,"{'GO:0005515', 'GO:0003674', 'GO:0019901', 'GO:0019900', 'GO:0019899', 'GO:0005488'}"
GO:0004674,"{'GO:0004672', 'GO:0016740', 'GO:0016773', 'GO:0140096', 'GO:0016301', 'GO:0003674', 'GO:0016772', 'GO:0003824'}"
GO:0048365,"{'GO:0005515', 'GO:0003674', 'GO:0051020', 'GO:0019899', 'GO:0005488'}"
GO:0004017,"{'GO:0016740', 'GO:0016776', 'GO:0019205', 'GO:0050145', 'GO:0016301', 'GO:0003674', 'GO:0016772', 'GO:0003824'}"
GO:0051880,"{'GO:0005488', 'GO:0097159', 'GO:0003674', 'GO:0003677', 'GO:0003676', 'GO:1901363'}"
GO:0043047,"{'GO:0097159', 'GO:0043565', 'GO:0003697', 'GO:0042162', 'GO:0098847', 'GO:0005488', 'GO:0003674', 'GO:0003677', 'GO:0003676', 'GO:1901363'}"
GO:0015171,"{'GO:0008509', 'GO:0005342', 'GO:0046943', 'GO:0015075', 'GO:0015318', 'GO:0022857', 'GO:0005215', 'GO:0003674'}"
GO:0015181,"{'GO:0008514', 'GO:0008509', 'GO:0015171', 'GO:0008324', 'GO:0005342', 'GO:0015075', 'GO:0046943', 'GO:0015318', 'GO:0022857', 'GO:0005215', 'GO:0003674', 'GO:0015174'}"
GO:0015174,"{'GO:0015171', 'GO:0008509', 'GO:0005342', 'GO:0046943', 'GO:0015075', 'GO:0015318', 'GO:0022857', 'GO:0005215', 'GO:0003674'}"
GO:0061459,"{'GO:0015171', 'GO:0008509', 'GO:0008514', 'GO:0008324', 'GO:0046943', 'GO:0015075', 'GO:0015318', 'GO:0005215', 'GO:0015181', 'GO:0005342', 'GO:0015179', 'GO:0022857', 'GO:0003674', 'GO:0015174'}"
GO:0015189,"{'GO:0015171', 'GO:0008509', 'GO:0008514', 'GO:0008324', 'GO:0005342', 'GO:0046943', 'GO:0015075', 'GO:0015179', 'GO:0015318', 'GO:0022857', 'GO:0005215', 'GO:0003674', 'GO:0015174'}"
GO:0000064,"{'GO:0015171', 'GO:0008509', 'GO:0008514', 'GO:0008324', 'GO:0005342', 'GO:0046943', 'GO:0015075', 'GO:0015179', 'GO:0015318', 'GO:0022857', 'GO:0005215', 'GO:0003674'}"
GO:0005544,"{'GO:0003674', 'GO:0005543', 'GO:0005488', 'GO:0008289'}"
GO:0048306,"{'GO:0005515', 'GO:0005488', 'GO:0003674'}"
GO:0051117,"{'GO:0005515', 'GO:0019899', 'GO:0005488', 'GO:0003674'}"
GO:0001228,"{'GO:0001216', 'GO:0003700', 'GO:0140110', 'GO:0003674', 'GO:0000981'}"
GO:0042562,"{'GO:0003674', 'GO:0005488'}"
GO:0004879,"{'GO:0003700', 'GO:0140110', 'GO:0098531', 'GO:0003674', 'GO:0000981'}"
GO:0001225,"{'GO:0001224', 'GO:0005488', 'GO:0005515', 'GO:0003674', 'GO:0001221', 'GO:0001223', 'GO:0008134'}"
GO:0005496,"{'GO:0097159', 'GO:0003674', 'GO:0005488', 'GO:0008289'}"
GO:0003707,"{'GO:0060089', 'GO:0003674', 'GO:0038023'}"
GO:0004181,"{'GO:0008237', 'GO:0140096', 'GO:0016787', 'GO:0008235', 'GO:0003674', 'GO:0008233', 'GO:0008238', 'GO:0004180', 'GO:0003824'}"
GO:0015631,"{'GO:0005515', 'GO:0003674', 'GO:0005488', 'GO:0008092'}"
GO:0005088,"{'GO:0098772', 'GO:0003674', 'GO:0030695', 'GO:0030234', 'GO:0060589'}"
GO:1990254,"{'GO:0003674', 'GO:0044877', 'GO:0005488', 'GO:0019215'}"
GO:0008168,"{'GO:0016740', 'GO:0003674', 'GO:0003824', 'GO:0016741'}"
GO:0062152,"{'GO:0016741', 'GO:0016740', 'GO:0008173', 'GO:0008757', 'GO:0008174', 'GO:0003674', 'GO:0008168', 'GO:0003824', 'GO:0140098'}"
GO:0016428,"{'GO:0016741', 'GO:0016740', 'GO:0016427', 'GO:0008173', 'GO:0008757', 'GO:0140101', 'GO:0003674', 'GO:0008168', 'GO:0008175', 'GO:0003824', 'GO:0140098'}"
GO:0000049,"{'GO:0003723', 'GO:0097159', 'GO:0003674', 'GO:0005488', 'GO:0003676', 'GO:1901363'}"
GO:0035198,"{'GO:0003723', 'GO:0097159', 'GO:0003674', 'GO:0061980', 'GO:0005488', 'GO:0003676', 'GO:1901363'}"
GO:0030371,"{'GO:0003674', 'GO:0045182'}"
GO:0061630,"{'GO:0019787', 'GO:0016740', 'GO:0004842', 'GO:0140096', 'GO:0003674', 'GO:0061659', 'GO:0003824'}"
GO:0004842,"{'GO:0019787', 'GO:0016740', 'GO:0003674', 'GO:0140096', 'GO:0003824'}"
GO:0004430,"{'GO:0016740', 'GO:0016301', 'GO:0003674', 'GO:0016773', 'GO:0016772', 'GO:0052742', 'GO:0003824'}"
GO:0035651,"{'GO:0005488', 'GO:0003674', 'GO:0044877'}"
GO:0005201,"{'GO:0005198', 'GO:0003674'}"
GO:0004867,"{'GO:0004866', 'GO:0098772', 'GO:0004857', 'GO:0061134', 'GO:0003674', 'GO:0030414', 'GO:0030234', 'GO:0061135'}"
GO:0005096,"{'GO:0098772', 'GO:0060589', 'GO:0008047', 'GO:0003674', 'GO:0030695', 'GO:0030234'}"
GO:0004605,"{'GO:0016740', 'GO:0003674', 'GO:0070567', 'GO:0016772', 'GO:0003824', 'GO:0016779'}"
GO:0003977,"{'GO:0016740', 'GO:0070569', 'GO:0003674', 'GO:0016772', 'GO:0003824', 'GO:0016779'}"
GO:0003729,"{'GO:0003723', 'GO:0097159', 'GO:0003674', 'GO:0005488', 'GO:0003676', 'GO:1901363'}"
GO:0036002,"{'GO:0003723', 'GO:0097159', 'GO:0003674', 'GO:0005488', 'GO:0003676', 'GO:1901363'}"
GO:0016740,"{'GO:0003674', 'GO:0003824'}"
GO:0004706,"{'GO:0004709', 'GO:0004672', 'GO:0016740', 'GO:0016773', 'GO:0140096', 'GO:0004674', 'GO:0016301', 'GO:0003674', 'GO:0016772', 'GO:0003824'}"
GO:0004115,"{'GO:0016788', 'GO:0042578', 'GO:0008081', 'GO:0016787', 'GO:0004112', 'GO:0003824', 'GO:0003674', 'GO:0004114'}"
GO:0004114,"{'GO:0016788', 'GO:0042578', 'GO:0003674', 'GO:0016787', 'GO:0008081', 'GO:0004112', 'GO:0003824'}"
GO:0008234,"{'GO:0003824', 'GO:0003674', 'GO:0140096', 'GO:0016787', 'GO:0008233'}"
GO:0051879,"{'GO:0005515', 'GO:0031072', 'GO:0005488', 'GO:0003674'}"
GO:1990380,"{'GO:0003674', 'GO:0140096', 'GO:0101005', 'GO:0016787', 'GO:0003824'}"
GO:0004843,"{'GO:0140096', 'GO:0101005', 'GO:0016787', 'GO:0003824', 'GO:0003674', 'GO:0008233', 'GO:0008242'}"
GO:0005085,"{'GO:0098772', 'GO:0003674', 'GO:0030695', 'GO:0030234', 'GO:0060589'}"
GO:0000149,"{'GO:0005515', 'GO:0005488', 'GO:0003674'}"
GO:0016706,"{'GO:0016491', 'GO:0051213', 'GO:0003674', 'GO:0016705', 'GO:0003824'}"
GO:0071558,"{'GO:0032451', 'GO:0140457', 'GO:0003674', 'GO:0140096', 'GO:0032452', 'GO:0003824'}"
GO:0051864,"{'GO:0032451', 'GO:0016491', 'GO:0051213', 'GO:0140096', 'GO:0016706', 'GO:0032452', 'GO:0003824', 'GO:0003674', 'GO:0016705', 'GO:0140457'}"
GO:0032454,"{'GO:0032451', 'GO:0140457', 'GO:0003674', 'GO:0140096', 'GO:0032452', 'GO:0003824'}"
GO:0035575,"{'GO:0032451', 'GO:0140457', 'GO:0003674', 'GO:0140096', 'GO:0032452', 'GO:0003824'}"
GO:0035064,"{'GO:0140034', 'GO:0005488', 'GO:0005515', 'GO:0003674', 'GO:0042393', 'GO:0140030'}"
GO:0004252,"{'GO:0140096', 'GO:0004175', 'GO:0016787', 'GO:0003824', 'GO:0003674', 'GO:0017171', 'GO:0008236', 'GO:0008233'}"
GO:0030145,"{'GO:0046914', 'GO:0046872', 'GO:0003674', 'GO:0043167', 'GO:0005488', 'GO:0043169'}"
GO:0004715,"{'GO:0004672', 'GO:0016740', 'GO:0016773', 'GO:0140096', 'GO:0016301', 'GO:0003674', 'GO:0004713', 'GO:0016772', 'GO:0003824'}"
GO:0001784,"{'GO:0005515', 'GO:0051219', 'GO:0045309', 'GO:0003674', 'GO:0005488'}"
GO:0004713,"{'GO:0004672', 'GO:0016740', 'GO:0016773', 'GO:0140096', 'GO:0016301', 'GO:0003674', 'GO:0016772', 'GO:0003824'}"
GO:0008028,"{'GO:0008509', 'GO:0005342', 'GO:0046943', 'GO:0015075', 'GO:0015318', 'GO:0022857', 'GO:0005215', 'GO:0003674'}"
GO:0050833,"{'GO:0008514', 'GO:0008509', 'GO:0005342', 'GO:0015075', 'GO:0046943', 'GO:0015318', 'GO:0022857', 'GO:0005215', 'GO:0003674', 'GO:0008028'}"
GO:0015293,"{'GO:0022857', 'GO:0005215', 'GO:0015291', 'GO:0003674', 'GO:0022804'}"
GO:0005005,"{'GO:0004714', 'GO:0004672', 'GO:0016740', 'GO:0016773', 'GO:0004888', 'GO:0060089', 'GO:0140096', 'GO:0019199', 'GO:0016301', 'GO:0003674', 'GO:0005003', 'GO:0004713', 'GO:0016772', 'GO:0038023', 'GO:0003824'}"
GO:0004984,"{'GO:0060089', 'GO:0003674', 'GO:0038023', 'GO:0004888'}"
GO:0038024,{'GO:0003674'}
GO:0004888,"{'GO:0060089', 'GO:0003674', 'GO:0038023'}"
GO:0031490,"{'GO:0003682', 'GO:0097159', 'GO:0005488', 'GO:0003674', 'GO:0003677', 'GO:0003676', 'GO:1901363'}"
GO:0034875,"{'GO:0016491', 'GO:0003824', 'GO:0003674', 'GO:0033695', 'GO:0016725'}"
GO:0101020,"{'GO:0008395', 'GO:0016491', 'GO:0003674', 'GO:0004497', 'GO:0016705', 'GO:0003824'}"
GO:0004497,"{'GO:0016491', 'GO:0003674', 'GO:0003824'}"
GO:0008401,"{'GO:0016491', 'GO:0003674', 'GO:0004497', 'GO:0016705', 'GO:0003824'}"
GO:0008013,"{'GO:0005515', 'GO:0005488', 'GO:0003674'}"
GO:0045296,"{'GO:0005515', 'GO:0005488', 'GO:0050839', 'GO:0003674'}"
GO:0046982,"{'GO:0005515', 'GO:0046983', 'GO:0005488', 'GO:0003674'}"
GO:0035091,"{'GO:0003674', 'GO:0005543', 'GO:0005488', 'GO:0008289'}"
GO:0003712,"{'GO:0098772', 'GO:0003674', 'GO:0140110'}"
GO:0032266,"{'GO:0035091', 'GO:0003674', 'GO:1901981', 'GO:0005543', 'GO:0005488', 'GO:0008289'}"
GO:0019783,"{'GO:0003674', 'GO:0008233', 'GO:0140096', 'GO:0016787', 'GO:0003824', 'GO:0008234'}"
GO:0140036,"{'GO:0005515', 'GO:0003674', 'GO:0140035', 'GO:0005488', 'GO:0140030'}"
GO:0005516,"{'GO:0005515', 'GO:0005488', 'GO:0003674'}"
GO:0004687,"{'GO:0004672', 'GO:0016740', 'GO:0016773', 'GO:0140096', 'GO:0004674', 'GO:0016301', 'GO:0003674', 'GO:0016772', 'GO:0003824'}"
GO:0008574,"{'GO:0016462', 'GO:0016818', 'GO:0016817', 'GO:0016787', 'GO:0003774', 'GO:0003674', 'GO:0017111', 'GO:0003777', 'GO:1990939', 'GO:0003824', 'GO:0016887'}"
GO:0019894,"{'GO:0005515', 'GO:0003674', 'GO:0005488', 'GO:0008092'}"
GO:0008017,"{'GO:0005515', 'GO:0003674', 'GO:0015631', 'GO:0008092', 'GO:0005488'}"
GO:0003777,"{'GO:0016462', 'GO:0016818', 'GO:0016817', 'GO:0016787', 'GO:0003774', 'GO:0003674', 'GO:0017111', 'GO:0003824'}"
GO:0003774,"{'GO:0016462', 'GO:0016818', 'GO:0003674', 'GO:0017111', 'GO:0016817', 'GO:0016787', 'GO:0003824'}"
GO:0008139,"{'GO:0005048', 'GO:0033218', 'GO:0003674', 'GO:0042277', 'GO:0005488'}"
GO:0042277,"{'GO:0033218', 'GO:0003674', 'GO:0005488'}"
GO:0008236,"{'GO:0140096', 'GO:0016787', 'GO:0003674', 'GO:0008233', 'GO:0017171', 'GO:0003824'}"
GO:0017056,"{'GO:0005198', 'GO:0003674'}"
GO:0003713,"{'GO:0003712', 'GO:0003674', 'GO:0140110', 'GO:0098772'}"
GO:0050135,"{'GO:0016799', 'GO:0003674', 'GO:0016787', 'GO:0016798', 'GO:0003824'}"
GO:0061809,"{'GO:0016799', 'GO:0003674', 'GO:0016798', 'GO:0003953', 'GO:0016787', 'GO:0003824'}"
GO:0019843,"{'GO:0003723', 'GO:0097159', 'GO:0003674', 'GO:0005488', 'GO:0003676', 'GO:1901363'}"
GO:0015220,"{'GO:0022857', 'GO:0008509', 'GO:0005215', 'GO:0008324', 'GO:0003674', 'GO:0015075', 'GO:0015101'}"
GO:0043021,"{'GO:0005488', 'GO:0003674', 'GO:0044877'}"
GO:0003735,"{'GO:0005198', 'GO:0003674'}"
GO:0015187,"{'GO:0015171', 'GO:0008509', 'GO:0008514', 'GO:0008324', 'GO:0015175', 'GO:0005342', 'GO:0046943', 'GO:0015075', 'GO:0015179', 'GO:0015318', 'GO:0022857', 'GO:0005215', 'GO:0003674'}"
GO:0015375,"{'GO:0008514', 'GO:0015075', 'GO:0022890', 'GO:0015318', 'GO:0005215', 'GO:0015293', 'GO:0015291', 'GO:0022853', 'GO:0005342', 'GO:0005416', 'GO:0015370', 'GO:0022804', 'GO:0022857', 'GO:0005283', 'GO:0015171', 'GO:0008509', 'GO:0008324', 'GO:0046943', 'GO:0005343', 'GO:0046873', 'GO:0015294', 'GO:0015187', 'GO:0005295', 'GO:0015081', 'GO:0015175', 'GO:0015179', 'GO:0003674'}"
GO:0005385,"{'GO:0046915', 'GO:0008324', 'GO:0015075', 'GO:0046873', 'GO:0022890', 'GO:0015318', 'GO:0022857', 'GO:0005215', 'GO:0003674'}"
GO:0036313,"{'GO:0005515', 'GO:0003674', 'GO:0043548', 'GO:0019900', 'GO:0019899', 'GO:0005488'}"
GO:0008381,"{'GO:0015267', 'GO:0005216', 'GO:0015075', 'GO:0015318', 'GO:0022857', 'GO:0022803', 'GO:0005215', 'GO:0003674', 'GO:0022836'}"
GO:0016274,"{'GO:0016740', 'GO:0008757', 'GO:0140096', 'GO:0008170', 'GO:0008276', 'GO:0003674', 'GO:0008168', 'GO:0016273', 'GO:0003824', 'GO:0016741'}"
GO:0003725,"{'GO:0003723', 'GO:0097159', 'GO:0003674', 'GO:0005488', 'GO:0003676', 'GO:1901363'}"
GO:0000182,"{'GO:1990837', 'GO:0097159', 'GO:0043565', 'GO:0005488', 'GO:0003690', 'GO:0003674', 'GO:0003677', 'GO:0003676', 'GO:1901363'}"
GO:0043023,"{'GO:0003674', 'GO:0044877', 'GO:0005488', 'GO:0043021'}"
GO:0003724,"{'GO:0016462', 'GO:0016818', 'GO:0016817', 'GO:0016787', 'GO:0004386', 'GO:0140098', 'GO:0003674', 'GO:0017111', 'GO:0003824', 'GO:0016887'}"
GO:0004693,"{'GO:0004672', 'GO:0016740', 'GO:0016773', 'GO:0140096', 'GO:0004674', 'GO:0097472', 'GO:0016301', 'GO:0003674', 'GO:0016772', 'GO:0003824'}"
GO:0060090,{'GO:0003674'}
GO:0015297,"{'GO:0022857', 'GO:0005215', 'GO:0015291', 'GO:0003674', 'GO:0022804'}"
GO:0015179,"{'GO:0015171', 'GO:0008509', 'GO:0005342', 'GO:0046943', 'GO:0015075', 'GO:0015318', 'GO:0022857', 'GO:0005215', 'GO:0003674'}"
GO:0102200,"{'GO:0016788', 'GO:0042578', 'GO:0003674', 'GO:0008081', 'GO:0016787', 'GO:0003824'}"
GO:0070290,"{'GO:0016788', 'GO:0042578', 'GO:0008081', 'GO:0004620', 'GO:0016787', 'GO:0003674', 'GO:0016298', 'GO:0003824'}"
GO:0004620,"{'GO:0016788', 'GO:0003674', 'GO:0016298', 'GO:0016787', 'GO:0003824'}"
GO:0106105,"{'GO:0016788', 'GO:0016787', 'GO:0140101', 'GO:0052689', 'GO:0003824', 'GO:0003674', 'GO:0002161', 'GO:0140098'}"
GO:0002161,"{'GO:0016788', 'GO:0016787', 'GO:0140101', 'GO:0052689', 'GO:0003674', 'GO:0003824', 'GO:0140098'}"
GO:0051500,"{'GO:0016788', 'GO:0002161', 'GO:0016787', 'GO:0140101', 'GO:0051499', 'GO:0052689', 'GO:0003674', 'GO:0003824', 'GO:0140098'}"
GO:0071889,"{'GO:0005515', 'GO:0005488', 'GO:0003674'}"
GO:0052742,"{'GO:0016740', 'GO:0016773', 'GO:0016301', 'GO:0003674', 'GO:0016772', 'GO:0003824'}"
GO:0001018,"{'GO:0097159', 'GO:1990837', 'GO:0043565', 'GO:0005488', 'GO:0003690', 'GO:0003674', 'GO:0001067', 'GO:0000976', 'GO:0003677', 'GO:0003676', 'GO:1901363'}"
GO:0016747,"{'GO:0016746', 'GO:0016740', 'GO:0003674', 'GO:0003824'}"
GO:0016251,"{'GO:0140223', 'GO:0003674'}"
GO:0000995,"{'GO:0140223', 'GO:0003674'}"
GO:0004662,"{'GO:0016740', 'GO:0016765', 'GO:0140096', 'GO:0004659', 'GO:0003824', 'GO:0003674', 'GO:0008318', 'GO:0004661'}"
GO:0019840,"{'GO:0005488', 'GO:0003674', 'GO:0008289'}"
GO:0004661,"{'GO:0016740', 'GO:0004659', 'GO:0003674', 'GO:0016765', 'GO:0140096', 'GO:0008318', 'GO:0003824'}"
GO:0005262,"{'GO:0015085', 'GO:0008324', 'GO:0005216', 'GO:0015267', 'GO:0015075', 'GO:0046873', 'GO:0022890', 'GO:0015318', 'GO:0022857', 'GO:0005215', 'GO:0022803', 'GO:0003674', 'GO:0005261'}"
GO:0015279,"{'GO:0015085', 'GO:0008324', 'GO:0005216', 'GO:0015267', 'GO:0015075', 'GO:0005261', 'GO:0046873', 'GO:0022890', 'GO:0015318', 'GO:0022857', 'GO:0005215', 'GO:0022803', 'GO:0003674', 'GO:0005262'}"
GO:0015020,"{'GO:0016740', 'GO:0016758', 'GO:0008194', 'GO:0016757', 'GO:0003674', 'GO:0003824'}"
GO:0033142,"{'GO:0005102', 'GO:0140297', 'GO:0061629', 'GO:0005488', 'GO:0035257', 'GO:0005515', 'GO:0016922', 'GO:0003674', 'GO:0035258', 'GO:0051427', 'GO:0008134'}"
GO:2001069,"{'GO:0030246', 'GO:0005488', 'GO:0030247', 'GO:0003674'}"
GO:0030247,"{'GO:0030246', 'GO:0005488', 'GO:0003674'}"
GO:2001070,"{'GO:0030246', 'GO:0005488', 'GO:0030247', 'GO:0003674'}"
GO:0072570,"{'GO:0097159', 'GO:0097367', 'GO:0043167', 'GO:0005488', 'GO:0043168', 'GO:0003674', 'GO:1901363'}"
GO:0004857,"{'GO:0030234', 'GO:0098772', 'GO:0003674'}"
GO:0003950,"{'GO:0016763', 'GO:0016757', 'GO:0003674', 'GO:0016740', 'GO:0003824'}"
GO:1990404,"{'GO:0016740', 'GO:0140096', 'GO:0016763', 'GO:0016757', 'GO:0003674', 'GO:0003824'}"
GO:0097677,"{'GO:0005515', 'GO:0003674', 'GO:0140297', 'GO:0061629', 'GO:0005488', 'GO:0008134'}"
GO:0061666,"{'GO:0019787', 'GO:0016740', 'GO:0140096', 'GO:0003674', 'GO:0061659', 'GO:0071568', 'GO:0003824'}"
GO:0071568,"{'GO:0019787', 'GO:0016740', 'GO:0003674', 'GO:0140096', 'GO:0003824'}"
GO:0042800,"{'GO:0016279', 'GO:0016740', 'GO:0016741', 'GO:0140096', 'GO:0008757', 'GO:0008170', 'GO:0008276', 'GO:0003674', 'GO:0008168', 'GO:0042054', 'GO:0018024', 'GO:0003824', 'GO:0016278'}"
GO:0001515,"{'GO:0098772', 'GO:0005102', 'GO:0005488', 'GO:0048018', 'GO:0030546', 'GO:0005515', 'GO:0003674', 'GO:0030545'}"
GO:0004065,"{'GO:0016788', 'GO:0003674', 'GO:0008484', 'GO:0016787', 'GO:0003824'}"
GO:0005539,"{'GO:0005488', 'GO:0097367', 'GO:0003674'}"
GO:0008449,"{'GO:0016788', 'GO:0003674', 'GO:0008484', 'GO:0016787', 'GO:0003824'}"
GO:0005549,"{'GO:0003674', 'GO:0005488'}"
GO:0036094,"{'GO:0003674', 'GO:0005488'}"
GO:0000175,"{'GO:0016788', 'GO:0004527', 'GO:0016787', 'GO:0004532', 'GO:0004540', 'GO:0016896', 'GO:0003824', 'GO:0003674', 'GO:0004518', 'GO:0008408', 'GO:0016796', 'GO:0140098'}"
GO:0034046,"{'GO:0097159', 'GO:0005488', 'GO:0070717', 'GO:0003723', 'GO:0003674', 'GO:0003676', 'GO:1901363', 'GO:0003727'}"
GO:0008266,"{'GO:0097159', 'GO:0005488', 'GO:0008187', 'GO:0003723', 'GO:0003674', 'GO:0003676', 'GO:1901363', 'GO:0003727'}"
GO:0004654,"{'GO:0016740', 'GO:0003674', 'GO:0016772', 'GO:0003824', 'GO:0016779'}"
GO:0016301,"{'GO:0016740', 'GO:0003674', 'GO:0003824', 'GO:0016772'}"
GO:0050211,"{'GO:0016740', 'GO:0016758', 'GO:0008378', 'GO:0140096', 'GO:0008194', 'GO:0035250', 'GO:0016757', 'GO:0003674', 'GO:0003824'}"
GO:0019215,"{'GO:0005488', 'GO:0003674', 'GO:0044877'}"
GO:0003941,"{'GO:0016841', 'GO:0003674', 'GO:0016840', 'GO:0016829', 'GO:0003824'}"
GO:0004794,"{'GO:0016841', 'GO:0003674', 'GO:0016840', 'GO:0016829', 'GO:0003824'}"
GO:0000987,"{'GO:0097159', 'GO:1990837', 'GO:0043565', 'GO:0005488', 'GO:0003690', 'GO:0003674', 'GO:0001067', 'GO:0000976', 'GO:0003677', 'GO:0003676', 'GO:1901363'}"
GO:0044729,"{'GO:0097159', 'GO:0003674', 'GO:0003677', 'GO:0005488', 'GO:0003676', 'GO:1901363', 'GO:0003690'}"
GO:0008327,"{'GO:0097159', 'GO:0043565', 'GO:0000166', 'GO:0036094', 'GO:0005488', 'GO:1901265', 'GO:0003674', 'GO:0003677', 'GO:0003676', 'GO:1901363'}"
GO:0031493,"{'GO:0003682', 'GO:0031491', 'GO:0005488', 'GO:0044877', 'GO:0005515', 'GO:0003674', 'GO:0042393'}"
GO:0052740,"{'GO:0016788', 'GO:0004620', 'GO:0016787', 'GO:0052689', 'GO:0003674', 'GO:0016298', 'GO:0003824'}"
GO:0016411,"{'GO:0008374', 'GO:0016740', 'GO:0003674', 'GO:0016747', 'GO:0016746', 'GO:0003824'}"
GO:0047499,"{'GO:0016788', 'GO:0004620', 'GO:0016787', 'GO:0052689', 'GO:0003674', 'GO:0016298', 'GO:0004623', 'GO:0003824'}"
GO:0008374,"{'GO:0016740', 'GO:0003674', 'GO:0016747', 'GO:0016746', 'GO:0003824'}"
GO:0102545,"{'GO:0016788', 'GO:0052689', 'GO:0003674', 'GO:0016787', 'GO:0003824'}"
GO:0052739,"{'GO:0016788', 'GO:0004620', 'GO:0016787', 'GO:0052689', 'GO:0003674', 'GO:0016298', 'GO:0003824'}"
GO:0008970,"{'GO:0016788', 'GO:0004620', 'GO:0016787', 'GO:0052689', 'GO:0003674', 'GO:0016298', 'GO:0003824'}"
GO:0102567,"{'GO:0016788', 'GO:0052689', 'GO:0003674', 'GO:0016787', 'GO:0003824'}"
GO:0102568,"{'GO:0016788', 'GO:0052689', 'GO:0003674', 'GO:0016787', 'GO:0003824'}"
GO:0004806,"{'GO:0016788', 'GO:0016787', 'GO:0052689', 'GO:0003674', 'GO:0016298', 'GO:0003824'}"
GO:0017048,"{'GO:0005515', 'GO:0003674', 'GO:0051020', 'GO:0019899', 'GO:0005488'}"
GO:0004402,"{'GO:0016407', 'GO:0016740', 'GO:0061733', 'GO:0140096', 'GO:0016410', 'GO:0016746', 'GO:0003824', 'GO:0003674', 'GO:0016747', 'GO:0034212', 'GO:0008080'}"
GO:0050839,"{'GO:0005515', 'GO:0005488', 'GO:0003674'}"
GO:0010855,"{'GO:0010854', 'GO:0098772', 'GO:0003674', 'GO:0010851', 'GO:0030234'}"
GO:0001965,"{'GO:0005515', 'GO:0005488', 'GO:0003674'}"
GO:0017022,"{'GO:0005515', 'GO:0003674', 'GO:0005488', 'GO:0008092'}"
GO:0031072,"{'GO:0005515', 'GO:0005488', 'GO:0003674'}"
GO:0035033,"{'GO:0030234', 'GO:0098772', 'GO:0003674'}"
GO:0004705,"{'GO:0004672', 'GO:0016740', 'GO:0016773', 'GO:0140096', 'GO:0004674', 'GO:0016301', 'GO:0003674', 'GO:0004707', 'GO:0016772', 'GO:0003824'}"
GO:0004707,"{'GO:0004672', 'GO:0016740', 'GO:0016773', 'GO:0140096', 'GO:0004674', 'GO:0016301', 'GO:0003674', 'GO:0016772', 'GO:0003824'}"
GO:0004712,"{'GO:0004672', 'GO:0016740', 'GO:0016773', 'GO:0140096', 'GO:0016301', 'GO:0003674', 'GO:0016772', 'GO:0003824'}"
GO:0008126,"{'GO:0016788', 'GO:0052689', 'GO:0003674', 'GO:0034338', 'GO:0016787', 'GO:0003824'}"
GO:0047372,"{'GO:0016788', 'GO:0016787', 'GO:0052689', 'GO:0003674', 'GO:0016298', 'GO:0003824'}"
GO:0004623,"{'GO:0016788', 'GO:0004620', 'GO:0016787', 'GO:0052689', 'GO:0003674', 'GO:0016298', 'GO:0003824'}"
GO:0034338,"{'GO:0016788', 'GO:0052689', 'GO:0003674', 'GO:0016787', 'GO:0003824'}"
GO:0042975,"{'GO:0005515', 'GO:0005102', 'GO:0005488', 'GO:0003674'}"
GO:0008195,"{'GO:0016788', 'GO:0042578', 'GO:0003674', 'GO:0016787', 'GO:0016791', 'GO:0003824'}"
GO:0043015,"{'GO:0005515', 'GO:0003674', 'GO:0015631', 'GO:0008092', 'GO:0005488'}"
GO:0015151,"{'GO:0022857', 'GO:0008509', 'GO:0005215', 'GO:0003674', 'GO:0015075', 'GO:0042947', 'GO:1901505'}"
GO:0055056,"{'GO:0005355', 'GO:0008509', 'GO:0015149', 'GO:0015075', 'GO:0015144', 'GO:0022857', 'GO:0005215', 'GO:0003674', 'GO:0051119', 'GO:0015145'}"
GO:0005412,"{'GO:0008509', 'GO:0008324', 'GO:0015075', 'GO:0046873', 'GO:0022890', 'GO:0015318', 'GO:0005215', 'GO:0015294', 'GO:0015293', 'GO:0015291', 'GO:0051119', 'GO:0015145', 'GO:0022853', 'GO:0015081', 'GO:0005355', 'GO:0015149', 'GO:0015370', 'GO:0022804', 'GO:0022857', 'GO:0015144', 'GO:0003674', 'GO:0005402'}"
GO:0050660,"{'GO:0000166', 'GO:0036094', 'GO:0097159', 'GO:0043167', 'GO:0005488', 'GO:1901265', 'GO:0043168', 'GO:0003674', 'GO:1901363'}"
GO:0000309,"{'GO:0016740', 'GO:0003674', 'GO:0016772', 'GO:0016779', 'GO:0003824', 'GO:0070566'}"
GO:0004515,"{'GO:0016740', 'GO:0003674', 'GO:0016772', 'GO:0016779', 'GO:0003824', 'GO:0070566'}"
GO:0034584,"{'GO:0003723', 'GO:0097159', 'GO:0003674', 'GO:0061980', 'GO:0005488', 'GO:0003676', 'GO:1901363'}"
GO:0035538,"{'GO:0097159', 'GO:0043565', 'GO:0000978', 'GO:1990837', 'GO:0005488', 'GO:0000987', 'GO:0003690', 'GO:0003674', 'GO:0000977', 'GO:0001067', 'GO:0000976', 'GO:0003677', 'GO:0003676', 'GO:1901363'}"
GO:0003678,"{'GO:0016462', 'GO:0016818', 'GO:0140097', 'GO:0016817', 'GO:0016787', 'GO:0004386', 'GO:0003674', 'GO:0017111', 'GO:0003824', 'GO:0016887'}"
GO:0019003,"{'GO:0097159', 'GO:0032555', 'GO:0032550', 'GO:0005488', 'GO:0001882', 'GO:0036094', 'GO:0097367', 'GO:0017076', 'GO:0000166', 'GO:0032549', 'GO:0032561', 'GO:0001883', 'GO:0043167', 'GO:1901265', 'GO:0043168', 'GO:0003674', 'GO:0032553', 'GO:1901363', 'GO:0019001'}"
GO:0031489,"{'GO:0005515', 'GO:0003674', 'GO:0017022', 'GO:0008092', 'GO:0005488'}"
GO:0017091,"{'GO:0003730', 'GO:0097159', 'GO:0003729', 'GO:0005488', 'GO:0003723', 'GO:0003674', 'GO:0003676', 'GO:1901363'}"
GO:0035925,"{'GO:0003730', 'GO:0097159', 'GO:0003729', 'GO:0005488', 'GO:0003723', 'GO:0003674', 'GO:0003676', 'GO:1901363'}"
GO:0030331,"{'GO:0005102', 'GO:0140297', 'GO:0061629', 'GO:0005488', 'GO:0035257', 'GO:0005515', 'GO:0016922', 'GO:0003674', 'GO:0035258', 'GO:0051427', 'GO:0008134'}"
GO:0005047,"{'GO:0003674', 'GO:0044877', 'GO:0005488', 'GO:0043021'}"
GO:0015485,"{'GO:0097159', 'GO:0036094', 'GO:0043178', 'GO:0005488', 'GO:0003674', 'GO:0032934', 'GO:0008289', 'GO:0005496'}"
GO:0008289,"{'GO:0003674', 'GO:0005488'}"
GO:0032934,"{'GO:0097159', 'GO:0003674', 'GO:0005488', 'GO:0008289', 'GO:0005496'}"
GO:0015248,"{'GO:0005215', 'GO:0005319', 'GO:0003674'}"
GO:0045134,"{'GO:0016462', 'GO:0017110', 'GO:0016818', 'GO:0003674', 'GO:0016817', 'GO:0016787', 'GO:0003824'}"
GO:0001671,"{'GO:0098772', 'GO:0060589', 'GO:0008047', 'GO:0060590', 'GO:0003674', 'GO:0030234'}"
GO:0015036,"{'GO:0016667', 'GO:0016491', 'GO:0003674', 'GO:0003824'}"
GO:0030544,"{'GO:0005515', 'GO:0031072', 'GO:0005488', 'GO:0003674'}"
GO:0051787,"{'GO:0005515', 'GO:0005488', 'GO:0003674'}"
GO:0016671,"{'GO:0016667', 'GO:0016491', 'GO:0003674', 'GO:0003824'}"
GO:0015035,"{'GO:0016491', 'GO:0003674', 'GO:0016667', 'GO:0015036', 'GO:0003824'}"
GO:0004177,"{'GO:0003674', 'GO:0008233', 'GO:0008238', 'GO:0140096', 'GO:0016787', 'GO:0003824'}"
GO:0005138,"{'GO:0005102', 'GO:0005488', 'GO:0005515', 'GO:0005126', 'GO:0070851', 'GO:0003674'}"
GO:0070006,"{'GO:0008237', 'GO:0140096', 'GO:0016787', 'GO:0008235', 'GO:0003674', 'GO:0008233', 'GO:0008238', 'GO:0004177', 'GO:0003824'}"
GO:0008235,"{'GO:0008237', 'GO:0140096', 'GO:0016787', 'GO:0003824', 'GO:0003674', 'GO:0008238', 'GO:0008233'}"
GO:0008233,"{'GO:0003674', 'GO:0140096', 'GO:0016787', 'GO:0003824'}"
GO:0005164,"{'GO:0032813', 'GO:0005515', 'GO:0005126', 'GO:0005102', 'GO:0003674', 'GO:0005488'}"
GO:0015459,"{'GO:0099106', 'GO:0098772', 'GO:0003674', 'GO:0016247'}"
GO:0071916,"{'GO:0008509', 'GO:1904680', 'GO:0035673', 'GO:0015075', 'GO:0022857', 'GO:0005215', 'GO:0003674', 'GO:0042887'}"
GO:0015334,"{'GO:0008509', 'GO:1904680', 'GO:0035673', 'GO:0015075', 'GO:0022857', 'GO:0005215', 'GO:0003674', 'GO:0042887'}"
GO:0015333,"{'GO:0008509', 'GO:0008324', 'GO:1904680', 'GO:0015075', 'GO:0022890', 'GO:0015318', 'GO:0005215', 'GO:0015078', 'GO:0015294', 'GO:0015293', 'GO:0015291', 'GO:0022853', 'GO:0015295', 'GO:0022804', 'GO:0022857', 'GO:0003674', 'GO:0042887'}"
GO:0016247,"{'GO:0098772', 'GO:0003674'}"
GO:0035255,"{'GO:0005515', 'GO:0005102', 'GO:0003674', 'GO:0035254', 'GO:0005488'}"
GO:0005245,"{'GO:0008324', 'GO:0005216', 'GO:0015075', 'GO:0022890', 'GO:0046873', 'GO:0015318', 'GO:0022832', 'GO:0022803', 'GO:0005215', 'GO:0022843', 'GO:0005262', 'GO:0005261', 'GO:0022836', 'GO:0015085', 'GO:0005244', 'GO:0015267', 'GO:0022857', 'GO:0003674'}"
GO:0005261,"{'GO:0008324', 'GO:0005216', 'GO:0015267', 'GO:0015075', 'GO:0022890', 'GO:0015318', 'GO:0022857', 'GO:0005215', 'GO:0022803', 'GO:0003674'}"
GO:0017134,"{'GO:0005515', 'GO:0019838', 'GO:0005488', 'GO:0003674'}"
GO:0044325,"{'GO:0005515', 'GO:0005488', 'GO:0003674'}"
GO:0050998,"{'GO:0005515', 'GO:0019899', 'GO:0005488', 'GO:0003674'}"
GO:0005244,"{'GO:0015267', 'GO:0015075', 'GO:0022832', 'GO:0022857', 'GO:0022803', 'GO:0005215', 'GO:0003674', 'GO:0022836'}"
GO:0005248,"{'GO:0008324', 'GO:0005216', 'GO:0015267', 'GO:0015075', 'GO:0046873', 'GO:0022890', 'GO:0015318', 'GO:0005272', 'GO:0022857', 'GO:0005215', 'GO:0022803', 'GO:0003674', 'GO:0005261', 'GO:0015081'}"
GO:0086060,"{'GO:0086006', 'GO:0008324', 'GO:0005216', 'GO:0015075', 'GO:0046873', 'GO:0022890', 'GO:0015318', 'GO:0005215', 'GO:0022803', 'GO:0005261', 'GO:0015081', 'GO:0015267', 'GO:0005272', 'GO:0022857', 'GO:0003674', 'GO:0005248'}"
GO:0086061,"{'GO:0086006', 'GO:0008324', 'GO:0005216', 'GO:0015075', 'GO:0046873', 'GO:0022890', 'GO:0015318', 'GO:0005215', 'GO:0022803', 'GO:0005261', 'GO:0015081', 'GO:0015267', 'GO:0005272', 'GO:0022857', 'GO:0003674', 'GO:0005248'}"
GO:0086006,"{'GO:0008324', 'GO:0005216', 'GO:0015267', 'GO:0015075', 'GO:0046873', 'GO:0022890', 'GO:0015318', 'GO:0005272', 'GO:0022857', 'GO:0005215', 'GO:0022803', 'GO:0003674', 'GO:0005248', 'GO:0005261', 'GO:0015081'}"
GO:0086062,"{'GO:0086006', 'GO:0008324', 'GO:0005216', 'GO:0015075', 'GO:0046873', 'GO:0022890', 'GO:0015318', 'GO:0005215', 'GO:0022803', 'GO:0005261', 'GO:0015081', 'GO:0015267', 'GO:0005272', 'GO:0022857', 'GO:0003674', 'GO:0005248'}"
GO:0086063,"{'GO:0086006', 'GO:0008324', 'GO:0005216', 'GO:0015075', 'GO:0046873', 'GO:0022890', 'GO:0015318', 'GO:0005215', 'GO:0022803', 'GO:0005261', 'GO:0015081', 'GO:0015267', 'GO:0005272', 'GO:0022857', 'GO:0003674', 'GO:0005248'}"
GO:1902387,"{'GO:0046625', 'GO:0043167', 'GO:0005543', 'GO:0005488', 'GO:0097001', 'GO:0033218', 'GO:0043168', 'GO:0003674', 'GO:0008289'}"
GO:1902388,"{'GO:0120014', 'GO:0005548', 'GO:0046624', 'GO:0120013', 'GO:0120016', 'GO:0005215', 'GO:0120017', 'GO:0005319', 'GO:0003674'}"
GO:0051861,"{'GO:0097367', 'GO:0003674', 'GO:0005488', 'GO:0008289'}"
GO:0120013,"{'GO:0005215', 'GO:0005319', 'GO:0003674'}"
GO:0000774,"{'GO:0017076', 'GO:0000166', 'GO:0036094', 'GO:0097159', 'GO:0098772', 'GO:1901265', 'GO:0005488', 'GO:0030554', 'GO:0060589', 'GO:0060590', 'GO:0003674', 'GO:0030234', 'GO:1901363'}"
GO:0005044,"{'GO:0003674', 'GO:0038024'}"
GO:0032451,"{'GO:0003674', 'GO:0003824'}"
GO:0016491,"{'GO:0003674', 'GO:0003824'}"
GO:0050649,"{'GO:0008395', 'GO:0016491', 'GO:0003674', 'GO:0004497', 'GO:0003824'}"
GO:0005086,"{'GO:0098772', 'GO:0003674', 'GO:0030695', 'GO:0030234', 'GO:0060589'}"
GO:0048487,"{'GO:0005515', 'GO:0003674', 'GO:0015631', 'GO:0008092', 'GO:0005488'}"
GO:0033149,"{'GO:0005515', 'GO:0005488', 'GO:0019904', 'GO:0003674'}"
GO:0044183,{'GO:0003674'}
GO:0051082,"{'GO:0005515', 'GO:0005488', 'GO:0003674'}"
GO:0015140,"{'GO:0008509', 'GO:0015556', 'GO:0008514', 'GO:0005342', 'GO:0046943', 'GO:0005310', 'GO:0015075', 'GO:0015318', 'GO:0022857', 'GO:0005215', 'GO:0003674'}"
GO:0015131,"{'GO:0008509', 'GO:0015556', 'GO:0008514', 'GO:0005342', 'GO:0046943', 'GO:0005310', 'GO:0015075', 'GO:0015318', 'GO:0022857', 'GO:0005215', 'GO:0003674'}"
GO:0015114,"{'GO:0022857', 'GO:0008509', 'GO:0015103', 'GO:0005215', 'GO:0003674', 'GO:0015075', 'GO:0015318'}"
GO:0015291,"{'GO:0022857', 'GO:0003674', 'GO:0005215', 'GO:0022804'}"
GO:0015141,"{'GO:0008509', 'GO:0015556', 'GO:0008514', 'GO:0005342', 'GO:0046943', 'GO:0005310', 'GO:0015075', 'GO:0015318', 'GO:0022857', 'GO:0005215', 'GO:0003674'}"
GO:0015116,"{'GO:0008509', 'GO:0015075', 'GO:1901682', 'GO:0022857', 'GO:0005215', 'GO:0015103', 'GO:0015318', 'GO:0003674'}"
GO:0015117,"{'GO:0022857', 'GO:0005215', 'GO:0003674', 'GO:0015318', 'GO:1901682'}"
GO:0045294,"{'GO:0005515', 'GO:0005488', 'GO:0003674'}"
GO:0051539,"{'GO:0005488', 'GO:0003674', 'GO:0051536', 'GO:0051540'}"
GO:0051536,"{'GO:0003674', 'GO:0005488', 'GO:0051540'}"
GO:0051219,"{'GO:0005515', 'GO:0005488', 'GO:0003674'}"
GO:0031369,"{'GO:0005515', 'GO:0005488', 'GO:0003674'}"
GO:0045499,"{'GO:0098772', 'GO:0005102', 'GO:0005488', 'GO:0048018', 'GO:0030546', 'GO:0005515', 'GO:0003674', 'GO:0030545'}"
GO:0005095,"{'GO:0098772', 'GO:0004857', 'GO:0060589', 'GO:0003674', 'GO:0030695', 'GO:0030234'}"
GO:0043395,"{'GO:0097367', 'GO:0005488', 'GO:0005515', 'GO:0003674', 'GO:0043394', 'GO:1901681'}"
GO:0008201,"{'GO:0097367', 'GO:0005488', 'GO:0003674', 'GO:1901681', 'GO:0005539'}"
GO:0043237,"{'GO:0005515', 'GO:0043236', 'GO:0003674', 'GO:0005488', 'GO:0050840'}"
GO:0043394,"{'GO:0005515', 'GO:0097367', 'GO:0003674', 'GO:0005488'}"
GO:0048495,"{'GO:0005515', 'GO:0005102', 'GO:0005488', 'GO:0003674'}"
GO:0070840,"{'GO:0005488', 'GO:0003674', 'GO:0044877'}"
GO:0008568,"{'GO:0016462', 'GO:0016818', 'GO:0140096', 'GO:0016817', 'GO:0016787', 'GO:0003674', 'GO:0017111', 'GO:0003824', 'GO:0016887'}"
GO:0008378,"{'GO:0016757', 'GO:0016740', 'GO:0003674', 'GO:0016758', 'GO:0003824'}"
GO:0008489,"{'GO:0016740', 'GO:0016758', 'GO:0008378', 'GO:0008194', 'GO:0035250', 'GO:0016757', 'GO:0003674', 'GO:0003824'}"
GO:0120020,"{'GO:0005215', 'GO:0005319', 'GO:0003674', 'GO:0120013', 'GO:0120015', 'GO:0015248'}"
GO:0005178,"{'GO:0005515', 'GO:0005102', 'GO:0003674', 'GO:0005488', 'GO:0044877', 'GO:0050839'}"
GO:0038036,"{'GO:0003674', 'GO:0045125', 'GO:0004888', 'GO:0060089', 'GO:0004930', 'GO:0038023'}"
GO:0003688,"{'GO:1990837', 'GO:0097159', 'GO:0043565', 'GO:0005488', 'GO:0003690', 'GO:0003674', 'GO:0003677', 'GO:0003676', 'GO:1901363'}"
GO:0035173,"{'GO:0004672', 'GO:0016740', 'GO:0016773', 'GO:0140096', 'GO:0016301', 'GO:0003674', 'GO:0016772', 'GO:0003824'}"
GO:0004908,"{'GO:0003674', 'GO:0004888', 'GO:0060089', 'GO:0004896', 'GO:0140375', 'GO:0038023'}"
GO:0042008,"{'GO:0003674', 'GO:0004888', 'GO:0060089', 'GO:0004896', 'GO:0140375', 'GO:0038023'}"
GO:0016312,"{'GO:0016788', 'GO:0042578', 'GO:0003674', 'GO:0052745', 'GO:0016787', 'GO:0016791', 'GO:0003824'}"
GO:0004438,"{'GO:0016788', 'GO:0042578', 'GO:0052744', 'GO:0016787', 'GO:0052866', 'GO:0003674', 'GO:0016791', 'GO:0003824'}"
GO:0033300,"{'GO:0008514', 'GO:0008509', 'GO:0015075', 'GO:0022857', 'GO:0005215', 'GO:0003674', 'GO:0090482'}"
GO:0008520,"{'GO:0008509', 'GO:0008514', 'GO:0008324', 'GO:0046943', 'GO:0015075', 'GO:0005343', 'GO:0046873', 'GO:0022890', 'GO:0015318', 'GO:0005215', 'GO:0015294', 'GO:0015293', 'GO:0015291', 'GO:0051119', 'GO:0015145', 'GO:0022853', 'GO:0015081', 'GO:0005342', 'GO:0015370', 'GO:0022804', 'GO:0022857', 'GO:0015144', 'GO:0003674', 'GO:0005402'}"
GO:0015229,"{'GO:0008509', 'GO:0008514', 'GO:0005342', 'GO:0015075', 'GO:0046943', 'GO:0015318', 'GO:0015144', 'GO:0022857', 'GO:0005215', 'GO:0003674', 'GO:0051119', 'GO:0015145', 'GO:0090482'}"
GO:0015081,"{'GO:0008324', 'GO:0015075', 'GO:0046873', 'GO:0022890', 'GO:0015318', 'GO:0022857', 'GO:0005215', 'GO:0003674'}"
GO:0070890,"{'GO:0008509', 'GO:0008514', 'GO:0008324', 'GO:0046943', 'GO:0015075', 'GO:0005343', 'GO:0046873', 'GO:0022890', 'GO:0015318', 'GO:0005215', 'GO:0015294', 'GO:0015293', 'GO:0015291', 'GO:0051119', 'GO:0015145', 'GO:0022853', 'GO:0015081', 'GO:0005342', 'GO:0015370', 'GO:0022804', 'GO:0022857', 'GO:0015144', 'GO:0003674', 'GO:0005402'}"
GO:0043014,"{'GO:0005515', 'GO:0003674', 'GO:0015631', 'GO:0008092', 'GO:0005488'}"
GO:0031593,"{'GO:0005515', 'GO:0003674', 'GO:0005488', 'GO:0140030'}"
GO:0001226,"{'GO:0001224', 'GO:0001222', 'GO:0005488', 'GO:0005515', 'GO:0003674', 'GO:0001221', 'GO:0008134'}"
GO:0048156,"{'GO:0005515', 'GO:0003674', 'GO:0005488', 'GO:0008092'}"
GO:0042903,"{'GO:0019213', 'GO:0033558', 'GO:0140096', 'GO:0016811', 'GO:0016787', 'GO:0003674', 'GO:0016810', 'GO:0003824'}"
GO:0043130,"{'GO:0005515', 'GO:0003674', 'GO:0005488', 'GO:0032182'}"
GO:0016597,"{'GO:0043168', 'GO:0003674', 'GO:0043167', 'GO:0005488', 'GO:0031406'}"
GO:0031406,"{'GO:0003674', 'GO:0043167', 'GO:0043168', 'GO:0005488'}"
GO:0016212,"{'GO:0016740', 'GO:0008483', 'GO:0036137', 'GO:0003674', 'GO:0016769', 'GO:0003824'}"
GO:0004069,"{'GO:0016740', 'GO:0003824', 'GO:0003674', 'GO:0016769', 'GO:0008483'}"
GO:0030170,"{'GO:0036094', 'GO:0097159', 'GO:0019842', 'GO:0043167', 'GO:0005488', 'GO:0070279', 'GO:0043168', 'GO:0003674', 'GO:1901363'}"
GO:0043273,"{'GO:0016462', 'GO:0016818', 'GO:0003674', 'GO:0017111', 'GO:0016817', 'GO:0016787', 'GO:0003824'}"
GO:0008190,"{'GO:0005515', 'GO:0005488', 'GO:0031369', 'GO:0003674'}"
GO:0048027,"{'GO:0003723', 'GO:0097159', 'GO:0003674', 'GO:0003729', 'GO:0005488', 'GO:0003676', 'GO:1901363'}"
GO:0017111,"{'GO:0016462', 'GO:0016818', 'GO:0003674', 'GO:0016817', 'GO:0016787', 'GO:0003824'}"
GO:0008143,"{'GO:0097159', 'GO:0005488', 'GO:0070717', 'GO:0003723', 'GO:0003674', 'GO:0003676', 'GO:1901363', 'GO:0003727'}"
GO:0043539,"{'GO:0098772', 'GO:0030295', 'GO:0019207', 'GO:0019887', 'GO:0008047', 'GO:0019209', 'GO:0003674', 'GO:0030234'}"
GO:0043024,"{'GO:0003674', 'GO:0044877', 'GO:0005488', 'GO:0043021'}"
GO:0035613,"{'GO:0003723', 'GO:0097159', 'GO:0003674', 'GO:0005488', 'GO:0003676', 'GO:1901363'}"
GO:0033592,"{'GO:0097159', 'GO:0097617', 'GO:0005488', 'GO:0003723', 'GO:0003674', 'GO:0003725', 'GO:0003676', 'GO:1901363', 'GO:0003727'}"
GO:0004345,"{'GO:0016614', 'GO:0016491', 'GO:0003824', 'GO:0003674', 'GO:0016616'}"
GO:0004111,"{'GO:0016740', 'GO:0016301', 'GO:0003674', 'GO:0016775', 'GO:0016772', 'GO:0003824'}"
GO:0030276,"{'GO:0005515', 'GO:0005488', 'GO:0003674'}"
