GO:0005929,"{'GO:0043226', 'GO:0042995', 'GO:0120025', 'GO:0005575', 'GO:0110165'}"
GO:0062023,"{'GO:0005575', 'GO:0031012', 'GO:0110165', 'GO:0030312'}"
GO:0005737,"{'GO:0005575', 'GO:0110165'}"
GO:0005829,"{'GO:0005575', 'GO:0110165'}"
GO:0005739,"{'GO:0043226', 'GO:0005575', 'GO:0043231', 'GO:0110165', 'GO:0043227', 'GO:0043229', 'GO:0005622'}"
GO:0043209,"{'GO:0005575', 'GO:0110165'}"
GO:0005634,"{'GO:0043226', 'GO:0005575', 'GO:0043231', 'GO:0110165', 'GO:0043227', 'GO:0043229', 'GO:0005622'}"
GO:0001917,"{'GO:0005575', 'GO:0110165'}"
GO:1902912,"{'GO:0061695', 'GO:1990234', 'GO:0005575', 'GO:0032991', 'GO:1902494'}"
GO:0005791,"{'GO:0005783', 'GO:0043226', 'GO:0043227', 'GO:0005575', 'GO:0043229', 'GO:0005622', 'GO:0043231', 'GO:0110165'}"
GO:0045121,"{'GO:0016020', 'GO:0005575', 'GO:0098857', 'GO:0110165'}"
GO:0015629,"{'GO:0043232', 'GO:0043226', 'GO:0043229', 'GO:0005575', 'GO:0005622', 'GO:0005856', 'GO:0110165', 'GO:0043228'}"
GO:0005884,"{'GO:0099081', 'GO:0005575', 'GO:0099080', 'GO:0099512', 'GO:0099513', 'GO:0110165'}"
GO:0005912,"{'GO:0005575', 'GO:0030054', 'GO:0005911', 'GO:0070161', 'GO:0110165'}"
GO:0043296,"{'GO:0005575', 'GO:0030054', 'GO:0005911', 'GO:0070161', 'GO:0110165'}"
GO:0030424,"{'GO:0043005', 'GO:0110165', 'GO:0042995', 'GO:0120025', 'GO:0005575'}"
GO:0005911,"{'GO:0070161', 'GO:0110165', 'GO:0005575', 'GO:0030054'}"
GO:0030863,"{'GO:0043232', 'GO:0043226', 'GO:0043229', 'GO:0005575', 'GO:0005622', 'GO:0005856', 'GO:0110165', 'GO:0043228'}"
GO:0036464,"{'GO:0043232', 'GO:0043226', 'GO:0035770', 'GO:0099080', 'GO:0043229', 'GO:0005575', 'GO:0005622', 'GO:0110165', 'GO:0043228'}"
GO:0005856,"{'GO:0043232', 'GO:0043226', 'GO:0110165', 'GO:0043229', 'GO:0005575', 'GO:0043228', 'GO:0005622'}"
GO:0097433,"{'GO:0005575', 'GO:0110165'}"
GO:0005925,"{'GO:0030055', 'GO:0005575', 'GO:0030054', 'GO:0070161', 'GO:0110165'}"
GO:0098978,"{'GO:0045202', 'GO:0110165', 'GO:0005575', 'GO:0030054'}"
GO:0030027,"{'GO:0005575', 'GO:0120025', 'GO:0110165', 'GO:0042995'}"
GO:0016020,"{'GO:0005575', 'GO:0110165'}"
GO:0035267,"{'GO:0031248', 'GO:0043189', 'GO:0140535', 'GO:1990234', 'GO:0005575', 'GO:1902562', 'GO:0000123', 'GO:1902493', 'GO:1902494', 'GO:0140513', 'GO:0032991'}"
GO:0005886,"{'GO:0016020', 'GO:0005575', 'GO:0110165'}"
GO:0002102,"{'GO:0043232', 'GO:0043226', 'GO:0110165', 'GO:0043229', 'GO:0005575', 'GO:0043228', 'GO:0005622'}"
GO:0098871,"{'GO:0043232', 'GO:0043226', 'GO:0015629', 'GO:0043229', 'GO:0005575', 'GO:0005622', 'GO:0043228', 'GO:0005856', 'GO:0110165', 'GO:0099571'}"
GO:0014069,"{'GO:0043226', 'GO:0099572', 'GO:0005575', 'GO:0110165'}"
GO:0032991,{'GO:0005575'}
GO:1990904,"{'GO:0005575', 'GO:0032991'}"
GO:0001725,"{'GO:0042641', 'GO:0005575', 'GO:0032432', 'GO:0097517', 'GO:0110165'}"
GO:0045202,"{'GO:0005575', 'GO:0030054', 'GO:0110165'}"
GO:0070160,"{'GO:0005575', 'GO:0030054', 'GO:0005911', 'GO:0070161', 'GO:0110165'}"
GO:0044297,"{'GO:0005575', 'GO:0110165'}"
GO:0005813,"{'GO:0005815', 'GO:0005575', 'GO:0110165'}"
GO:0005832,"{'GO:0032991', 'GO:0005575', 'GO:0101031'}"
GO:0005874,"{'GO:0099081', 'GO:0005575', 'GO:0099080', 'GO:0099512', 'GO:0099513', 'GO:0110165'}"
GO:0005654,"{'GO:0005575', 'GO:0110165'}"
GO:0015630,"{'GO:0043232', 'GO:0043226', 'GO:0043229', 'GO:0005575', 'GO:0005622', 'GO:0005856', 'GO:0110165', 'GO:0043228'}"
GO:0098794,"{'GO:0005575', 'GO:0110165'}"
GO:0098793,"{'GO:0005575', 'GO:0110165'}"
GO:0031201,"{'GO:0098796', 'GO:0005575', 'GO:0032991'}"
GO:0070044,"{'GO:0031201', 'GO:0032991', 'GO:0005575', 'GO:0098796'}"
GO:0005774,"{'GO:0098588', 'GO:0110165', 'GO:0016020', 'GO:0031090', 'GO:0005575'}"
GO:1904949,"{'GO:0005575', 'GO:0032991', 'GO:1902494'}"
GO:0010494,"{'GO:0043232', 'GO:0043226', 'GO:0035770', 'GO:0099080', 'GO:0043229', 'GO:0005575', 'GO:0005622', 'GO:0110165', 'GO:0036464', 'GO:0043228'}"
GO:0036513,"{'GO:0098796', 'GO:0005575', 'GO:0140534', 'GO:0032991'}"
GO:0005783,"{'GO:0043226', 'GO:0005575', 'GO:0043231', 'GO:0110165', 'GO:0043227', 'GO:0043229', 'GO:0005622'}"
GO:0005789,"{'GO:0016020', 'GO:0031090', 'GO:0005575', 'GO:0110165'}"
GO:0043231,"{'GO:0043226', 'GO:0043227', 'GO:0043229', 'GO:0005575', 'GO:0005622', 'GO:0110165'}"
GO:0005811,"{'GO:0043232', 'GO:0043226', 'GO:0110165', 'GO:0043229', 'GO:0005575', 'GO:0043228', 'GO:0005622'}"
GO:0048471,"{'GO:0005575', 'GO:0110165'}"
GO:0000502,"{'GO:1905368', 'GO:1905369', 'GO:0140535', 'GO:0005575', 'GO:1902494', 'GO:0032991'}"
GO:0035861,"{'GO:0005575', 'GO:0090734', 'GO:0110165'}"
GO:0034098,"{'GO:0098796', 'GO:0005575', 'GO:0140534', 'GO:0032991'}"
GO:1990730,"{'GO:0005575', 'GO:0032991'}"
GO:0000785,"{'GO:0005575', 'GO:0110165'}"
GO:0016021,"{'GO:0031224', 'GO:0005575', 'GO:0110165'}"
GO:0005635,"{'GO:0005575', 'GO:0110165', 'GO:0031975', 'GO:0031967'}"
GO:0005637,"{'GO:0031965', 'GO:0019866', 'GO:0005575', 'GO:0016020', 'GO:0031090', 'GO:0110165'}"
GO:0031965,"{'GO:0016020', 'GO:0031090', 'GO:0005575', 'GO:0110165'}"
GO:0005743,"{'GO:0019866', 'GO:0005575', 'GO:0016020', 'GO:0031090', 'GO:0110165', 'GO:0031966'}"
GO:0005759,"{'GO:0031974', 'GO:0005575', 'GO:0043233', 'GO:0070013', 'GO:0110165'}"
GO:0034663,"{'GO:0005575', 'GO:0140534', 'GO:0032991'}"
GO:0005788,"{'GO:0031974', 'GO:0005575', 'GO:0043233', 'GO:0070013', 'GO:0110165'}"
GO:0005793,"{'GO:0043226', 'GO:0005575', 'GO:0043231', 'GO:0110165', 'GO:0043227', 'GO:0043229', 'GO:0005622'}"
GO:0009897,"{'GO:0110165', 'GO:0005575', 'GO:0098552'}"
GO:0042470,"{'GO:0097708', 'GO:0043226', 'GO:0043227', 'GO:0005575', 'GO:0031410', 'GO:0031982', 'GO:0110165', 'GO:0048770'}"
GO:0016222,"{'GO:0005575', 'GO:1902494', 'GO:1990204', 'GO:0032991', 'GO:0140534'}"
GO:0001669,"{'GO:0099503', 'GO:0097708', 'GO:0043226', 'GO:0030141', 'GO:0043227', 'GO:0005575', 'GO:0031410', 'GO:0031982', 'GO:0110165'}"
GO:0009986,"{'GO:0005575', 'GO:0110165'}"
GO:0044322,"{'GO:0005575', 'GO:0110165'}"
GO:0005576,"{'GO:0005575', 'GO:0110165'}"
GO:0005615,"{'GO:0005575', 'GO:0110165'}"
GO:0005794,"{'GO:0043226', 'GO:0005575', 'GO:0043231', 'GO:0110165', 'GO:0043227', 'GO:0043229', 'GO:0005622'}"
GO:0042824,"{'GO:0098796', 'GO:0005575', 'GO:0140534', 'GO:0032991'}"
GO:0045335,"{'GO:0097708', 'GO:0043226', 'GO:0030139', 'GO:0043227', 'GO:0005575', 'GO:0031410', 'GO:0031982', 'GO:0110165'}"
GO:0005844,"{'GO:1990904', 'GO:0005575', 'GO:0032991'}"
GO:0016529,"{'GO:0005783', 'GO:0043226', 'GO:0043227', 'GO:0005575', 'GO:0043229', 'GO:0005622', 'GO:0043231', 'GO:0110165'}"
GO:0033018,"{'GO:0070013', 'GO:0005788', 'GO:0110165', 'GO:0031974', 'GO:0005575', 'GO:0043233'}"
GO:0005790,"{'GO:0005783', 'GO:0043226', 'GO:0043227', 'GO:0005575', 'GO:0043229', 'GO:0005622', 'GO:0043231', 'GO:0110165'}"
GO:0099738,"{'GO:0005938', 'GO:0099568', 'GO:0005575', 'GO:0005737', 'GO:0110165'}"
GO:0030426,"{'GO:0005575', 'GO:0030427', 'GO:0110165'}"
GO:0043005,"{'GO:0005575', 'GO:0120025', 'GO:0110165', 'GO:0042995'}"
GO:0043025,"{'GO:0044297', 'GO:0005575', 'GO:0110165'}"
GO:0043204,"{'GO:0005575', 'GO:0110165'}"
GO:0000015,"{'GO:0005575', 'GO:0032991', 'GO:1902494'}"
GO:0097060,"{'GO:0016020', 'GO:0098590', 'GO:0005575', 'GO:0110165'}"
GO:0030496,"{'GO:0005575', 'GO:0110165'}"
GO:0005901,"{'GO:0098590', 'GO:0044853', 'GO:0110165', 'GO:0016020', 'GO:0005575', 'GO:0098857', 'GO:0045121'}"
GO:0032839,"{'GO:0005575', 'GO:0032838', 'GO:0099568', 'GO:0110165', 'GO:0120111', 'GO:0005737'}"
GO:0005769,"{'GO:0097708', 'GO:0043226', 'GO:0043227', 'GO:0005575', 'GO:0005768', 'GO:0031410', 'GO:0031982', 'GO:0110165'}"
GO:0005770,"{'GO:0097708', 'GO:0043226', 'GO:0043227', 'GO:0005575', 'GO:0005768', 'GO:0031410', 'GO:0031982', 'GO:0110165'}"
GO:0005815,"{'GO:0005575', 'GO:0110165'}"
GO:0072686,"{'GO:0043232', 'GO:0043226', 'GO:0043229', 'GO:0005575', 'GO:0005622', 'GO:0005819', 'GO:0110165', 'GO:0043228'}"
GO:0031143,"{'GO:0005575', 'GO:0120025', 'GO:0110165', 'GO:0042995'}"
GO:0005882,"{'GO:0099081', 'GO:0005575', 'GO:0099080', 'GO:0099512', 'GO:0099513', 'GO:0110165'}"
GO:0005883,"{'GO:0099081', 'GO:0005575', 'GO:0099513', 'GO:0110165', 'GO:0099512', 'GO:0099080', 'GO:0005882'}"
GO:0031594,"{'GO:0045202', 'GO:0110165', 'GO:0005575', 'GO:0030054'}"
GO:0099182,"{'GO:0043232', 'GO:0043226', 'GO:0099569', 'GO:0043229', 'GO:0005575', 'GO:0005622', 'GO:0005856', 'GO:0045111', 'GO:0110165', 'GO:0043228'}"
GO:0005881,"{'GO:0099081', 'GO:0099513', 'GO:0005874', 'GO:0110165', 'GO:0099512', 'GO:0099080', 'GO:0005575'}"
GO:0019897,"{'GO:0005575', 'GO:0110165', 'GO:0019898'}"
GO:0098685,"{'GO:0045202', 'GO:0110165', 'GO:0005575', 'GO:0030054'}"
GO:0071944,"{'GO:0005575', 'GO:0110165'}"
GO:0030425,"{'GO:0043005', 'GO:0110165', 'GO:0042995', 'GO:0120025', 'GO:0005575'}"
GO:0030175,"{'GO:0098858', 'GO:0110165', 'GO:0042995', 'GO:0120025', 'GO:0005575'}"
GO:0005771,"{'GO:0097708', 'GO:0043226', 'GO:0043227', 'GO:0005575', 'GO:0005768', 'GO:0031410', 'GO:0031982', 'GO:0005770', 'GO:0110165'}"
GO:0000922,"{'GO:0005575', 'GO:0110165'}"
GO:0005869,"{'GO:0005575', 'GO:0005875', 'GO:0032991'}"
GO:0030286,"{'GO:0005575', 'GO:0005875', 'GO:0032991', 'GO:1902494'}"
GO:0000776,"{'GO:0043232', 'GO:0043226', 'GO:0099080', 'GO:0043229', 'GO:0005575', 'GO:0005622', 'GO:0110165', 'GO:0043228'}"
GO:0031982,"{'GO:0043226', 'GO:0043227', 'GO:0005575', 'GO:0110165'}"
GO:0043679,"{'GO:0098793', 'GO:0044306', 'GO:0110165', 'GO:0005575'}"
GO:0042995,"{'GO:0005575', 'GO:0110165'}"
GO:0097386,"{'GO:0005575', 'GO:0120025', 'GO:0110165', 'GO:0042995'}"
GO:0016324,"{'GO:0016020', 'GO:0098590', 'GO:0005575', 'GO:0110165'}"
GO:0005902,"{'GO:0098858', 'GO:0110165', 'GO:0042995', 'GO:0120025', 'GO:0005575'}"
GO:0033180,"{'GO:0033178', 'GO:0098796', 'GO:0005575', 'GO:0032991'}"
GO:0098982,"{'GO:0045202', 'GO:0110165', 'GO:0005575', 'GO:0030054'}"
GO:0005730,"{'GO:0043232', 'GO:0043226', 'GO:0110165', 'GO:0043229', 'GO:0005575', 'GO:0043228', 'GO:0005622'}"
GO:0048786,"{'GO:0005575', 'GO:0110165'}"
GO:0005747,"{'GO:0098798', 'GO:0045271', 'GO:0005575', 'GO:1902494', 'GO:0098796', 'GO:0030964', 'GO:0098800', 'GO:1990204', 'GO:0032991', 'GO:0098803'}"
GO:0005750,"{'GO:0098798', 'GO:0070069', 'GO:0005575', 'GO:0045275', 'GO:1902494', 'GO:0098796', 'GO:0098800', 'GO:1990204', 'GO:0032991', 'GO:0098803'}"
GO:0031252,"{'GO:0005575', 'GO:0110165'}"
GO:0098686,"{'GO:0045202', 'GO:0005575', 'GO:0030054', 'GO:0110165', 'GO:0098984'}"
GO:0008180,"{'GO:0005575', 'GO:0140513', 'GO:0032991'}"
GO:0030176,"{'GO:0031227', 'GO:0031300', 'GO:0031224', 'GO:0005575', 'GO:0016021', 'GO:0110165', 'GO:0031301'}"
GO:0043198,"{'GO:0005575', 'GO:0110165'}"
GO:0005795,"{'GO:0031984', 'GO:0005575', 'GO:0098791', 'GO:0110165'}"
GO:0044289,"{'GO:0110165', 'GO:0005575', 'GO:0044232'}"
GO:0005905,"{'GO:0016020', 'GO:0098590', 'GO:0005575', 'GO:0110165'}"
GO:0030135,"{'GO:0097708', 'GO:0043226', 'GO:0110165', 'GO:0031982', 'GO:0043227', 'GO:0005575', 'GO:0031410'}"
GO:0070062,"{'GO:1903561', 'GO:0043226', 'GO:0110165', 'GO:0031982', 'GO:0043227', 'GO:0043230', 'GO:0005575'}"
GO:0046696,"{'GO:0098796', 'GO:0043235', 'GO:0005575', 'GO:0032991'}"
GO:0030061,"{'GO:0005575', 'GO:0110165'}"
GO:0005782,"{'GO:0070013', 'GO:0110165', 'GO:0043233', 'GO:0031974', 'GO:0005575', 'GO:0031907'}"
GO:0030141,"{'GO:0099503', 'GO:0097708', 'GO:0043226', 'GO:0043227', 'GO:0005575', 'GO:0031410', 'GO:0031982', 'GO:0110165'}"
GO:0042588,"{'GO:0099503', 'GO:0097708', 'GO:0043226', 'GO:0030141', 'GO:0043227', 'GO:0005575', 'GO:0031410', 'GO:0031982', 'GO:0110165'}"
GO:0090724,"{'GO:0005575', 'GO:0110165'}"
GO:0005871,"{'GO:0005575', 'GO:0005875', 'GO:0032991'}"
GO:1904115,"{'GO:0005575', 'GO:0032838', 'GO:0099568', 'GO:0110165', 'GO:0120111', 'GO:0005737'}"
GO:0032982,"{'GO:0099081', 'GO:0110165', 'GO:0099512', 'GO:0099080', 'GO:0005575'}"
GO:0043195,"{'GO:0098793', 'GO:0005575', 'GO:0110165'}"
GO:0031966,"{'GO:0016020', 'GO:0031090', 'GO:0005575', 'GO:0110165'}"
GO:0042645,"{'GO:0043232', 'GO:0043226', 'GO:0009295', 'GO:0043229', 'GO:0005575', 'GO:0005622', 'GO:0110165', 'GO:0043228'}"
GO:0005753,"{'GO:0098798', 'GO:0005575', 'GO:0045259', 'GO:0098796', 'GO:0098800', 'GO:0032991', 'GO:0016469'}"
GO:0000275,"{'GO:0033178', 'GO:0098798', 'GO:0005575', 'GO:0098796', 'GO:0098800', 'GO:0045261', 'GO:0032991', 'GO:0140534'}"
GO:0045259,"{'GO:0098796', 'GO:0005575', 'GO:0032991', 'GO:0016469'}"
GO:0045261,"{'GO:0033178', 'GO:0098796', 'GO:0005575', 'GO:0032991'}"
GO:0005758,"{'GO:0070013', 'GO:0031970', 'GO:0110165', 'GO:0031974', 'GO:0005575', 'GO:0043233'}"
GO:0072563,"{'GO:0005575', 'GO:0110165', 'GO:0072562'}"
GO:0014704,"{'GO:0044291', 'GO:0030054', 'GO:0005911', 'GO:0070161', 'GO:0110165', 'GO:0005575'}"
GO:0042383,"{'GO:0016020', 'GO:0005575', 'GO:0005886', 'GO:0110165'}"
GO:0008021,"{'GO:0030133', 'GO:0097708', 'GO:0043226', 'GO:0099503', 'GO:0070382', 'GO:0043227', 'GO:0005575', 'GO:0031410', 'GO:0031982', 'GO:0110165'}"
GO:0030018,"{'GO:0005575', 'GO:0110165'}"
GO:0032279,"{'GO:0045202', 'GO:0005575', 'GO:0030054', 'GO:0110165', 'GO:0098984'}"
GO:0005776,"{'GO:0043226', 'GO:0043227', 'GO:0005575', 'GO:0043229', 'GO:0005622', 'GO:0043231', 'GO:0110165', 'GO:0005773'}"
GO:0101031,"{'GO:0005575', 'GO:0032991'}"
GO:0043197,"{'GO:0043005', 'GO:0044309', 'GO:0098794', 'GO:0042995', 'GO:0120025', 'GO:0005575', 'GO:0110165'}"
GO:0098690,"{'GO:0045202', 'GO:0110165', 'GO:0005575', 'GO:0030054'}"
GO:1990836,"{'GO:0005575', 'GO:0110165'}"
GO:0005765,"{'GO:0098588', 'GO:0110165', 'GO:0098852', 'GO:0016020', 'GO:0031090', 'GO:0005575', 'GO:0005774'}"
GO:0005764,"{'GO:0043226', 'GO:0043227', 'GO:0005575', 'GO:0043229', 'GO:0000323', 'GO:0005622', 'GO:0043231', 'GO:0110165', 'GO:0005773'}"
GO:1990124,"{'GO:1990904', 'GO:0005575', 'GO:0032991'}"
GO:0044309,"{'GO:0043005', 'GO:0110165', 'GO:0042995', 'GO:0120025', 'GO:0005575'}"
GO:0098684,"{'GO:0045202', 'GO:0005575', 'GO:0097470', 'GO:0030054', 'GO:0110165'}"
GO:0099524,"{'GO:0099522', 'GO:0005829', 'GO:0005575', 'GO:0110165'}"
GO:0099523,"{'GO:0099522', 'GO:0005829', 'GO:0005575', 'GO:0110165'}"
GO:0000974,"{'GO:0005575', 'GO:0032991'}"
GO:0005681,"{'GO:1990904', 'GO:0005575', 'GO:0140513', 'GO:0032991'}"
GO:0005751,"{'GO:0098798', 'GO:0070069', 'GO:0005575', 'GO:0098796', 'GO:0098800', 'GO:0045277', 'GO:0032991', 'GO:0098803'}"
GO:0000792,"{'GO:0000785', 'GO:0005575', 'GO:0110165'}"
GO:0005720,"{'GO:0000785', 'GO:0005575', 'GO:0110165'}"
GO:0000242,"{'GO:0005575', 'GO:0110165'}"
GO:0002199,"{'GO:0005575', 'GO:0032991'}"
GO:0022625,"{'GO:1990904', 'GO:0044391', 'GO:0015934', 'GO:0005575', 'GO:0032991'}"
GO:0045111,"{'GO:0043232', 'GO:0043226', 'GO:0043229', 'GO:0005575', 'GO:0005622', 'GO:0005856', 'GO:0110165', 'GO:0043228'}"
GO:0099160,"{'GO:0043232', 'GO:0043226', 'GO:0043229', 'GO:0005575', 'GO:0005622', 'GO:0043228', 'GO:0005856', 'GO:0045111', 'GO:0110165', 'GO:0099571'}"
GO:0005967,"{'GO:0098798', 'GO:0005575', 'GO:1902494', 'GO:0045254', 'GO:1990204', 'GO:0032991'}"
GO:0045254,"{'GO:1990204', 'GO:0005575', 'GO:0032991', 'GO:1902494'}"
GO:0005741,"{'GO:0005575', 'GO:0031968', 'GO:0098588', 'GO:0019867', 'GO:0016020', 'GO:0031090', 'GO:0110165', 'GO:0031966'}"
GO:0097228,"{'GO:0005575', 'GO:0110165'}"
GO:0032437,"{'GO:0005575', 'GO:0110165'}"
GO:0005921,"{'GO:0005575', 'GO:0030054', 'GO:0005911', 'GO:0070161', 'GO:0110165'}"
GO:0032420,"{'GO:0043005', 'GO:0098858', 'GO:0042995', 'GO:0120025', 'GO:0005575', 'GO:0110165'}"
GO:0061831,"{'GO:0005575', 'GO:0030054', 'GO:0005911', 'GO:0070161', 'GO:0110165'}"
GO:0061828,"{'GO:0036284', 'GO:0005575', 'GO:0032991'}"
GO:0005885,"{'GO:0005575', 'GO:0032991'}"
GO:0061832,"{'GO:0005575', 'GO:0030054', 'GO:0005911', 'GO:0070161', 'GO:0110165'}"
GO:0005903,"{'GO:0005575', 'GO:0098862', 'GO:0110165'}"
GO:0061830,"{'GO:0005575', 'GO:0110165'}"
GO:0060076,"{'GO:0045202', 'GO:0110165', 'GO:0005575', 'GO:0030054'}"
GO:0000139,"{'GO:0098588', 'GO:0110165', 'GO:0016020', 'GO:0031090', 'GO:0005575'}"
GO:0030056,"{'GO:0030055', 'GO:0005575', 'GO:0030054', 'GO:0070161', 'GO:0110165'}"
GO:0061851,"{'GO:0005575', 'GO:0031252', 'GO:0110165'}"
GO:0061825,"{'GO:0005575', 'GO:0110165'}"
GO:0001726,"{'GO:0005575', 'GO:0120025', 'GO:0110165', 'GO:0042995'}"
GO:0017053,"{'GO:0005575', 'GO:0005667', 'GO:0032991'}"
GO:0098891,"{'GO:0099243', 'GO:0005575', 'GO:0110165', 'GO:0098888', 'GO:0019897', 'GO:0019898'}"
GO:0031091,"{'GO:0099503', 'GO:0097708', 'GO:0043226', 'GO:0030141', 'GO:0043227', 'GO:0005575', 'GO:0031410', 'GO:0031982', 'GO:0110165'}"
GO:0048787,"{'GO:0098590', 'GO:0110165', 'GO:0016020', 'GO:0005575', 'GO:0097060'}"
GO:0035578,"{'GO:0031974', 'GO:0005575', 'GO:0043233', 'GO:0005775', 'GO:0070013', 'GO:0060205', 'GO:0031983', 'GO:0110165', 'GO:0034774'}"
GO:0005641,"{'GO:0070013', 'GO:0031970', 'GO:0110165', 'GO:0031974', 'GO:0005575', 'GO:0043233'}"
GO:0045298,"{'GO:0005575', 'GO:0032991'}"
GO:0005604,"{'GO:0062023', 'GO:0110165', 'GO:0005575', 'GO:0031012', 'GO:0030312'}"
GO:0030054,"{'GO:0005575', 'GO:0110165'}"
GO:0016607,"{'GO:0016604', 'GO:0005575', 'GO:0110165'}"
GO:0005916,"{'GO:0005575', 'GO:0030054', 'GO:0005911', 'GO:0070161', 'GO:0110165'}"
GO:0016328,"{'GO:0005575', 'GO:0110165'}"
GO:0033270,"{'GO:0005575', 'GO:0110165'}"
GO:0044305,"{'GO:0098793', 'GO:0005575', 'GO:0044306', 'GO:0043679', 'GO:0110165'}"
GO:0044327,"{'GO:0005575', 'GO:0110165'}"
GO:0044326,"{'GO:0005575', 'GO:0110165'}"
GO:0099056,"{'GO:0099699', 'GO:0005887', 'GO:0098889', 'GO:0099240', 'GO:0031224', 'GO:0005575', 'GO:0031226', 'GO:0016021', 'GO:0110165'}"
GO:0098984,"{'GO:0045202', 'GO:0110165', 'GO:0005575', 'GO:0030054'}"
GO:0031090,"{'GO:0016020', 'GO:0005575', 'GO:0110165'}"
GO:0005890,"{'GO:1902495', 'GO:0005575', 'GO:1990351', 'GO:0098796', 'GO:0098797', 'GO:0090533', 'GO:0098533', 'GO:0032991'}"
GO:0005768,"{'GO:0097708', 'GO:0043226', 'GO:0110165', 'GO:0031982', 'GO:0043227', 'GO:0005575', 'GO:0031410'}"
GO:0030315,"{'GO:0005575', 'GO:0110165'}"
GO:0022627,"{'GO:0015935', 'GO:1990904', 'GO:0044391', 'GO:0005575', 'GO:0032991'}"
GO:0031838,"{'GO:0005575', 'GO:0032991'}"
GO:0005833,"{'GO:0005575', 'GO:0032991'}"
GO:0005757,"{'GO:0098796', 'GO:0098798', 'GO:0005575', 'GO:0032991', 'GO:0046930'}"
GO:0034683,"{'GO:0098802', 'GO:0098636', 'GO:0005575', 'GO:0098796', 'GO:0098797', 'GO:0043235', 'GO:0032991', 'GO:0008305'}"
GO:0030673,"{'GO:0031256', 'GO:0031253', 'GO:0098590', 'GO:0110165', 'GO:0032589', 'GO:0016020', 'GO:0005575'}"
GO:0012505,"{'GO:0005575', 'GO:0110165'}"
GO:0031430,"{'GO:0005575', 'GO:0110165'}"
GO:0008091,"{'GO:0005575', 'GO:0032991'}"
GO:0016234,"{'GO:0005575', 'GO:0110165', 'GO:0005622'}"
GO:0030057,"{'GO:0005575', 'GO:0030054', 'GO:0005911', 'GO:0070161', 'GO:0110165'}"
GO:0010008,"{'GO:0098588', 'GO:0110165', 'GO:0016020', 'GO:0031090', 'GO:0005575'}"
GO:0030867,"{'GO:0005789', 'GO:0005575', 'GO:0098588', 'GO:0016020', 'GO:0031090', 'GO:0110165'}"
GO:0150014,"{'GO:0043005', 'GO:0097440', 'GO:0030425', 'GO:0042995', 'GO:0120025', 'GO:0005575', 'GO:0110165', 'GO:0150002'}"
GO:0043203,"{'GO:0005575', 'GO:0110165'}"
GO:0043194,"{'GO:0005575', 'GO:0110165'}"
GO:0097441,"{'GO:0043005', 'GO:0005575', 'GO:0030425', 'GO:0042995', 'GO:0120025', 'GO:0110165'}"
GO:0097442,"{'GO:0043005', 'GO:0005575', 'GO:0030425', 'GO:0042995', 'GO:0120025', 'GO:0110165'}"
GO:0044307,"{'GO:0043005', 'GO:0005575', 'GO:0030425', 'GO:0042995', 'GO:0120025', 'GO:0110165'}"
GO:1902737,"{'GO:0043005', 'GO:0030175', 'GO:0098858', 'GO:0042995', 'GO:0120025', 'GO:0005575', 'GO:0110165'}"
GO:0044294,"{'GO:0044292', 'GO:0030426', 'GO:0110165', 'GO:0030427', 'GO:0005575'}"
GO:0150002,"{'GO:0043005', 'GO:0005575', 'GO:0030425', 'GO:0042995', 'GO:0120025', 'GO:0110165'}"
GO:0005875,"{'GO:0005575', 'GO:0032991'}"
GO:0034399,"{'GO:0005575', 'GO:0110165'}"
GO:0150001,"{'GO:0043005', 'GO:0005575', 'GO:0030425', 'GO:0042995', 'GO:0120025', 'GO:0110165'}"
GO:1990635,"{'GO:0043005', 'GO:0005575', 'GO:0030425', 'GO:0042995', 'GO:0120025', 'GO:0110165'}"
GO:1990769,"{'GO:0043005', 'GO:0110165', 'GO:0042995', 'GO:0120025', 'GO:0005575'}"
GO:0032587,"{'GO:0005575', 'GO:0031256', 'GO:0031253', 'GO:0098590', 'GO:0016020', 'GO:0110165'}"
GO:0044224,"{'GO:0005575', 'GO:0110165'}"
GO:0097440,"{'GO:0043005', 'GO:0005575', 'GO:0030425', 'GO:0042995', 'GO:0120025', 'GO:0110165'}"
GO:0097457,"{'GO:0043005', 'GO:0030424', 'GO:0042995', 'GO:0120025', 'GO:0110165', 'GO:0044302', 'GO:0005575'}"
GO:0001750,"{'GO:0005575', 'GO:0110165'}"
GO:0036477,"{'GO:0005575', 'GO:0110165'}"
GO:0043196,"{'GO:0005575', 'GO:0110165'}"
GO:0016323,"{'GO:0016020', 'GO:0098590', 'GO:0005575', 'GO:0110165'}"
GO:0036126,"{'GO:0043226', 'GO:0042995', 'GO:0120025', 'GO:0005575', 'GO:0005929', 'GO:0097729', 'GO:0110165', 'GO:0031514'}"
GO:0005652,"{'GO:0005575', 'GO:0110165'}"
GO:0042734,"{'GO:0098590', 'GO:0110165', 'GO:0016020', 'GO:0005575', 'GO:0097060'}"
GO:0031941,"{'GO:0005575', 'GO:0032991'}"
GO:0030118,"{'GO:0098796', 'GO:0032991', 'GO:0005575', 'GO:0030117'}"
GO:0030132,"{'GO:0030117', 'GO:0005575', 'GO:0098796', 'GO:0098797', 'GO:0030118', 'GO:0032991'}"
GO:0030130,"{'GO:0098796', 'GO:0030117', 'GO:0030118', 'GO:0030120', 'GO:0005575', 'GO:0030125', 'GO:0032991'}"
GO:0071439,"{'GO:0098796', 'GO:0005575', 'GO:0032991'}"
GO:0045334,"{'GO:0097708', 'GO:0043226', 'GO:0030139', 'GO:0043227', 'GO:0005575', 'GO:0030136', 'GO:0031410', 'GO:0031982', 'GO:0110165', 'GO:0030135'}"
GO:0030136,"{'GO:0097708', 'GO:0043226', 'GO:0043227', 'GO:0005575', 'GO:0031410', 'GO:0031982', 'GO:0110165', 'GO:0030135'}"
GO:0098850,"{'GO:0005575', 'GO:0031312', 'GO:0110165', 'GO:0019898'}"
GO:0030117,"{'GO:0098796', 'GO:0005575', 'GO:0032991'}"
GO:1990498,"{'GO:0005874', 'GO:0005876', 'GO:0099512', 'GO:0099513', 'GO:0099080', 'GO:0005575', 'GO:0099081', 'GO:0110165'}"
GO:0031523,"{'GO:0005575', 'GO:0140513', 'GO:0032991'}"
GO:0005819,"{'GO:0043232', 'GO:0043226', 'GO:0110165', 'GO:0043229', 'GO:0005575', 'GO:0043228', 'GO:0005622'}"
GO:0034751,"{'GO:0043235', 'GO:0140535', 'GO:0005575', 'GO:0032991'}"
GO:0044295,"{'GO:0005575', 'GO:0110165', 'GO:0030426', 'GO:0030427'}"
GO:0031526,"{'GO:0031253', 'GO:0098590', 'GO:0110165', 'GO:0016020', 'GO:0005575'}"
GO:1990565,"{'GO:0032991', 'GO:0005575', 'GO:0101031'}"
GO:1990917,"{'GO:0110165', 'GO:0005575', 'GO:0005737'}"
GO:1990913,"{'GO:0016020', 'GO:0098590', 'GO:0005575', 'GO:0110165'}"
GO:0061617,"{'GO:0098796', 'GO:0098800', 'GO:0098798', 'GO:0005575', 'GO:0032991'}"
GO:0043159,"{'GO:0005575', 'GO:0110165'}"
GO:0031514,"{'GO:0043226', 'GO:0042995', 'GO:0110165', 'GO:0120025', 'GO:0005575', 'GO:0005929'}"
GO:0045252,"{'GO:0045240', 'GO:0045239', 'GO:1990234', 'GO:0005575', 'GO:1902494', 'GO:1990204', 'GO:0032991'}"
GO:0005801,"{'GO:0043226', 'GO:0005575', 'GO:0043231', 'GO:0110165', 'GO:0043227', 'GO:0043229', 'GO:0005622'}"
GO:0005798,"{'GO:0097708', 'GO:0043226', 'GO:0110165', 'GO:0031982', 'GO:0043227', 'GO:0005575', 'GO:0031410'}"
GO:0099503,"{'GO:0097708', 'GO:0043226', 'GO:0110165', 'GO:0031982', 'GO:0043227', 'GO:0005575', 'GO:0031410'}"
GO:0030658,"{'GO:0012506', 'GO:0005575', 'GO:0098588', 'GO:0016020', 'GO:0031090', 'GO:0110165', 'GO:0030659'}"
GO:0009925,"{'GO:0016020', 'GO:0098590', 'GO:0005575', 'GO:0110165'}"
GO:0043292,"{'GO:0043232', 'GO:0043226', 'GO:0099512', 'GO:0043229', 'GO:0005575', 'GO:0099080', 'GO:0005622', 'GO:0099081', 'GO:0110165', 'GO:0043228'}"
GO:0016528,"{'GO:0110165', 'GO:0005575', 'GO:0005737'}"
GO:0090534,"{'GO:1990351', 'GO:0098796', 'GO:1902495', 'GO:0090533', 'GO:0098533', 'GO:0005575', 'GO:0032991'}"
GO:0031234,"{'GO:0005575', 'GO:0019897', 'GO:0110165', 'GO:0019898'}"
GO:0014801,"{'GO:0005575', 'GO:0110165'}"
GO:0120025,"{'GO:0110165', 'GO:0005575', 'GO:0042995'}"
GO:0097470,"{'GO:0045202', 'GO:0110165', 'GO:0005575', 'GO:0030054'}"
GO:0033017,"{'GO:0005789', 'GO:0005575', 'GO:0098588', 'GO:0016020', 'GO:0031090', 'GO:0110165'}"
GO:0012506,"{'GO:0016020', 'GO:0031090', 'GO:0005575', 'GO:0110165'}"
GO:0030016,"{'GO:0043232', 'GO:0043226', 'GO:0043292', 'GO:0099512', 'GO:0043229', 'GO:0005575', 'GO:0099080', 'GO:0005622', 'GO:0099081', 'GO:0110165', 'GO:0043228'}"
GO:0005638,"{'GO:0099081', 'GO:0005575', 'GO:0099513', 'GO:0110165', 'GO:0099512', 'GO:0099080', 'GO:0005882'}"
GO:0016604,"{'GO:0005575', 'GO:0110165'}"
GO:0016363,"{'GO:0005575', 'GO:0110165'}"
GO:0097452,"{'GO:0005575', 'GO:0032991'}"
GO:0099092,"{'GO:0043226', 'GO:0099091', 'GO:0110165', 'GO:0005575', 'GO:0043228'}"
GO:0030122,"{'GO:0030131', 'GO:0030119', 'GO:0005575', 'GO:0098796', 'GO:0098797', 'GO:0032991'}"
GO:0031313,"{'GO:0005575', 'GO:0031312', 'GO:0110165', 'GO:0019898'}"
GO:0098894,"{'GO:0099243', 'GO:0005575', 'GO:0110165', 'GO:0098888', 'GO:0019897', 'GO:0019898'}"
GO:0098688,"{'GO:0045202', 'GO:0005575', 'GO:0060076', 'GO:0030054', 'GO:0110165'}"
GO:0045211,"{'GO:0098590', 'GO:0110165', 'GO:0016020', 'GO:0005575', 'GO:0097060'}"
GO:0098833,"{'GO:0005575', 'GO:0110165'}"
GO:0098830,"{'GO:0097708', 'GO:0043226', 'GO:0043227', 'GO:0005575', 'GO:0005768', 'GO:0031410', 'GO:0031982', 'GO:0110165'}"
GO:0031672,"{'GO:0005575', 'GO:0110165'}"
GO:0043034,"{'GO:0005575', 'GO:0110165'}"
GO:0005887,"{'GO:0031224', 'GO:0005575', 'GO:0031226', 'GO:0016021', 'GO:0110165'}"
GO:0055037,"{'GO:0097708', 'GO:0043226', 'GO:0043227', 'GO:0005575', 'GO:0005768', 'GO:0031410', 'GO:0031982', 'GO:0110165'}"
GO:0000777,"{'GO:0043232', 'GO:0043226', 'GO:0099080', 'GO:0043229', 'GO:0005575', 'GO:0005622', 'GO:0000776', 'GO:0110165', 'GO:0043228'}"
GO:0005868,"{'GO:0005575', 'GO:0005875', 'GO:0030286', 'GO:0032991', 'GO:1902494'}"
GO:0005938,"{'GO:0110165', 'GO:0005575', 'GO:0005737'}"
GO:0002177,"{'GO:0005575', 'GO:0110165'}"
GO:0042587,"{'GO:0005575', 'GO:0110165'}"
GO:0030864,"{'GO:0043232', 'GO:0043226', 'GO:0043229', 'GO:0005575', 'GO:0005622', 'GO:0005856', 'GO:0030863', 'GO:0110165', 'GO:0043228'}"
GO:0005853,"{'GO:0005575', 'GO:0032991'}"
GO:0016605,"{'GO:0016604', 'GO:0005575', 'GO:0110165'}"
GO:0035748,"{'GO:0005575', 'GO:0110165'}"
GO:0035749,"{'GO:0005575', 'GO:0110165'}"
GO:0030659,"{'GO:0012506', 'GO:0110165', 'GO:0016020', 'GO:0031090', 'GO:0005575'}"
GO:0005640,"{'GO:0031965', 'GO:0005575', 'GO:0031968', 'GO:0098588', 'GO:0019867', 'GO:0016020', 'GO:0031090', 'GO:0110165'}"
GO:0031092,"{'GO:0012506', 'GO:0005575', 'GO:0098588', 'GO:0030667', 'GO:0016020', 'GO:0031090', 'GO:0110165', 'GO:0030659'}"
GO:0005840,"{'GO:0043232', 'GO:0043226', 'GO:0110165', 'GO:0043229', 'GO:0005575', 'GO:0043228', 'GO:0005622'}"
GO:0099512,"{'GO:0099081', 'GO:0099080', 'GO:0005575', 'GO:0110165'}"
GO:0030672,"{'GO:0012506', 'GO:0005575', 'GO:0099501', 'GO:0098588', 'GO:0030658', 'GO:0016020', 'GO:0031090', 'GO:0110165', 'GO:0030659'}"
GO:0042641,"{'GO:0005575', 'GO:0110165'}"
GO:0032154,"{'GO:0016020', 'GO:0098590', 'GO:0005575', 'GO:0110165'}"
GO:0016459,"{'GO:0005575', 'GO:0032991'}"
GO:0016460,"{'GO:0016459', 'GO:0005575', 'GO:0032991'}"
GO:0097513,"{'GO:0099081', 'GO:0005575', 'GO:0032982', 'GO:0099512', 'GO:0099080', 'GO:0110165'}"
GO:0070469,"{'GO:0005575', 'GO:0110165'}"
GO:0042788,"{'GO:0043232', 'GO:0043226', 'GO:0005840', 'GO:0043229', 'GO:0005575', 'GO:0005622', 'GO:0110165', 'GO:0043228'}"
GO:0035686,"{'GO:0005575', 'GO:0110165'}"
GO:0061827,"{'GO:0005575', 'GO:0110165'}"
GO:0097450,"{'GO:0005575', 'GO:0042995', 'GO:0097386', 'GO:0120025', 'GO:0110165', 'GO:0097449'}"
GO:0097449,"{'GO:0110165', 'GO:0042995', 'GO:0097386', 'GO:0120025', 'GO:0005575'}"
GO:0098574,"{'GO:0098562', 'GO:0005575', 'GO:0110165', 'GO:0098552'}"
GO:0044291,"{'GO:0005575', 'GO:0030054', 'GO:0005911', 'GO:0070161', 'GO:0110165'}"
GO:0034451,"{'GO:0005575', 'GO:0110165'}"
GO:0031410,"{'GO:0097708', 'GO:0043226', 'GO:0005575', 'GO:0031982', 'GO:0043227', 'GO:0110165'}"
GO:0098691,"{'GO:0045202', 'GO:0110165', 'GO:0005575', 'GO:0030054'}"
GO:0016600,"{'GO:0098796', 'GO:0098797', 'GO:0005575', 'GO:0032991'}"
GO:0044853,"{'GO:0005575', 'GO:0098857', 'GO:0045121', 'GO:0098590', 'GO:0016020', 'GO:0110165'}"
GO:0001931,"{'GO:0005575', 'GO:0120025', 'GO:0110165', 'GO:0042995'}"
GO:0042382,"{'GO:0016604', 'GO:0005575', 'GO:0110165'}"
GO:0090575,"{'GO:0005575', 'GO:0005667', 'GO:0140513', 'GO:0032991'}"
GO:0098890,"{'GO:0099243', 'GO:0110165', 'GO:0005575', 'GO:0019897', 'GO:0019898'}"
GO:0098831,"{'GO:0005938', 'GO:0005737', 'GO:0110165', 'GO:0099568', 'GO:0005575', 'GO:0099738'}"
GO:0008290,"{'GO:0005575', 'GO:0032991'}"
GO:0097226,"{'GO:0005575', 'GO:0110165'}"
GO:0097524,"{'GO:0016020', 'GO:0005575', 'GO:0005886', 'GO:0110165'}"
GO:0045177,"{'GO:0005575', 'GO:0110165'}"
GO:0009898,"{'GO:0098562', 'GO:0005575', 'GO:0110165', 'GO:0098552'}"
GO:0032590,"{'GO:0031256', 'GO:0031253', 'GO:0098590', 'GO:0110165', 'GO:0032589', 'GO:0016020', 'GO:0005575'}"
GO:0032591,"{'GO:0032589', 'GO:0005575', 'GO:0031256', 'GO:0031253', 'GO:0098590', 'GO:0016020', 'GO:0110165', 'GO:0097060'}"
GO:0001772,"{'GO:0005575', 'GO:0110165'}"
GO:0099059,"{'GO:0099699', 'GO:0031224', 'GO:0098945', 'GO:0016021', 'GO:0110165', 'GO:0005887', 'GO:0098889', 'GO:0099240', 'GO:0005575', 'GO:0031226', 'GO:0099056'}"
GO:0032809,"{'GO:0005575', 'GO:0110165', 'GO:0044298'}"
GO:0099055,"{'GO:0099699', 'GO:0098936', 'GO:0005887', 'GO:0031224', 'GO:0099240', 'GO:0005575', 'GO:0031226', 'GO:0016021', 'GO:0110165'}"
GO:0043218,"{'GO:0005575', 'GO:0110165'}"
GO:0033269,"{'GO:0005575', 'GO:0110165'}"
GO:0002080,"{'GO:0012506', 'GO:0005575', 'GO:0098588', 'GO:0030667', 'GO:0016020', 'GO:0031090', 'GO:0110165', 'GO:0030659'}"
GO:0099029,"{'GO:0098889', 'GO:0099240', 'GO:0031224', 'GO:0005575', 'GO:0046658', 'GO:0099026', 'GO:0031226', 'GO:0031225', 'GO:0098945', 'GO:0110165', 'GO:0099144'}"
GO:0030139,"{'GO:0097708', 'GO:0043226', 'GO:0110165', 'GO:0031982', 'GO:0043227', 'GO:0005575', 'GO:0031410'}"
GO:0030285,"{'GO:0031300', 'GO:0031224', 'GO:0005575', 'GO:0098563', 'GO:0016021', 'GO:0110165', 'GO:0031301'}"
GO:0043229,"{'GO:0005575', 'GO:0110165', 'GO:0005622'}"
GO:0070032,"{'GO:0031201', 'GO:0032991', 'GO:0005575', 'GO:0098796'}"
GO:0070033,"{'GO:0031201', 'GO:0032991', 'GO:0005575', 'GO:0098796'}"
GO:0008076,"{'GO:0034705', 'GO:0034703', 'GO:1902495', 'GO:0005575', 'GO:0034702', 'GO:0098796', 'GO:0098797', 'GO:1990351', 'GO:0032991'}"
GO:0042642,"{'GO:0016459', 'GO:0005575', 'GO:0032991'}"
GO:0032433,"{'GO:0005575', 'GO:0110165'}"
GO:0032593,"{'GO:0099503', 'GO:0097708', 'GO:0043226', 'GO:0030141', 'GO:0043227', 'GO:0005575', 'GO:0031410', 'GO:0031982', 'GO:0110165'}"
GO:0005777,"{'GO:0043226', 'GO:0043227', 'GO:0005575', 'GO:0043229', 'GO:0005622', 'GO:0043231', 'GO:0110165', 'GO:0042579'}"
GO:0016461,"{'GO:0016459', 'GO:0005575', 'GO:0032991'}"
GO:0000790,"{'GO:0005575', 'GO:0110165'}"
GO:0071203,"{'GO:0005575', 'GO:0032991'}"
GO:1901588,"{'GO:0099081', 'GO:0099513', 'GO:0005874', 'GO:0110165', 'GO:0099512', 'GO:0099080', 'GO:0005575'}"
GO:0120103,"{'GO:0005575', 'GO:0032991'}"
GO:0005814,"{'GO:0043232', 'GO:0043226', 'GO:0110165', 'GO:0043229', 'GO:0005575', 'GO:0043228', 'GO:0005622'}"
GO:0036064,"{'GO:0005815', 'GO:0005575', 'GO:0110165'}"
GO:0045171,"{'GO:0005575', 'GO:0110165'}"
GO:0035371,"{'GO:0005575', 'GO:1990752', 'GO:0110165'}"
GO:0030904,"{'GO:0098796', 'GO:0005575', 'GO:0032991'}"
GO:0061829,"{'GO:0036284', 'GO:0005575', 'GO:0032991'}"
GO:0098844,"{'GO:0098590', 'GO:0110165', 'GO:0016020', 'GO:0005575', 'GO:0097060'}"
GO:0043083,"{'GO:0110165', 'GO:0005575', 'GO:0005576'}"
GO:0060170,"{'GO:0005575', 'GO:0098588', 'GO:0031253', 'GO:0098590', 'GO:0016020', 'GO:0031090', 'GO:0110165'}"
GO:0005955,"{'GO:0008287', 'GO:0140535', 'GO:0005575', 'GO:1902494', 'GO:1903293', 'GO:0032991'}"
GO:0036057,"{'GO:0030054', 'GO:0005911', 'GO:0070161', 'GO:0036056', 'GO:0110165', 'GO:0005575'}"
GO:0005802,"{'GO:0031984', 'GO:0005575', 'GO:0098791', 'GO:0110165'}"
GO:0098800,"{'GO:0098796', 'GO:0098798', 'GO:0005575', 'GO:0032991'}"
GO:0035632,"{'GO:0098796', 'GO:0098800', 'GO:0098798', 'GO:0005575', 'GO:0032991'}"
GO:0022624,"{'GO:0005575', 'GO:0032991'}"
GO:0008540,"{'GO:0005575', 'GO:0032991'}"
GO:0034515,"{'GO:0043232', 'GO:0043226', 'GO:0110165', 'GO:0043229', 'GO:0005575', 'GO:0043228', 'GO:0005622'}"
GO:0005930,"{'GO:0005575', 'GO:0110165'}"
GO:0005954,"{'GO:0005575', 'GO:0032991', 'GO:0140535'}"
GO:0099573,"{'GO:0043226', 'GO:0099572', 'GO:0110165', 'GO:0005575', 'GO:0014069'}"
GO:0099634,"{'GO:0098590', 'GO:0110165', 'GO:0016020', 'GO:0005575', 'GO:0097060'}"
GO:0000786,"{'GO:0032993', 'GO:0044815', 'GO:0005575', 'GO:0032991'}"
GO:0005834,"{'GO:0005575', 'GO:1902494', 'GO:0098796', 'GO:0098797', 'GO:1905360', 'GO:0032991'}"
GO:0033178,"{'GO:0098796', 'GO:0005575', 'GO:0032991'}"
GO:0009361,"{'GO:0045239', 'GO:0005575', 'GO:0032991', 'GO:0042709', 'GO:1902494'}"
GO:0045244,"{'GO:0098798', 'GO:0045239', 'GO:0005575', 'GO:1902494', 'GO:0032991', 'GO:0042709', 'GO:0030062'}"
GO:0045239,"{'GO:0005575', 'GO:0032991'}"
GO:0005945,"{'GO:0061695', 'GO:1990234', 'GO:0005575', 'GO:0032991', 'GO:1902494'}"
GO:0005749,"{'GO:0098798', 'GO:0005575', 'GO:0045283', 'GO:1902494', 'GO:0045281', 'GO:0098796', 'GO:0098800', 'GO:1990204', 'GO:0032991', 'GO:0045257', 'GO:0098803'}"
GO:0045273,"{'GO:0098796', 'GO:0005575', 'GO:0032991', 'GO:0098803'}"
GO:0099025,"{'GO:0098936', 'GO:0046658', 'GO:0031224', 'GO:0099240', 'GO:0005575', 'GO:0031226', 'GO:0031225', 'GO:0110165', 'GO:0099144'}"
GO:0014731,"{'GO:0043232', 'GO:0043226', 'GO:0043229', 'GO:0005575', 'GO:0005622', 'GO:0005856', 'GO:0110165', 'GO:0043228'}"
GO:0098796,"{'GO:0005575', 'GO:0032991'}"
GO:0005694,"{'GO:0043232', 'GO:0043226', 'GO:0110165', 'GO:0043229', 'GO:0005575', 'GO:0043228', 'GO:0005622'}"
GO:0043219,"{'GO:0005575', 'GO:0110165'}"
GO:0072687,"{'GO:0043232', 'GO:0043226', 'GO:0043229', 'GO:0005575', 'GO:0005622', 'GO:0005819', 'GO:0110165', 'GO:0043228'}"
GO:0033010,"{'GO:0005575', 'GO:0030054', 'GO:0005911', 'GO:0070161', 'GO:0110165'}"
GO:0043220,"{'GO:0005575', 'GO:0110165'}"
GO:0097456,"{'GO:0110165', 'GO:0042995', 'GO:0097386', 'GO:0120025', 'GO:0005575'}"
GO:0030131,"{'GO:0098796', 'GO:0005575', 'GO:0032991', 'GO:0030119'}"
GO:0031595,"{'GO:1905368', 'GO:1905369', 'GO:0140535', 'GO:0005575', 'GO:1902494', 'GO:0000502', 'GO:0140513', 'GO:0032991'}"
GO:0005838,"{'GO:0005575', 'GO:0032991'}"
GO:0008541,"{'GO:0005575', 'GO:0032991'}"
GO:0005740,"{'GO:0005575', 'GO:0110165', 'GO:0031975', 'GO:0031967'}"
GO:0005685,"{'GO:0140513', 'GO:1990904', 'GO:0120114', 'GO:0030532', 'GO:0005575', 'GO:0097525', 'GO:0032991'}"
GO:0071004,"{'GO:0005681', 'GO:0005575', 'GO:0071010', 'GO:1990904', 'GO:0005684', 'GO:0140513', 'GO:0032991'}"
GO:0099061,"{'GO:0099699', 'GO:0098936', 'GO:0099060', 'GO:0005887', 'GO:0031224', 'GO:0099240', 'GO:0005575', 'GO:0099055', 'GO:0031226', 'GO:0099146', 'GO:0016021', 'GO:0110165', 'GO:0098948'}"
GO:0098839,"{'GO:0098590', 'GO:0005575', 'GO:0016020', 'GO:0110165', 'GO:0097060', 'GO:0099634'}"
GO:0031012,"{'GO:0005575', 'GO:0110165', 'GO:0030312'}"
GO:0072534,"{'GO:0062023', 'GO:0098966', 'GO:0005575', 'GO:0110165', 'GO:0031012', 'GO:0030312'}"
GO:0098966,"{'GO:0062023', 'GO:0110165', 'GO:0005575', 'GO:0031012', 'GO:0030312'}"
GO:0031045,"{'GO:0099503', 'GO:0097708', 'GO:0043226', 'GO:0030141', 'GO:0043227', 'GO:0005575', 'GO:0031410', 'GO:0031982', 'GO:0110165'}"
GO:0098992,"{'GO:0099503', 'GO:0097708', 'GO:0043226', 'GO:0030141', 'GO:0031045', 'GO:0043227', 'GO:0005575', 'GO:0031410', 'GO:0031982', 'GO:0110165'}"
GO:0017101,"{'GO:0005575', 'GO:0032991'}"
GO:0032153,"{'GO:0005575', 'GO:0110165'}"
GO:0099569,"{'GO:0043232', 'GO:0043226', 'GO:0043229', 'GO:0005575', 'GO:0005622', 'GO:0005856', 'GO:0110165', 'GO:0043228'}"
GO:0031105,"{'GO:0005575', 'GO:0032991'}"
GO:0005940,"{'GO:0043232', 'GO:0043226', 'GO:0043229', 'GO:0005575', 'GO:0005622', 'GO:0005856', 'GO:0110165', 'GO:0043228', 'GO:0032156'}"
GO:0042599,"{'GO:0099503', 'GO:0097708', 'GO:0043226', 'GO:0030141', 'GO:0043227', 'GO:0005575', 'GO:0031410', 'GO:0031982', 'GO:0110165'}"
GO:0098993,"{'GO:0031300', 'GO:0031224', 'GO:0005575', 'GO:0098563', 'GO:0031225', 'GO:0110165'}"
GO:0033116,"{'GO:0098588', 'GO:0110165', 'GO:0016020', 'GO:0031090', 'GO:0005575'}"
GO:0000794,"{'GO:0043232', 'GO:0000228', 'GO:0043226', 'GO:0043229', 'GO:0005575', 'GO:0005622', 'GO:0000793', 'GO:0005694', 'GO:0110165', 'GO:0043228'}"
GO:0097733,"{'GO:0043005', 'GO:0097731', 'GO:0043226', 'GO:0042995', 'GO:0120025', 'GO:0005575', 'GO:0005929', 'GO:0110165', 'GO:0097730'}"
GO:0120200,"{'GO:0001750', 'GO:0005575', 'GO:0110165'}"
GO:0097225,"{'GO:0005575', 'GO:0110165'}"
GO:0043291,"{'GO:0005575', 'GO:0032991'}"
GO:0030666,"{'GO:0012506', 'GO:0005575', 'GO:0098588', 'GO:0016020', 'GO:0031090', 'GO:0110165', 'GO:0030659'}"
GO:0043657,"{'GO:0018995', 'GO:0005575', 'GO:0110165'}"
GO:0015935,"{'GO:0005575', 'GO:1990904', 'GO:0044391', 'GO:0032991'}"
GO:0098556,"{'GO:0098554', 'GO:0098562', 'GO:0110165', 'GO:0098552', 'GO:0005575'}"
GO:0015934,"{'GO:0005575', 'GO:1990904', 'GO:0044391', 'GO:0032991'}"
GO:0033150,"{'GO:0005575', 'GO:0110165'}"
GO:0097224,"{'GO:0005575', 'GO:0110165'}"
GO:0005859,"{'GO:0016459', 'GO:0032991', 'GO:0005575', 'GO:0016460'}"
GO:0030485,"{'GO:0043232', 'GO:0043226', 'GO:0043292', 'GO:0099512', 'GO:0043229', 'GO:0005575', 'GO:0099080', 'GO:0005622', 'GO:0099081', 'GO:0110165', 'GO:0043228'}"
GO:0005839,"{'GO:0005575', 'GO:0032991'}"
GO:0019774,"{'GO:0005575', 'GO:0032991'}"
GO:0044308,"{'GO:0043005', 'GO:0044309', 'GO:0005575', 'GO:0042995', 'GO:0120025', 'GO:0110165'}"
GO:0031901,"{'GO:0098588', 'GO:0005575', 'GO:0016020', 'GO:0031090', 'GO:0110165', 'GO:0010008'}"
GO:0005969,"{'GO:1902494', 'GO:0005575', 'GO:0032991', 'GO:1990234'}"
GO:0044298,"{'GO:0005575', 'GO:0110165'}"
GO:0031253,"{'GO:0016020', 'GO:0098590', 'GO:0005575', 'GO:0110165'}"
GO:0042709,"{'GO:0045239', 'GO:0005575', 'GO:0032991', 'GO:1902494'}"
GO:0098835,"{'GO:0098590', 'GO:0110165', 'GO:0016020', 'GO:0005575', 'GO:0097060'}"
GO:0150017,"{'GO:0043005', 'GO:0030425', 'GO:0042995', 'GO:0120025', 'GO:0005575', 'GO:0097441', 'GO:1990635', 'GO:0110165'}"
GO:0097418,"{'GO:0005575', 'GO:0016234', 'GO:0110165', 'GO:0005622'}"
GO:0005826,"{'GO:0005575', 'GO:0070938', 'GO:0110165'}"
GO:0035869,"{'GO:0005575', 'GO:0110165'}"
GO:0000145,"{'GO:0005575', 'GO:0032991', 'GO:0099023'}"
GO:0097730,"{'GO:0043226', 'GO:0042995', 'GO:0110165', 'GO:0120025', 'GO:0005575', 'GO:0005929'}"
GO:0032391,"{'GO:0110165', 'GO:0005575', 'GO:0035869'}"
GO:0097227,"{'GO:0005575', 'GO:0110165'}"
GO:0005876,"{'GO:0099081', 'GO:0099513', 'GO:0005874', 'GO:0110165', 'GO:0099512', 'GO:0099080', 'GO:0005575'}"
GO:0044300,"{'GO:0043005', 'GO:0005575', 'GO:0042995', 'GO:0120025', 'GO:0030424', 'GO:0110165'}"
GO:0030123,"{'GO:0098796', 'GO:0005575', 'GO:0032991', 'GO:0030119'}"
GO:0030665,"{'GO:0012506', 'GO:0005575', 'GO:0030662', 'GO:0098588', 'GO:0016020', 'GO:0031090', 'GO:0110165', 'GO:0030659'}"
GO:0030670,"{'GO:0012506', 'GO:0005575', 'GO:0030666', 'GO:0098588', 'GO:0016020', 'GO:0031090', 'GO:0110165', 'GO:0030659'}"
GO:0055038,"{'GO:0098588', 'GO:0005575', 'GO:0016020', 'GO:0031090', 'GO:0110165', 'GO:0010008'}"
GO:0045277,"{'GO:0098796', 'GO:0070069', 'GO:0005575', 'GO:0032991', 'GO:0098803'}"
GO:0031256,"{'GO:0005575', 'GO:0110165'}"
GO:0033268,"{'GO:0005575', 'GO:0110165'}"
GO:0045180,"{'GO:0005938', 'GO:0005737', 'GO:0110165', 'GO:0099568', 'GO:0005575', 'GO:0099738'}"
GO:1903754,"{'GO:0005575', 'GO:1990752', 'GO:0110165', 'GO:1904511', 'GO:0035371'}"
GO:0031209,"{'GO:0005575', 'GO:0032991'}"
GO:0016327,"{'GO:0016020', 'GO:0098590', 'GO:0005575', 'GO:0110165'}"
GO:0005923,"{'GO:0030054', 'GO:0005911', 'GO:0070161', 'GO:0110165', 'GO:0070160', 'GO:0005575'}"
GO:0031674,"{'GO:0005575', 'GO:0110165'}"
GO:0046581,"{'GO:0005575', 'GO:0030054', 'GO:0005911', 'GO:0070161', 'GO:0110165'}"
GO:0097025,"{'GO:0098796', 'GO:0098797', 'GO:0005575', 'GO:0032991'}"
GO:0001518,"{'GO:0034703', 'GO:1902495', 'GO:0005575', 'GO:0034706', 'GO:0034702', 'GO:0098796', 'GO:0098797', 'GO:1990351', 'GO:0032991'}"
GO:0090732,"{'GO:0005575', 'GO:0031002', 'GO:0032432', 'GO:0110165'}"
GO:0031258,"{'GO:0005575', 'GO:0031256', 'GO:0031253', 'GO:0098590', 'GO:0016020', 'GO:0110165'}"
GO:0099026,"{'GO:0098889', 'GO:0099240', 'GO:0031224', 'GO:0005575', 'GO:0046658', 'GO:0031226', 'GO:0031225', 'GO:0110165', 'GO:0099144'}"
GO:0031597,"{'GO:1905368', 'GO:1905369', 'GO:0140535', 'GO:0000502', 'GO:0005575', 'GO:0032991', 'GO:1902494'}"
GO:0005675,"{'GO:1902554', 'GO:0005667', 'GO:0090575', 'GO:1990234', 'GO:0032806', 'GO:0005575', 'GO:1902494', 'GO:0061695', 'GO:1902911', 'GO:0140513', 'GO:0032991'}"
GO:0098674,"{'GO:0005575', 'GO:0110165', 'GO:0031312', 'GO:0098922', 'GO:0019898'}"
GO:0032281,"{'GO:0098797', 'GO:0043235', 'GO:0008328', 'GO:0034703', 'GO:1902495', 'GO:0098802', 'GO:0098878', 'GO:0005575', 'GO:1990351', 'GO:0098796', 'GO:0034702', 'GO:0032991'}"
GO:0099031,"{'GO:0099030', 'GO:0098936', 'GO:0099025', 'GO:0031224', 'GO:0099240', 'GO:0005575', 'GO:0046658', 'GO:0031226', 'GO:0031225', 'GO:0099146', 'GO:0110165', 'GO:0098948', 'GO:0099144'}"
GO:0044306,"{'GO:0005575', 'GO:0110165'}"
GO:0019773,"{'GO:0005575', 'GO:0032991'}"
GO:0045120,"{'GO:0043226', 'GO:0043227', 'GO:0005575', 'GO:0043229', 'GO:0005622', 'GO:0043231', 'GO:0005634', 'GO:0110165'}"
GO:0035770,"{'GO:0043232', 'GO:0043226', 'GO:0099080', 'GO:0043229', 'GO:0005575', 'GO:0005622', 'GO:0110165', 'GO:0043228'}"
GO:0031362,"{'GO:0031233', 'GO:0046658', 'GO:0031224', 'GO:0005575', 'GO:0031226', 'GO:0031225', 'GO:0110165'}"
GO:0046658,"{'GO:0031224', 'GO:0005575', 'GO:0031226', 'GO:0031225', 'GO:0110165'}"
GO:0000276,"{'GO:0098798', 'GO:0045263', 'GO:0005575', 'GO:0033177', 'GO:0098796', 'GO:0098800', 'GO:0032991'}"
GO:0031461,"{'GO:0000151', 'GO:1990234', 'GO:0005575', 'GO:0140535', 'GO:0032991', 'GO:1902494'}"
GO:0000151,"{'GO:1990234', 'GO:0005575', 'GO:0140535', 'GO:0032991', 'GO:1902494'}"
GO:0071013,"{'GO:0140513', 'GO:0005681', 'GO:0005575', 'GO:1902494', 'GO:1990904', 'GO:0032991'}"
GO:0000243,"{'GO:1990904', 'GO:0005575', 'GO:0005684', 'GO:0005681', 'GO:0140513', 'GO:0032991'}"
GO:0034709,"{'GO:1990234', 'GO:0034708', 'GO:0005575', 'GO:0032991', 'GO:1902494'}"
GO:0034715,"{'GO:0005575', 'GO:0120114', 'GO:0032991'}"
GO:0071011,"{'GO:0140513', 'GO:1990904', 'GO:0005681', 'GO:0005575', 'GO:0032991'}"
GO:0034719,"{'GO:0005575', 'GO:0120114', 'GO:0032991'}"
GO:0097526,"{'GO:0140513', 'GO:1990904', 'GO:0120114', 'GO:0030532', 'GO:0005575', 'GO:0097525', 'GO:0032991'}"
GO:0005689,"{'GO:0140513', 'GO:1990904', 'GO:0005681', 'GO:0005575', 'GO:0032991'}"
GO:0005686,"{'GO:0140513', 'GO:1990904', 'GO:0120114', 'GO:0030532', 'GO:0005575', 'GO:0097525', 'GO:0032991'}"
GO:0071007,"{'GO:0005681', 'GO:0005575', 'GO:1902494', 'GO:0071013', 'GO:1990904', 'GO:0005684', 'GO:0140513', 'GO:0032991'}"
GO:0071005,"{'GO:0071011', 'GO:0005681', 'GO:0005575', 'GO:1990904', 'GO:0005684', 'GO:0140513', 'GO:0032991'}"
GO:0005687,"{'GO:0140513', 'GO:1990904', 'GO:0120114', 'GO:0030532', 'GO:0005575', 'GO:0097525', 'GO:0032991'}"
GO:0046540,"{'GO:0005575', 'GO:0097526', 'GO:0097525', 'GO:1990904', 'GO:0030532', 'GO:0140513', 'GO:0120114', 'GO:0032991'}"
GO:0005682,"{'GO:0140513', 'GO:1990904', 'GO:0120114', 'GO:0030532', 'GO:0005575', 'GO:0097525', 'GO:0032991'}"
GO:0032173,"{'GO:0043232', 'GO:0043226', 'GO:0043229', 'GO:0005575', 'GO:0005622', 'GO:0005856', 'GO:0110165', 'GO:0043228', 'GO:0032156'}"
GO:0072492,"{'GO:0018995', 'GO:0033655', 'GO:0005575', 'GO:0033646', 'GO:0033643', 'GO:0110165'}"
GO:0031305,"{'GO:0098573', 'GO:0031300', 'GO:0031224', 'GO:0032592', 'GO:0005575', 'GO:0031304', 'GO:0016021', 'GO:0110165', 'GO:0031301'}"
GO:0005850,"{'GO:0005575', 'GO:0032991'}"
GO:0032045,"{'GO:0005575', 'GO:0032991', 'GO:0140535'}"
GO:0032473,"{'GO:0098562', 'GO:0005575', 'GO:0110165', 'GO:0098552'}"
GO:0051286,"{'GO:0005575', 'GO:0110165', 'GO:0060187'}"
GO:0017071,"{'GO:0034702', 'GO:1990351', 'GO:0098796', 'GO:0034703', 'GO:1902495', 'GO:0005575', 'GO:0032991'}"
GO:0005778,"{'GO:0043226', 'GO:0043227', 'GO:0005575', 'GO:0043229', 'GO:0005622', 'GO:0098588', 'GO:0031903', 'GO:0043231', 'GO:0016020', 'GO:0031090', 'GO:0110165', 'GO:0042579'}"
GO:0043235,"{'GO:0005575', 'GO:0032991'}"
GO:0030667,"{'GO:0012506', 'GO:0005575', 'GO:0098588', 'GO:0016020', 'GO:0031090', 'GO:0110165', 'GO:0030659'}"
GO:0000322,"{'GO:0043226', 'GO:0043227', 'GO:0005575', 'GO:0043229', 'GO:0005622', 'GO:0043231', 'GO:0110165', 'GO:0005773'}"
GO:0042589,"{'GO:0012506', 'GO:0005575', 'GO:0098588', 'GO:0030667', 'GO:0016020', 'GO:0031090', 'GO:0110165', 'GO:0030659'}"
GO:0016235,"{'GO:0005575', 'GO:0016234', 'GO:0110165', 'GO:0005622'}"
GO:0032144,"{'GO:1990234', 'GO:0005575', 'GO:0140535', 'GO:0032991', 'GO:1902494'}"
GO:0072562,"{'GO:0005575', 'GO:0110165'}"
GO:0005577,"{'GO:0005575', 'GO:0032991'}"
GO:0036038,"{'GO:0005575', 'GO:0032991'}"
GO:0120206,"{'GO:0005575', 'GO:0110165'}"
GO:0042825,"{'GO:0098796', 'GO:0005575', 'GO:0140534', 'GO:0032991'}"
GO:0031083,"{'GO:0032991', 'GO:0005575', 'GO:0031082'}"
GO:0035579,"{'GO:0012506', 'GO:0005575', 'GO:0098588', 'GO:0030667', 'GO:0016020', 'GO:0031090', 'GO:0110165', 'GO:0030659'}"
GO:0070821,"{'GO:0012506', 'GO:0005575', 'GO:0098588', 'GO:0030667', 'GO:0016020', 'GO:0031090', 'GO:0110165', 'GO:0030659'}"
GO:0045179,"{'GO:0005938', 'GO:0005737', 'GO:0110165', 'GO:0099568', 'GO:0005575', 'GO:0099738'}"
GO:0098944,"{'GO:0098588', 'GO:0098895', 'GO:0110165', 'GO:0016020', 'GO:0031090', 'GO:0005575', 'GO:0010008'}"
GO:0071014,"{'GO:0140513', 'GO:1990904', 'GO:0005681', 'GO:0005575', 'GO:0032991'}"
GO:0046930,"{'GO:0098796', 'GO:0005575', 'GO:0032991'}"
GO:0005643,"{'GO:0005575', 'GO:0140513', 'GO:0032991'}"
GO:0042565,"{'GO:0005575', 'GO:0032991', 'GO:0031074'}"
GO:0001673,"{'GO:0043226', 'GO:0043227', 'GO:0005575', 'GO:0043229', 'GO:0005622', 'GO:0043073', 'GO:0043231', 'GO:0005634', 'GO:0110165'}"
GO:0016442,"{'GO:0031332', 'GO:0005575', 'GO:0032991', 'GO:1990904'}"
GO:0032432,"{'GO:0005575', 'GO:0110165'}"
GO:0034706,"{'GO:0034702', 'GO:1990351', 'GO:0098796', 'GO:0034703', 'GO:1902495', 'GO:0005575', 'GO:0032991'}"
GO:0001650,"{'GO:0005575', 'GO:0110165'}"
GO:0071782,"{'GO:0031984', 'GO:0005575', 'GO:0098827', 'GO:0110165'}"
GO:0070382,"{'GO:0030133', 'GO:0097708', 'GO:0043226', 'GO:0099503', 'GO:0043227', 'GO:0005575', 'GO:0031410', 'GO:0031982', 'GO:0110165'}"
GO:0098826,"{'GO:0016020', 'GO:0005575', 'GO:0110165'}"
GO:0000274,"{'GO:0098798', 'GO:0005575', 'GO:0098796', 'GO:0098800', 'GO:0045265', 'GO:0032991'}"
GO:0009331,"{'GO:1990204', 'GO:0005575', 'GO:0032991', 'GO:1902494'}"
GO:0071437,"{'GO:0005575', 'GO:0120025', 'GO:0110165', 'GO:0042995'}"
GO:0034707,"{'GO:1990351', 'GO:0098796', 'GO:0005575', 'GO:1902495', 'GO:0034702', 'GO:0032991'}"
GO:0031527,"{'GO:0031253', 'GO:0098590', 'GO:0110165', 'GO:0016020', 'GO:0005575'}"
GO:0030868,"{'GO:0005789', 'GO:0005575', 'GO:0098588', 'GO:0016020', 'GO:0031090', 'GO:0110165'}"
GO:0097208,"{'GO:0099503', 'GO:0097708', 'GO:0043226', 'GO:0030141', 'GO:0043227', 'GO:0005575', 'GO:0031410', 'GO:0042599', 'GO:0031982', 'GO:0110165'}"
GO:0000421,"{'GO:0098588', 'GO:0005575', 'GO:0016020', 'GO:0031090', 'GO:0110165', 'GO:0005774'}"
GO:0032419,"{'GO:0019898', 'GO:0110165', 'GO:0031312', 'GO:0005575', 'GO:0000306'}"
GO:0031902,"{'GO:0098588', 'GO:0005575', 'GO:0016020', 'GO:0031090', 'GO:0110165', 'GO:0010008'}"
GO:0033162,"{'GO:0012506', 'GO:0005575', 'GO:0031090', 'GO:0098588', 'GO:0016020', 'GO:0090741', 'GO:0110165', 'GO:0030659'}"
GO:0034045,"{'GO:0016020', 'GO:0005575', 'GO:0110165'}"
GO:0000775,"{'GO:0005575', 'GO:0098687', 'GO:0110165'}"
GO:0000159,"{'GO:0008287', 'GO:0140535', 'GO:0005575', 'GO:1902494', 'GO:1903293', 'GO:0032991'}"
GO:0031225,"{'GO:0031224', 'GO:0005575', 'GO:0110165'}"
GO:0000228,"{'GO:0043232', 'GO:0043226', 'GO:0043229', 'GO:0005575', 'GO:0005622', 'GO:0005694', 'GO:0110165', 'GO:0043228'}"
GO:0000788,"{'GO:0032993', 'GO:0044815', 'GO:0005575', 'GO:0032991'}"
GO:0044316,"{'GO:0098793', 'GO:0005575', 'GO:0044306', 'GO:0043679', 'GO:0110165'}"
GO:0048788,"{'GO:0043232', 'GO:0043226', 'GO:0099569', 'GO:0043229', 'GO:0005575', 'GO:0005622', 'GO:0005856', 'GO:0030863', 'GO:0110165', 'GO:0043228'}"
GO:0060077,"{'GO:0045202', 'GO:0110165', 'GO:0005575', 'GO:0030054'}"
GO:0044317,"{'GO:0043005', 'GO:0110165', 'GO:0042995', 'GO:0120025', 'GO:0005575'}"
GO:0030133,"{'GO:0097708', 'GO:0043226', 'GO:0110165', 'GO:0031982', 'GO:0043227', 'GO:0005575', 'GO:0031410'}"
GO:0010369,"{'GO:0043232', 'GO:0043226', 'GO:0110165', 'GO:0043229', 'GO:0005575', 'GO:0043228', 'GO:0005622'}"
GO:0000118,"{'GO:0005575', 'GO:0140513', 'GO:0032991', 'GO:1902494'}"
GO:0035097,"{'GO:0140513', 'GO:1990234', 'GO:0034708', 'GO:0005575', 'GO:0032991', 'GO:1902494'}"
GO:0000784,"{'GO:0005575', 'GO:0098687', 'GO:0110165'}"
GO:0005721,"{'GO:0000785', 'GO:0005575', 'GO:0110165', 'GO:0000792'}"
GO:0090734,"{'GO:0005575', 'GO:0110165'}"
GO:0016507,"{'GO:0098798', 'GO:0036125', 'GO:0005575', 'GO:0032991'}"
GO:0000235,"{'GO:0005881', 'GO:0005874', 'GO:0099512', 'GO:0099513', 'GO:0099080', 'GO:0005575', 'GO:0005876', 'GO:0099081', 'GO:0110165'}"
GO:0005952,"{'GO:0005575', 'GO:0032991', 'GO:0140535'}"
GO:0097546,"{'GO:0005575', 'GO:0110165'}"
GO:0032580,"{'GO:0098588', 'GO:0005575', 'GO:0000139', 'GO:0016020', 'GO:0031090', 'GO:0110165'}"
GO:0030140,"{'GO:0030133', 'GO:0097708', 'GO:0043226', 'GO:0043227', 'GO:0005575', 'GO:0030136', 'GO:0031410', 'GO:0031982', 'GO:0005798', 'GO:0110165', 'GO:0030135'}"
GO:0017177,"{'GO:0005575', 'GO:0140534', 'GO:0032991'}"
GO:0005719,"{'GO:0000785', 'GO:0005575', 'GO:0110165'}"
GO:0032592,"{'GO:0098573', 'GO:0031300', 'GO:0031224', 'GO:0005575', 'GO:0016021', 'GO:0110165', 'GO:0031301'}"
GO:0071817,"{'GO:0005575', 'GO:0032991'}"
GO:0002169,"{'GO:0005575', 'GO:0098798', 'GO:1905202', 'GO:0032991', 'GO:1902494'}"
GO:1905202,"{'GO:0005575', 'GO:0032991', 'GO:1902494'}"
GO:0031467,"{'GO:0000151', 'GO:0031461', 'GO:1990234', 'GO:0005575', 'GO:0140535', 'GO:0032991', 'GO:1902494'}"
GO:0031519,"{'GO:0005575', 'GO:0140513', 'GO:0032991'}"
GO:0019005,"{'GO:0000151', 'GO:0031461', 'GO:1990234', 'GO:0005575', 'GO:0140535', 'GO:0032991', 'GO:1902494'}"
GO:0031616,"{'GO:0005813', 'GO:0005815', 'GO:0005575', 'GO:0110165'}"
GO:0071159,"{'GO:0005575', 'GO:0140513', 'GO:0032991'}"
GO:0042584,"{'GO:0012506', 'GO:0005575', 'GO:0098588', 'GO:0030667', 'GO:0016020', 'GO:0031090', 'GO:0110165', 'GO:0030659'}"
GO:0140268,"{'GO:0110165', 'GO:0005575', 'GO:0044232'}"
GO:0016282,"{'GO:1990904', 'GO:0005575', 'GO:0070993', 'GO:0032991'}"
GO:0033290,"{'GO:1990904', 'GO:0005575', 'GO:0070993', 'GO:0032991'}"
GO:0005852,"{'GO:0005575', 'GO:0032991'}"
GO:0032588,"{'GO:0098588', 'GO:0005575', 'GO:0000139', 'GO:0016020', 'GO:0031090', 'GO:0110165'}"
GO:0000795,"{'GO:0005575', 'GO:0110165', 'GO:0099086'}"
GO:0030137,"{'GO:0097708', 'GO:0043226', 'GO:0043227', 'GO:0005575', 'GO:0031410', 'GO:0031982', 'GO:0005798', 'GO:0110165', 'GO:0030135'}"
GO:0044393,"{'GO:0005575', 'GO:0120025', 'GO:0110165', 'GO:0042995'}"
GO:0030125,"{'GO:0030117', 'GO:0005575', 'GO:0098796', 'GO:0030118', 'GO:0030120', 'GO:0032991'}"
GO:0097038,"{'GO:0005575', 'GO:0110165'}"
GO:0019898,"{'GO:0005575', 'GO:0110165'}"
GO:0099699,"{'GO:0005887', 'GO:0031224', 'GO:0099240', 'GO:0005575', 'GO:0031226', 'GO:0016021', 'GO:0110165'}"
GO:0042405,"{'GO:0005575', 'GO:0016234', 'GO:0110165', 'GO:0005622'}"
GO:0031371,"{'GO:1990234', 'GO:0005575', 'GO:0140535', 'GO:0032991', 'GO:1902494'}"
GO:0008287,"{'GO:1903293', 'GO:0005575', 'GO:0032991', 'GO:1902494'}"
GO:0035868,"{'GO:0098796', 'GO:0098797', 'GO:0005575', 'GO:0032991'}"
GO:0000793,"{'GO:0043232', 'GO:0043226', 'GO:0043229', 'GO:0005575', 'GO:0005622', 'GO:0005694', 'GO:0110165', 'GO:0043228'}"
GO:0098998,"{'GO:0005575', 'GO:0098999', 'GO:0031313', 'GO:0031312', 'GO:0110165', 'GO:0019898'}"
GO:0098837,"{'GO:0097708', 'GO:0043226', 'GO:0043227', 'GO:0005575', 'GO:0005768', 'GO:0031410', 'GO:0031982', 'GO:0098845', 'GO:0110165', 'GO:0055037'}"
GO:0000839,"{'GO:0000153', 'GO:0000151', 'GO:1990234', 'GO:0000835', 'GO:0000836', 'GO:0140535', 'GO:0005575', 'GO:1902494', 'GO:0098796', 'GO:0032991', 'GO:0140534'}"
GO:0035098,"{'GO:1990234', 'GO:0034708', 'GO:0005575', 'GO:1902494', 'GO:0035097', 'GO:0031519', 'GO:0140513', 'GO:0032991'}"
GO:0016581,"{'GO:1904949', 'GO:0140513', 'GO:0005667', 'GO:0017053', 'GO:0005575', 'GO:1902494', 'GO:0000118', 'GO:0032991', 'GO:0070603', 'GO:0090545'}"
GO:0005657,"{'GO:0005575', 'GO:0110165'}"
GO:0090571,"{'GO:0005667', 'GO:0017053', 'GO:0005575', 'GO:0140513', 'GO:0032991'}"
GO:0016580,"{'GO:0070822', 'GO:0005575', 'GO:0000118', 'GO:0140513', 'GO:0032991', 'GO:1902494'}"
GO:0005667,"{'GO:0005575', 'GO:0032991'}"
GO:0030478,"{'GO:0005575', 'GO:0110165'}"
GO:0030687,"{'GO:0005575', 'GO:1990904', 'GO:0030684', 'GO:0032991'}"
GO:0098559,"{'GO:0098562', 'GO:0110165', 'GO:0098552', 'GO:0010009', 'GO:0005575'}"
GO:0032009,"{'GO:0045335', 'GO:0097708', 'GO:0043226', 'GO:0030139', 'GO:0043227', 'GO:0005575', 'GO:0031410', 'GO:0031982', 'GO:0110165'}"
GO:0098842,"{'GO:0097708', 'GO:0043226', 'GO:0043227', 'GO:0005575', 'GO:0005768', 'GO:0031410', 'GO:0005769', 'GO:0031982', 'GO:0098845', 'GO:0110165'}"
GO:0034364,"{'GO:0005575', 'GO:1990777', 'GO:0032991', 'GO:0032994', 'GO:0034358'}"
GO:1990257,"{'GO:0097708', 'GO:0043226', 'GO:0110165', 'GO:0031982', 'GO:0043227', 'GO:0005575', 'GO:0031410'}"
GO:0030906,"{'GO:0098796', 'GO:0005575', 'GO:0032991'}"
GO:0070971,"{'GO:0005575', 'GO:0110165'}"
GO:0000407,"{'GO:0005575', 'GO:0110165'}"
GO:0031011,"{'GO:1904949', 'GO:0005575', 'GO:1902494', 'GO:0033202', 'GO:0097346', 'GO:0140513', 'GO:0070603', 'GO:0032991'}"
GO:0071339,"{'GO:1990234', 'GO:0034708', 'GO:0005575', 'GO:1902494', 'GO:0044665', 'GO:0035097', 'GO:0140513', 'GO:0032991'}"
GO:0097255,"{'GO:0005575', 'GO:0032991'}"
GO:0000812,"{'GO:1904949', 'GO:0005575', 'GO:1902494', 'GO:0000118', 'GO:0097346', 'GO:0140513', 'GO:0070603', 'GO:0032991'}"
GO:0008250,"{'GO:0098796', 'GO:1990234', 'GO:0005575', 'GO:0140534', 'GO:0032991', 'GO:1902494'}"
GO:0000932,"{'GO:0043232', 'GO:0043226', 'GO:0035770', 'GO:0099080', 'GO:0043229', 'GO:0005575', 'GO:0005622', 'GO:0110165', 'GO:0036464', 'GO:0043228'}"
GO:0031588,"{'GO:0140535', 'GO:1990234', 'GO:0005575', 'GO:1902494', 'GO:0061695', 'GO:1902911', 'GO:0032991'}"
GO:0001401,"{'GO:0098796', 'GO:0098798', 'GO:0098799', 'GO:0005575', 'GO:0032991'}"
GO:0098562,"{'GO:0110165', 'GO:0005575', 'GO:0098552'}"
GO:0031312,"{'GO:0005575', 'GO:0110165', 'GO:0019898'}"
GO:1990425,"{'GO:0034704', 'GO:0034703', 'GO:1902495', 'GO:0005575', 'GO:0005891', 'GO:0034702', 'GO:0098796', 'GO:0098797', 'GO:1990351', 'GO:0032991', 'GO:0140534'}"
GO:0005697,"{'GO:1990904', 'GO:0005575', 'GO:0140513', 'GO:0032991'}"
GO:0097443,"{'GO:0097708', 'GO:0043226', 'GO:0043227', 'GO:0005575', 'GO:0005768', 'GO:0031410', 'GO:0031982', 'GO:0110165'}"
GO:0042175,"{'GO:0016020', 'GO:0005575', 'GO:0110165'}"
GO:0008328,"{'GO:0098802', 'GO:1902495', 'GO:0098878', 'GO:0005575', 'GO:0098796', 'GO:0098797', 'GO:0043235', 'GO:1990351', 'GO:0034702', 'GO:0032991'}"
GO:0099544,"{'GO:0110165', 'GO:0005575', 'GO:0005576'}"
GO:0070852,"{'GO:0043005', 'GO:0110165', 'GO:0042995', 'GO:0120025', 'GO:0005575'}"
GO:0042719,"{'GO:1990351', 'GO:0098798', 'GO:0005575', 'GO:0032991'}"
GO:0032584,"{'GO:0005575', 'GO:0110165'}"
GO:0071556,"{'GO:0030176', 'GO:0031227', 'GO:0031300', 'GO:0031224', 'GO:0005575', 'GO:0016021', 'GO:0110165', 'GO:0031301'}"
GO:0044233,"{'GO:0110165', 'GO:0005575', 'GO:0044232'}"
GO:0030532,"{'GO:0140513', 'GO:1990904', 'GO:0005575', 'GO:0120114', 'GO:0032991'}"
GO:0071006,"{'GO:0071012', 'GO:0005681', 'GO:0005575', 'GO:1902494', 'GO:1990904', 'GO:0005684', 'GO:0140513', 'GO:0032991'}"
GO:0002116,"{'GO:0005575', 'GO:0043235', 'GO:0032991'}"
GO:0002189,"{'GO:0061695', 'GO:1990234', 'GO:0005575', 'GO:0032991', 'GO:1902494'}"
GO:0034657,"{'GO:0005575', 'GO:0032991', 'GO:0140535'}"
GO:0005683,"{'GO:1990904', 'GO:0005575', 'GO:0030532', 'GO:0140513', 'GO:0120114', 'GO:0032991'}"
GO:0031673,"{'GO:0005575', 'GO:0110165'}"
GO:0060053,"{'GO:0043232', 'GO:0043226', 'GO:0043229', 'GO:0005575', 'GO:0005622', 'GO:0005856', 'GO:0045111', 'GO:0110165', 'GO:0043228'}"
GO:0042627,"{'GO:0005575', 'GO:1990777', 'GO:0032991', 'GO:0032994', 'GO:0034358'}"
GO:0034365,"{'GO:0034364', 'GO:1990777', 'GO:0032994', 'GO:0005575', 'GO:0032991', 'GO:0034358'}"
GO:0034363,"{'GO:1990777', 'GO:0034385', 'GO:0032994', 'GO:0005575', 'GO:0032991', 'GO:0034358'}"
GO:0034362,"{'GO:0005575', 'GO:1990777', 'GO:0032991', 'GO:0032994', 'GO:0034358'}"
GO:0034366,"{'GO:0034364', 'GO:1990777', 'GO:0032994', 'GO:0005575', 'GO:0032991', 'GO:0034358'}"
GO:0034361,"{'GO:1990777', 'GO:0034385', 'GO:0032994', 'GO:0005575', 'GO:0032991', 'GO:0034358'}"
GO:0060987,"{'GO:0032991', 'GO:0005575', 'GO:0032994'}"
GO:0005953,"{'GO:1990234', 'GO:0005575', 'GO:0140535', 'GO:0032991', 'GO:1902494'}"
GO:0005965,"{'GO:1902494', 'GO:0005575', 'GO:0032991', 'GO:1990234'}"
GO:0034693,"{'GO:0140513', 'GO:1990904', 'GO:0120114', 'GO:0030532', 'GO:0005575', 'GO:0097525', 'GO:0032991'}"
GO:0032127,"{'GO:0012506', 'GO:0005575', 'GO:0098588', 'GO:0030667', 'GO:0016020', 'GO:0031090', 'GO:0110165', 'GO:0030659'}"
GO:0030017,"{'GO:0005575', 'GO:0110165'}"
GO:0030126,"{'GO:0098796', 'GO:0005575', 'GO:0030117', 'GO:0030120', 'GO:0032991'}"
GO:0016342,"{'GO:0098796', 'GO:0098797', 'GO:0005575', 'GO:0032991'}"
GO:0099060,"{'GO:0099699', 'GO:0098936', 'GO:0031224', 'GO:0099055', 'GO:0016021', 'GO:0110165', 'GO:0005887', 'GO:0099240', 'GO:0005575', 'GO:0031226', 'GO:0098948'}"
GO:0044530,"{'GO:0140513', 'GO:1990904', 'GO:0005681', 'GO:0005575', 'GO:0032991'}"
GO:0051233,"{'GO:0005575', 'GO:0110165'}"
GO:0017146,"{'GO:0098797', 'GO:0043235', 'GO:0008328', 'GO:0034703', 'GO:1902495', 'GO:0098802', 'GO:0098878', 'GO:0005575', 'GO:1990351', 'GO:0098796', 'GO:0034702', 'GO:0032991'}"
GO:0071541,"{'GO:0005852', 'GO:0005575', 'GO:0032991'}"
GO:0005915,"{'GO:0030054', 'GO:0005911', 'GO:0070161', 'GO:0110165', 'GO:0005575', 'GO:0005912'}"
GO:0031232,"{'GO:0005575', 'GO:0019897', 'GO:0110165', 'GO:0019898'}"
GO:1990777,"{'GO:0032991', 'GO:0005575', 'GO:0032994'}"
GO:0150051,"{'GO:0005794', 'GO:0043226', 'GO:0043227', 'GO:0005575', 'GO:0043229', 'GO:0005622', 'GO:0043231', 'GO:0110165'}"
GO:0099144,"{'GO:0046658', 'GO:0031224', 'GO:0099240', 'GO:0005575', 'GO:0031226', 'GO:0031225', 'GO:0110165'}"
GO:0099572,"{'GO:0043226', 'GO:0005575', 'GO:0110165'}"
GO:0099091,"{'GO:0043226', 'GO:0005575', 'GO:0043228', 'GO:0110165'}"
GO:0001740,"{'GO:0000803', 'GO:0043232', 'GO:0043226', 'GO:0000228', 'GO:0043229', 'GO:0005575', 'GO:0005622', 'GO:0000805', 'GO:0005694', 'GO:0110165', 'GO:0043228'}"
GO:0042585,"{'GO:0043226', 'GO:0001674', 'GO:0043227', 'GO:0005575', 'GO:0043229', 'GO:0005622', 'GO:0043073', 'GO:0043231', 'GO:0005634', 'GO:0110165'}"
GO:0061574,"{'GO:0005575', 'GO:0032991'}"
GO:0015030,"{'GO:0016604', 'GO:0005575', 'GO:0110165'}"
GO:0071001,"{'GO:0140513', 'GO:1990904', 'GO:0120114', 'GO:0030532', 'GO:0005575', 'GO:0097525', 'GO:0032991'}"
GO:0005691,"{'GO:0140513', 'GO:1990904', 'GO:0120114', 'GO:0030532', 'GO:0005575', 'GO:0097525', 'GO:0032991'}"
GO:0005779,"{'GO:0031300', 'GO:0031224', 'GO:0005575', 'GO:0031231', 'GO:0016021', 'GO:0110165', 'GO:0031301'}"
GO:0016281,"{'GO:0005575', 'GO:0032991'}"
GO:0044232,"{'GO:0005575', 'GO:0110165'}"
GO:0005639,"{'GO:0031229', 'GO:0031300', 'GO:0031224', 'GO:0005575', 'GO:0016021', 'GO:0110165', 'GO:0031301'}"
GO:0043186,"{'GO:0043232', 'GO:0043226', 'GO:0035770', 'GO:0099080', 'GO:0043229', 'GO:0005575', 'GO:0005622', 'GO:0110165', 'GO:0036464', 'GO:0043228'}"
GO:0035866,"{'GO:0098796', 'GO:0098797', 'GO:0005575', 'GO:0032991'}"
GO:0034704,"{'GO:0034702', 'GO:1990351', 'GO:0098796', 'GO:0034703', 'GO:1902495', 'GO:0005575', 'GO:0032991'}"
GO:0005763,"{'GO:0000314', 'GO:0015935', 'GO:0098798', 'GO:0005575', 'GO:1990904', 'GO:0044391', 'GO:0032991'}"
GO:0035253,"{'GO:0005575', 'GO:0110165'}"
GO:0150034,"{'GO:0005575', 'GO:0110165'}"
GO:0030427,"{'GO:0005575', 'GO:0110165'}"
GO:0071986,"{'GO:0098796', 'GO:0005575', 'GO:0032991'}"
GO:0031510,"{'GO:0005575', 'GO:0140513', 'GO:0032991', 'GO:1902494'}"
GO:0000346,"{'GO:0005575', 'GO:0140513', 'GO:0032991'}"
GO:0098981,"{'GO:0045202', 'GO:0110165', 'GO:0005575', 'GO:0030054'}"
GO:1990452,"{'GO:0000151', 'GO:1990234', 'GO:0005575', 'GO:0140535', 'GO:0032991', 'GO:1902494'}"
GO:0043227,"{'GO:0043226', 'GO:0005575', 'GO:0110165'}"
GO:0032059,"{'GO:0005575', 'GO:0120025', 'GO:0110165', 'GO:0042995'}"
GO:0090443,"{'GO:0005575', 'GO:0032991'}"
GO:0097145,"{'GO:0097136', 'GO:0005575', 'GO:0032991'}"
GO:0097144,"{'GO:0097136', 'GO:0005575', 'GO:0032991'}"
GO:0097136,"{'GO:0005575', 'GO:0032991'}"
GO:0032993,"{'GO:0005575', 'GO:0032991'}"
GO:0034705,"{'GO:0034702', 'GO:1990351', 'GO:0098796', 'GO:0034703', 'GO:1902495', 'GO:0005575', 'GO:0032991'}"
GO:1990023,"{'GO:0051233', 'GO:0005575', 'GO:0110165'}"
GO:0031314,"{'GO:0005575', 'GO:0031312', 'GO:0110165', 'GO:0019898'}"
GO:0016471,"{'GO:0098796', 'GO:0033176', 'GO:0005575', 'GO:0032991', 'GO:0016469'}"
GO:0017133,"{'GO:0098798', 'GO:0005575', 'GO:1902494', 'GO:1990204', 'GO:0032991', 'GO:0045251'}"
GO:0061202,"{'GO:0012506', 'GO:0005575', 'GO:0030662', 'GO:0030665', 'GO:0098588', 'GO:0016020', 'GO:0031090', 'GO:0110165', 'GO:0030659'}"
GO:0098683,"{'GO:0045202', 'GO:0005575', 'GO:0097470', 'GO:0030054', 'GO:0110165'}"
GO:0016591,"{'GO:0140535', 'GO:0000428', 'GO:1990234', 'GO:0005575', 'GO:0030880', 'GO:0055029', 'GO:1902494', 'GO:0061695', 'GO:0140513', 'GO:0032991'}"
GO:0071920,"{'GO:0016604', 'GO:0005575', 'GO:0110165'}"
GO:0072669,"{'GO:0005575', 'GO:0032991', 'GO:0140535'}"
GO:1990454,"{'GO:0034704', 'GO:0034703', 'GO:1902495', 'GO:0005891', 'GO:0005575', 'GO:0098796', 'GO:0098797', 'GO:1990351', 'GO:0034702', 'GO:0032991'}"
GO:0005891,"{'GO:0034704', 'GO:0034703', 'GO:1902495', 'GO:0005575', 'GO:0034702', 'GO:0098796', 'GO:0098797', 'GO:1990351', 'GO:0032991'}"
GO:0005784,"{'GO:0098796', 'GO:0005575', 'GO:0140534', 'GO:0032991', 'GO:0071256'}"
GO:0035327,"{'GO:0000785', 'GO:0005575', 'GO:0110165'}"
GO:0098999,"{'GO:0031313', 'GO:0110165', 'GO:0031312', 'GO:0005575', 'GO:0019898'}"
GO:0030905,"{'GO:0098796', 'GO:0005575', 'GO:0032991'}"
GO:0005762,"{'GO:0098798', 'GO:0005575', 'GO:1990904', 'GO:0044391', 'GO:0015934', 'GO:0032991', 'GO:0000315'}"
GO:0032797,"{'GO:0005575', 'GO:0120114', 'GO:0032991'}"
GO:0090637,"{'GO:0005575', 'GO:0110165'}"
GO:0090636,"{'GO:0005575', 'GO:0110165'}"
GO:1990357,"{'GO:0043232', 'GO:0043226', 'GO:0043229', 'GO:0005575', 'GO:0005622', 'GO:0030864', 'GO:0005856', 'GO:0030863', 'GO:0110165', 'GO:0043228'}"
GO:0032421,"{'GO:0005575', 'GO:0098862', 'GO:0110165'}"
GO:0032426,"{'GO:0005575', 'GO:0110165'}"
GO:0000137,"{'GO:0031984', 'GO:0031985', 'GO:0110165', 'GO:0098791', 'GO:0005575'}"
GO:0070937,"{'GO:0005575', 'GO:0032991'}"
GO:0071204,"{'GO:1990904', 'GO:0005575', 'GO:0140513', 'GO:0032991'}"
GO:0005854,"{'GO:0005575', 'GO:0032991'}"
GO:0070436,"{'GO:0098796', 'GO:0098797', 'GO:0005575', 'GO:0032991'}"
GO:0099617,"{'GO:0005575', 'GO:0110165', 'GO:0098576', 'GO:0098552'}"
GO:0030660,"{'GO:0098588', 'GO:0110165', 'GO:0016020', 'GO:0031090', 'GO:0005575'}"
GO:0080008,"{'GO:0000151', 'GO:0031461', 'GO:1990234', 'GO:0005575', 'GO:0140535', 'GO:0032991', 'GO:1902494'}"
GO:0031464,"{'GO:0000151', 'GO:0080008', 'GO:0031461', 'GO:1990234', 'GO:0140535', 'GO:0005575', 'GO:1902494', 'GO:0032991'}"
GO:0031465,"{'GO:0000151', 'GO:0080008', 'GO:0031461', 'GO:1990234', 'GO:0140535', 'GO:0005575', 'GO:1902494', 'GO:0032991'}"
GO:0097427,"{'GO:0005575', 'GO:0110165'}"
GO:0036195,"{'GO:0031253', 'GO:0098590', 'GO:0110165', 'GO:0016020', 'GO:0005575'}"
GO:0099073,"{'GO:0097708', 'GO:0043226', 'GO:0110165', 'GO:0031982', 'GO:0043227', 'GO:0005575', 'GO:0031410'}"
GO:0020018,"{'GO:0060170', 'GO:0005575', 'GO:0098588', 'GO:0031253', 'GO:0098590', 'GO:0016020', 'GO:0031090', 'GO:0110165'}"
GO:0031095,"{'GO:0098588', 'GO:0110165', 'GO:0016020', 'GO:0031090', 'GO:0005575'}"
GO:0030877,"{'GO:0005575', 'GO:0032991'}"
GO:1990907,"{'GO:0140513', 'GO:0005667', 'GO:0090575', 'GO:0005575', 'GO:0032991'}"
GO:0070369,"{'GO:0005667', 'GO:0071664', 'GO:0090575', 'GO:0005575', 'GO:1990907', 'GO:0140513', 'GO:0032991'}"
GO:0031528,"{'GO:0031253', 'GO:0098590', 'GO:0110165', 'GO:0016020', 'GO:0005575'}"
GO:0034750,"{'GO:0005575', 'GO:0032991'}"
GO:1990909,"{'GO:0005575', 'GO:0032991'}"
GO:0005746,"{'GO:0070469', 'GO:0005575', 'GO:0110165'}"
GO:0097454,"{'GO:0098858', 'GO:0042995', 'GO:0005902', 'GO:0120025', 'GO:0005575', 'GO:0097386', 'GO:0110165'}"
GO:0005918,"{'GO:0030054', 'GO:0005911', 'GO:0070161', 'GO:0110165', 'GO:0070160', 'GO:0005575'}"
GO:1902494,"{'GO:0005575', 'GO:0032991'}"
GO:0005922,"{'GO:0098796', 'GO:0098797', 'GO:0005575', 'GO:0032991'}"
GO:0000815,"{'GO:0098796', 'GO:0005575', 'GO:0036452', 'GO:0032991'}"
GO:1902710,"{'GO:0005575', 'GO:0043235', 'GO:0032991'}"
GO:1902711,"{'GO:0005575', 'GO:1902710', 'GO:0043235', 'GO:0032991'}"
GO:0001405,"{'GO:0098796', 'GO:0098800', 'GO:0098798', 'GO:0005575', 'GO:0032991'}"
GO:0005744,"{'GO:0098796', 'GO:0098800', 'GO:0098798', 'GO:0005575', 'GO:0032991'}"
GO:0048269,"{'GO:1990234', 'GO:0005575', 'GO:0140535', 'GO:0032991', 'GO:1902494'}"
GO:0120115,"{'GO:0005575', 'GO:0120114', 'GO:0032991'}"
GO:0005688,"{'GO:0140513', 'GO:1990904', 'GO:0120114', 'GO:0030532', 'GO:0005575', 'GO:0097525', 'GO:0032991'}"
GO:0030134,"{'GO:0097708', 'GO:0043226', 'GO:0043227', 'GO:0005575', 'GO:0031410', 'GO:0031982', 'GO:0110165', 'GO:0030135'}"
GO:0031315,"{'GO:0005575', 'GO:0031312', 'GO:0110165', 'GO:0019898'}"
GO:0032994,"{'GO:0005575', 'GO:0032991'}"
GO:0090543,"{'GO:0005575', 'GO:0110165'}"
GO:0017119,"{'GO:0005575', 'GO:0032991', 'GO:0099023'}"
GO:0070449,"{'GO:0140513', 'GO:0005575', 'GO:0008023', 'GO:0032991'}"
GO:0030891,"{'GO:0000153', 'GO:0000151', 'GO:1990234', 'GO:0005575', 'GO:0140535', 'GO:0032991', 'GO:1902494'}"
GO:0031680,"{'GO:0005575', 'GO:0032991'}"
GO:1990630,"{'GO:0005575', 'GO:0032991'}"
GO:0001891,"{'GO:0005575', 'GO:0110165'}"
GO:0045095,"{'GO:0099081', 'GO:0005575', 'GO:0099513', 'GO:0110165', 'GO:0099512', 'GO:0099080', 'GO:0005882'}"
GO:0005847,"{'GO:0140513', 'GO:0005575', 'GO:0005849', 'GO:0032991'}"
GO:1990726,"{'GO:0005575', 'GO:0120114', 'GO:0032991'}"
GO:0035145,"{'GO:0005575', 'GO:0140513', 'GO:0032991'}"
GO:0044754,"{'GO:0043226', 'GO:0005776', 'GO:0043227', 'GO:0005575', 'GO:0043229', 'GO:0005764', 'GO:0005622', 'GO:0005767', 'GO:0000323', 'GO:0043231', 'GO:0110165', 'GO:0005773'}"
GO:0000164,"{'GO:0008287', 'GO:1903293', 'GO:0005575', 'GO:0032991', 'GO:1902494'}"
GO:0072357,"{'GO:0008287', 'GO:1903293', 'GO:0005575', 'GO:0032991', 'GO:1902494'}"
GO:0022626,"{'GO:0043232', 'GO:0043226', 'GO:0005840', 'GO:0043229', 'GO:0005575', 'GO:0005622', 'GO:0110165', 'GO:0043228'}"
GO:0032040,"{'GO:0005575', 'GO:1990904', 'GO:0030684', 'GO:0032991'}"
GO:0005732,"{'GO:1990904', 'GO:0005575', 'GO:0032991'}"
GO:0035061,"{'GO:0016604', 'GO:0005575', 'GO:0110165'}"
GO:0097165,"{'GO:0043232', 'GO:0043226', 'GO:0035770', 'GO:0099080', 'GO:0043229', 'GO:0005575', 'GO:0005622', 'GO:0110165', 'GO:0043228'}"
GO:0001741,"{'GO:0000803', 'GO:0043232', 'GO:0043226', 'GO:0043229', 'GO:0005575', 'GO:0005622', 'GO:0005694', 'GO:0110165', 'GO:0043228'}"
GO:0005672,"{'GO:0140513', 'GO:0005667', 'GO:0090575', 'GO:0005575', 'GO:0032991'}"
GO:0031372,"{'GO:0031371', 'GO:0005575', 'GO:0140535', 'GO:0032991', 'GO:1990234', 'GO:1902494'}"
GO:0035370,"{'GO:0031371', 'GO:0005575', 'GO:0140535', 'GO:0032991', 'GO:1990234', 'GO:1902494'}"
GO:0005671,"{'GO:0031248', 'GO:0140535', 'GO:1990234', 'GO:0005575', 'GO:1902562', 'GO:0000123', 'GO:1902493', 'GO:1902494', 'GO:0140513', 'GO:0032991'}"
GO:0000123,"{'GO:0031248', 'GO:0140535', 'GO:1990234', 'GO:0005575', 'GO:1902493', 'GO:1902494', 'GO:0140513', 'GO:0032991'}"
GO:0044666,"{'GO:0005575', 'GO:0035097', 'GO:1990234', 'GO:0034708', 'GO:0140513', 'GO:0032991', 'GO:1902494'}"
GO:0048188,"{'GO:0005575', 'GO:0035097', 'GO:1990234', 'GO:0034708', 'GO:0140513', 'GO:0032991', 'GO:1902494'}"
GO:0033391,"{'GO:0043232', 'GO:0043226', 'GO:0035770', 'GO:0099080', 'GO:0043229', 'GO:0005575', 'GO:0005622', 'GO:0110165', 'GO:0036464', 'GO:0043228'}"
GO:0005845,"{'GO:0005575', 'GO:0034518', 'GO:0140535', 'GO:0032991'}"
GO:1990031,"{'GO:0005575', 'GO:0110165'}"
GO:1905721,"{'GO:0005575', 'GO:1990752', 'GO:0110165'}"
GO:0005662,"{'GO:0005575', 'GO:0140513', 'GO:0032991'}"
GO:0012507,"{'GO:0012506', 'GO:0005575', 'GO:0030662', 'GO:0098588', 'GO:0030658', 'GO:0016020', 'GO:0031090', 'GO:0110165', 'GO:0030659'}"
GO:0099629,"{'GO:0043226', 'GO:0099572', 'GO:0005575', 'GO:0110165'}"
GO:0005862,"{'GO:0005575', 'GO:0032991'}"
GO:0097708,"{'GO:0043226', 'GO:0110165', 'GO:0031982', 'GO:0043227', 'GO:0005575'}"
GO:0033179,"{'GO:0098796', 'GO:0005575', 'GO:0032991', 'GO:0033177'}"
GO:1990184,"{'GO:0098796', 'GO:0098797', 'GO:0005575', 'GO:0032991'}"
GO:0044225,"{'GO:0005575', 'GO:0110165', 'GO:0060187'}"
GO:0106003,"{'GO:0005575', 'GO:0032991'}"
GO:0070381,"{'GO:0030133', 'GO:0097708', 'GO:0043226', 'GO:0099503', 'GO:0070382', 'GO:0043227', 'GO:0005575', 'GO:0031410', 'GO:0031982', 'GO:0110165'}"
GO:1990812,"{'GO:0043005', 'GO:0030175', 'GO:0098858', 'GO:0042995', 'GO:0120025', 'GO:0005575', 'GO:0110165'}"
GO:1990761,"{'GO:0043005', 'GO:0030027', 'GO:0042995', 'GO:0120025', 'GO:0005575', 'GO:0110165'}"
GO:0044304,"{'GO:0005575', 'GO:0110165'}"
GO:0097233,"{'GO:0012506', 'GO:0097232', 'GO:0005575', 'GO:0098588', 'GO:0030667', 'GO:0016020', 'GO:0031090', 'GO:0110165', 'GO:0030659'}"
GO:0097197,"{'GO:0005575', 'GO:0110165'}"
GO:0045178,"{'GO:0005575', 'GO:0110165'}"
GO:0008023,"{'GO:0005575', 'GO:0140513', 'GO:0032991'}"
GO:0042721,"{'GO:0098796', 'GO:0098800', 'GO:0098798', 'GO:0005575', 'GO:0032991'}"
GO:0097229,"{'GO:0005575', 'GO:0110165'}"
GO:0070695,"{'GO:0005575', 'GO:0032991'}"
GO:0030897,"{'GO:0098796', 'GO:0005575', 'GO:0032991', 'GO:0099023'}"
GO:0042629,"{'GO:0043226', 'GO:0043227', 'GO:0005575', 'GO:0005764', 'GO:0043229', 'GO:0000323', 'GO:0005622', 'GO:0043231', 'GO:0110165', 'GO:0005773'}"
GO:0032838,"{'GO:0005575', 'GO:0099568', 'GO:0110165', 'GO:0005737'}"
GO:0098753,"{'GO:0046658', 'GO:0031224', 'GO:0005575', 'GO:0031235', 'GO:0031226', 'GO:0031225', 'GO:0110165'}"
GO:1990665,"{'GO:0005575', 'GO:0032991'}"
GO:0044354,"{'GO:0097708', 'GO:0043226', 'GO:0043227', 'GO:0005575', 'GO:0005768', 'GO:0031410', 'GO:0044352', 'GO:0031982', 'GO:0110165'}"
GO:1990667,"{'GO:0005575', 'GO:0032991'}"
GO:0030121,"{'GO:0098796', 'GO:0030131', 'GO:0030119', 'GO:0005575', 'GO:0032991'}"
GO:0035060,"{'GO:1904949', 'GO:0140513', 'GO:0005575', 'GO:0070603', 'GO:0032991', 'GO:1902494'}"
GO:0071565,"{'GO:1904949', 'GO:0140513', 'GO:0005575', 'GO:0070603', 'GO:0032991', 'GO:1902494'}"
GO:0071564,"{'GO:1904949', 'GO:0140513', 'GO:0005575', 'GO:0070603', 'GO:0032991', 'GO:1902494'}"
GO:0016514,"{'GO:1904949', 'GO:0140513', 'GO:0005575', 'GO:0070603', 'GO:0032991', 'GO:1902494'}"
GO:0005879,"{'GO:0005881', 'GO:0005874', 'GO:0099512', 'GO:0099513', 'GO:0099080', 'GO:0005575', 'GO:0099081', 'GO:0110165'}"
GO:0061834,"{'GO:0005575', 'GO:0110165'}"
GO:0090725,"{'GO:0005575', 'GO:0110165'}"
GO:0061826,"{'GO:0005575', 'GO:0110165'}"
GO:0061835,"{'GO:0005575', 'GO:0110165'}"
GO:0043529,"{'GO:0005575', 'GO:0140534', 'GO:0032991'}"
GO:0032541,"{'GO:0031984', 'GO:0098827', 'GO:0071782', 'GO:0110165', 'GO:0005575'}"
GO:0000153,"{'GO:0000151', 'GO:1990234', 'GO:0005575', 'GO:0140535', 'GO:0032991', 'GO:1902494'}"
GO:0071818,"{'GO:0072379', 'GO:0005575', 'GO:0032991'}"
GO:0061846,"{'GO:0032839', 'GO:0110165', 'GO:0120111', 'GO:0099568', 'GO:0005575', 'GO:0032838', 'GO:0005737'}"
GO:0061845,"{'GO:0005575', 'GO:0110165'}"
GO:0033503,"{'GO:0000151', 'GO:0031371', 'GO:0140535', 'GO:1990234', 'GO:0005575', 'GO:1902494', 'GO:0032991'}"
GO:0030688,"{'GO:0005575', 'GO:1990904', 'GO:0030684', 'GO:0032991'}"
GO:0005581,"{'GO:0005575', 'GO:0032991'}"
GO:0005602,"{'GO:0005575', 'GO:0032991'}"
GO:0098592,"{'GO:0098562', 'GO:0110165', 'GO:0098552', 'GO:0009898', 'GO:0005575'}"
GO:0036449,"{'GO:0005575', 'GO:1990752', 'GO:0110165'}"
GO:0000940,"{'GO:0005575', 'GO:0032991'}"
GO:0000779,"{'GO:0000775', 'GO:0005575', 'GO:0098687', 'GO:0110165'}"
GO:0031618,"{'GO:0000785', 'GO:0005575', 'GO:0110165', 'GO:0000792'}"
GO:0035985,"{'GO:0000785', 'GO:0005575', 'GO:0110165', 'GO:0000792'}"
GO:0000308,"{'GO:1902554', 'GO:1990234', 'GO:0005575', 'GO:1902494', 'GO:0000307', 'GO:0061695', 'GO:1902911', 'GO:0032991'}"
GO:0031226,"{'GO:0031224', 'GO:0005575', 'GO:0110165'}"
GO:0042101,"{'GO:0098796', 'GO:0098797', 'GO:0043235', 'GO:0098802', 'GO:0005575', 'GO:0032991'}"
GO:0005680,"{'GO:0000151', 'GO:0031461', 'GO:1990234', 'GO:0140535', 'GO:0005575', 'GO:1902494', 'GO:0000152', 'GO:0140513', 'GO:0032991'}"
GO:0036020,"{'GO:0098852', 'GO:0005765', 'GO:0005575', 'GO:0005774', 'GO:0098588', 'GO:0016020', 'GO:0031090', 'GO:0110165', 'GO:0010008'}"
GO:0031592,"{'GO:0005575', 'GO:0110165'}"
GO:0030981,"{'GO:0043232', 'GO:0043226', 'GO:0043229', 'GO:0005575', 'GO:0005622', 'GO:0005856', 'GO:0030863', 'GO:0110165', 'GO:0043228'}"
GO:0005828,"{'GO:0005874', 'GO:0005876', 'GO:0099512', 'GO:0099513', 'GO:0099080', 'GO:0005575', 'GO:0099081', 'GO:0110165'}"
GO:0099631,"{'GO:0005938', 'GO:0005737', 'GO:0110165', 'GO:0099568', 'GO:0005575', 'GO:0099738'}"
GO:0009368,"{'GO:0005575', 'GO:0032991'}"
GO:0042583,"{'GO:0099503', 'GO:0097708', 'GO:0043226', 'GO:0030141', 'GO:0043227', 'GO:0005575', 'GO:0031410', 'GO:0031982', 'GO:0110165'}"
GO:0099020,"{'GO:0070013', 'GO:0005788', 'GO:0110165', 'GO:0031974', 'GO:0005575', 'GO:0043233'}"
GO:0000796,"{'GO:0005575', 'GO:0032991', 'GO:0044815'}"
GO:0000799,"{'GO:0005575', 'GO:0032991', 'GO:0044815'}"
GO:0005614,"{'GO:0062023', 'GO:0110165', 'GO:0005575', 'GO:0031012', 'GO:0030312'}"
GO:0097729,"{'GO:0043226', 'GO:0005575', 'GO:0042995', 'GO:0120025', 'GO:0110165', 'GO:0005929', 'GO:0031514'}"
GO:0120219,"{'GO:0005575', 'GO:0110165'}"
GO:0097512,"{'GO:0043232', 'GO:0043226', 'GO:0043292', 'GO:0099512', 'GO:0043229', 'GO:0005575', 'GO:0099080', 'GO:0005622', 'GO:0030016', 'GO:0099081', 'GO:0110165', 'GO:0043228'}"
GO:0005956,"{'GO:0005575', 'GO:0032991', 'GO:0140535'}"
GO:0098846,"{'GO:0005575', 'GO:0120025', 'GO:0110165', 'GO:0042995'}"
GO:0033165,"{'GO:0062023', 'GO:0110165', 'GO:0005575', 'GO:0031012', 'GO:0030312'}"
GO:0099065,"{'GO:0031300', 'GO:0031224', 'GO:0005575', 'GO:0098952', 'GO:0016021', 'GO:0110165', 'GO:0031301'}"
GO:0031463,"{'GO:0000151', 'GO:0031461', 'GO:1990234', 'GO:0005575', 'GO:0140535', 'GO:0032991', 'GO:1902494'}"
GO:0005827,"{'GO:0005874', 'GO:0005876', 'GO:0099512', 'GO:0099513', 'GO:0099080', 'GO:0005575', 'GO:0099081', 'GO:0110165'}"
GO:0070938,"{'GO:0005575', 'GO:0110165'}"
GO:0016011,"{'GO:0098796', 'GO:0098797', 'GO:0005575', 'GO:0032991'}"
GO:0016010,"{'GO:0005575', 'GO:0098796', 'GO:0098797', 'GO:0090665', 'GO:0032991'}"
GO:0001520,"{'GO:0099081', 'GO:0005575', 'GO:0099080', 'GO:0099512', 'GO:0099513', 'GO:0110165'}"
GO:0071008,"{'GO:0005681', 'GO:0005575', 'GO:1990904', 'GO:0071014', 'GO:0005684', 'GO:0140513', 'GO:0032991'}"
GO:0005726,"{'GO:0005575', 'GO:0110165'}"
GO:0070578,"{'GO:1902555', 'GO:0005575', 'GO:0032991', 'GO:1902494'}"
GO:0030055,"{'GO:0070161', 'GO:0110165', 'GO:0005575', 'GO:0030054'}"
GO:0034466,"{'GO:0060205', 'GO:0031983', 'GO:0110165', 'GO:0031974', 'GO:0005575', 'GO:0043233', 'GO:0034774'}"
GO:0034774,"{'GO:0005575', 'GO:0060205', 'GO:0031983', 'GO:0031974', 'GO:0110165', 'GO:0043233'}"
GO:0033185,"{'GO:0031501', 'GO:1990234', 'GO:0005575', 'GO:0140535', 'GO:0032991', 'GO:1902494'}"
GO:0036157,"{'GO:0005575', 'GO:0005875', 'GO:0030286', 'GO:0005858', 'GO:0032991', 'GO:1902494'}"
GO:0036156,"{'GO:0005575', 'GO:0005875', 'GO:0030286', 'GO:0005858', 'GO:0032991', 'GO:1902494'}"
GO:0071540,"{'GO:0005852', 'GO:0005575', 'GO:0032991'}"
GO:0043614,"{'GO:1990904', 'GO:0005575', 'GO:0032991'}"
GO:0033588,"{'GO:0005575', 'GO:0032991', 'GO:0140535'}"
GO:0072546,"{'GO:0098796', 'GO:0005575', 'GO:0140534', 'GO:0032991'}"
GO:0098554,"{'GO:0098562', 'GO:0005575', 'GO:0110165', 'GO:0098552'}"
GO:0098888,"{'GO:0099243', 'GO:0110165', 'GO:0005575', 'GO:0019897', 'GO:0019898'}"
GO:0071598,"{'GO:0043232', 'GO:0043226', 'GO:0035770', 'GO:0099080', 'GO:0043229', 'GO:0005575', 'GO:0005622', 'GO:0110165', 'GO:0036464', 'GO:0043228'}"
GO:0097444,"{'GO:0043226', 'GO:0043227', 'GO:0005575', 'GO:0110165'}"
GO:0019034,"{'GO:0018995', 'GO:0005575', 'GO:0110165', 'GO:0033646', 'GO:0033643', 'GO:0044094'}"
GO:0042406,"{'GO:0005575', 'GO:0031312', 'GO:0110165', 'GO:0019898'}"
GO:0090498,"{'GO:0005575', 'GO:0031312', 'GO:0110165', 'GO:0019898'}"
GO:0000923,"{'GO:0005815', 'GO:0005575', 'GO:0110165'}"
GO:0000930,"{'GO:0005575', 'GO:0032991'}"
GO:0008275,"{'GO:0032991', 'GO:0005575', 'GO:0000930'}"
GO:0005960,"{'GO:1990204', 'GO:0005575', 'GO:0032991', 'GO:1902494'}"
GO:0008074,"{'GO:0005575', 'GO:0032991'}"
GO:1902560,"{'GO:1990204', 'GO:0005575', 'GO:0032991', 'GO:1902494'}"
GO:0005796,"{'GO:0031974', 'GO:0005575', 'GO:0043233', 'GO:0070013', 'GO:0110165'}"
GO:0097413,"{'GO:0005575', 'GO:0016234', 'GO:0110165', 'GO:0005622'}"
GO:0031227,"{'GO:0031224', 'GO:0005575', 'GO:0031300', 'GO:0110165'}"
GO:0030142,"{'GO:0030133', 'GO:0097708', 'GO:0043226', 'GO:0030137', 'GO:0043227', 'GO:0005575', 'GO:0031410', 'GO:0031982', 'GO:0005798', 'GO:0110165', 'GO:0030135'}"
GO:0032983,"{'GO:0034705', 'GO:0098797', 'GO:0043235', 'GO:0008328', 'GO:0034703', 'GO:1902495', 'GO:0098802', 'GO:0098878', 'GO:0005575', 'GO:0034706', 'GO:1990351', 'GO:0098796', 'GO:0034702', 'GO:0032991'}"
GO:0017109,"{'GO:0005575', 'GO:0032991', 'GO:1902494'}"
GO:0005797,"{'GO:0031984', 'GO:0031985', 'GO:0110165', 'GO:0098791', 'GO:0005575'}"
GO:0097057,"{'GO:0005575', 'GO:0032991'}"
GO:0030678,"{'GO:0098798', 'GO:1902555', 'GO:0005575', 'GO:1902494', 'GO:0030677', 'GO:1990904', 'GO:0032991'}"
GO:0098855,"{'GO:0034705', 'GO:0034703', 'GO:1902495', 'GO:0005575', 'GO:0034702', 'GO:0098796', 'GO:0098797', 'GO:1990351', 'GO:0008076', 'GO:0032991'}"
GO:0071458,"{'GO:0030176', 'GO:0031227', 'GO:0031300', 'GO:0031224', 'GO:0005575', 'GO:0016021', 'GO:0110165', 'GO:0031301'}"
GO:1990826,"{'GO:0005575', 'GO:0110165'}"
GO:0098577,"{'GO:0000803', 'GO:0043232', 'GO:0043226', 'GO:0043229', 'GO:0005575', 'GO:0005622', 'GO:0005694', 'GO:0110165', 'GO:0043228'}"
GO:0005684,"{'GO:0140513', 'GO:1990904', 'GO:0005681', 'GO:0005575', 'GO:0032991'}"
GO:0042571,"{'GO:0005575', 'GO:0032991', 'GO:0019814'}"
GO:0070110,"{'GO:0098796', 'GO:0098797', 'GO:0043235', 'GO:0098802', 'GO:0005575', 'GO:0032991'}"
GO:0005896,"{'GO:0098796', 'GO:0098797', 'GO:0043235', 'GO:0098802', 'GO:0005575', 'GO:0032991'}"
GO:0005900,"{'GO:0098796', 'GO:0098797', 'GO:0043235', 'GO:0098802', 'GO:0005575', 'GO:0032991'}"
GO:0032039,"{'GO:0005575', 'GO:0140513', 'GO:0032991'}"
GO:0034669,"{'GO:0098802', 'GO:0098636', 'GO:0005575', 'GO:0098796', 'GO:0098797', 'GO:0043235', 'GO:0032991', 'GO:0008305'}"
GO:0035867,"{'GO:0098796', 'GO:0098797', 'GO:0005575', 'GO:0032991'}"
GO:0034684,"{'GO:0098802', 'GO:0098636', 'GO:0005575', 'GO:0098796', 'GO:0098797', 'GO:0043235', 'GO:0032991', 'GO:0008305'}"
GO:0034685,"{'GO:0098802', 'GO:0098636', 'GO:0005575', 'GO:0098796', 'GO:0098797', 'GO:0043235', 'GO:0032991', 'GO:0008305'}"
GO:0034686,"{'GO:0098802', 'GO:0098636', 'GO:0005575', 'GO:0098796', 'GO:0098797', 'GO:0043235', 'GO:0032991', 'GO:0008305'}"
GO:0008305,"{'GO:0098796', 'GO:0098797', 'GO:0043235', 'GO:0098802', 'GO:0098636', 'GO:0005575', 'GO:0032991'}"
GO:0034665,"{'GO:0098802', 'GO:0098636', 'GO:0005575', 'GO:0098796', 'GO:0098797', 'GO:0043235', 'GO:0032991', 'GO:0008305'}"
GO:0034680,"{'GO:0098802', 'GO:0098636', 'GO:0005575', 'GO:0098796', 'GO:0098797', 'GO:0043235', 'GO:0032991', 'GO:0008305'}"
GO:0034681,"{'GO:0098802', 'GO:0098636', 'GO:0005575', 'GO:0098796', 'GO:0098797', 'GO:0043235', 'GO:0032991', 'GO:0008305'}"
GO:0034666,"{'GO:0098802', 'GO:0098636', 'GO:0005575', 'GO:0098796', 'GO:0098797', 'GO:0043235', 'GO:0032991', 'GO:0008305'}"
GO:0034667,"{'GO:0098802', 'GO:0098636', 'GO:0005575', 'GO:0098796', 'GO:0098797', 'GO:0043235', 'GO:0032991', 'GO:0008305'}"
GO:0034674,"{'GO:0098802', 'GO:0098636', 'GO:0005575', 'GO:0098796', 'GO:0098797', 'GO:0043235', 'GO:0032991', 'GO:0008305'}"
GO:0034677,"{'GO:0098802', 'GO:0098636', 'GO:0005575', 'GO:0098796', 'GO:0098797', 'GO:0043235', 'GO:0032991', 'GO:0008305'}"
GO:0034679,"{'GO:0098802', 'GO:0098636', 'GO:0005575', 'GO:0098796', 'GO:0098797', 'GO:0043235', 'GO:0032991', 'GO:0008305'}"
GO:0071438,"{'GO:0031253', 'GO:0098590', 'GO:0110165', 'GO:0016020', 'GO:0005575'}"
GO:0098636,"{'GO:0005575', 'GO:0032991'}"
GO:0016939,"{'GO:0005871', 'GO:0005575', 'GO:0032991', 'GO:0005875'}"
GO:0030127,"{'GO:0098796', 'GO:0005575', 'GO:0030117', 'GO:0030120', 'GO:0032991'}"
GO:0005964,"{'GO:1902554', 'GO:0061695', 'GO:1902911', 'GO:1990234', 'GO:0005575', 'GO:0032991', 'GO:1902494'}"
GO:0043256,"{'GO:0005575', 'GO:0032991'}"
GO:0005606,"{'GO:0005575', 'GO:0032991', 'GO:0043256'}"
GO:0005608,"{'GO:0005575', 'GO:0032991', 'GO:0043256'}"
GO:0043259,"{'GO:0005575', 'GO:0032991', 'GO:0043256'}"
GO:0005610,"{'GO:0005575', 'GO:0032991', 'GO:0043256'}"
GO:0044194,"{'GO:0043226', 'GO:0043227', 'GO:0005575', 'GO:0005764', 'GO:0043229', 'GO:0000323', 'GO:0005622', 'GO:0043231', 'GO:0110165', 'GO:0005773'}"
GO:0061474,"{'GO:0012506', 'GO:0098852', 'GO:0005765', 'GO:0005575', 'GO:0005774', 'GO:0030666', 'GO:0098588', 'GO:0030670', 'GO:0016020', 'GO:0031090', 'GO:0110165', 'GO:0030659'}"
GO:0005773,"{'GO:0043226', 'GO:0005575', 'GO:0043231', 'GO:0110165', 'GO:0043227', 'GO:0043229', 'GO:0005622'}"
GO:0031931,"{'GO:0005575', 'GO:0038201', 'GO:0032991', 'GO:0140535'}"
GO:0031932,"{'GO:0005575', 'GO:0038201', 'GO:0032991', 'GO:0140535'}"
GO:1990112,"{'GO:0005575', 'GO:0032991'}"
GO:0097453,"{'GO:1990015', 'GO:0005575', 'GO:0110165'}"
GO:0032449,"{'GO:0005575', 'GO:0032991'}"
GO:0002096,"{'GO:0005575', 'GO:0032991'}"
GO:0042564,"{'GO:0005575', 'GO:0032991', 'GO:0031074'}"
GO:0031533,"{'GO:0140513', 'GO:1990234', 'GO:0034708', 'GO:0005575', 'GO:0032991', 'GO:1902494'}"
GO:0016592,"{'GO:0005575', 'GO:0140513', 'GO:0032991'}"
GO:0098591,"{'GO:0005575', 'GO:0098552', 'GO:0009897', 'GO:0110165'}"
GO:0070847,"{'GO:0140513', 'GO:0005667', 'GO:0090575', 'GO:0005575', 'GO:0032991'}"
GO:0031307,"{'GO:0098573', 'GO:0031300', 'GO:0031224', 'GO:0032592', 'GO:0005575', 'GO:0016021', 'GO:0110165', 'GO:0031306', 'GO:0031301'}"
GO:0034457,"{'GO:0005575', 'GO:0140513', 'GO:0032991'}"
GO:0017054,"{'GO:0140513', 'GO:0090571', 'GO:0005667', 'GO:0017053', 'GO:0005575', 'GO:0032991'}"
GO:1990780,"{'GO:0098562', 'GO:0110165', 'GO:0098552', 'GO:0009898', 'GO:0005575'}"
GO:0031428,"{'GO:0005732', 'GO:1990904', 'GO:0005575', 'GO:0032991'}"
GO:0070761,"{'GO:1990904', 'GO:0005575', 'GO:0032991'}"
GO:0042582,"{'GO:0043226', 'GO:0099503', 'GO:0097708', 'GO:0005766', 'GO:0030141', 'GO:0043227', 'GO:0005575', 'GO:0005764', 'GO:0043229', 'GO:0000323', 'GO:0005622', 'GO:0031410', 'GO:0043231', 'GO:0031982', 'GO:0110165', 'GO:0005773'}"
GO:0036501,"{'GO:0005575', 'GO:0032991'}"
GO:0001652,"{'GO:0005575', 'GO:0110165'}"
GO:0044611,"{'GO:0005575', 'GO:0140513', 'GO:0032991'}"
GO:0001651,"{'GO:0005575', 'GO:0110165'}"
GO:0000791,"{'GO:0000785', 'GO:0005575', 'GO:0110165'}"
GO:0017122,"{'GO:1990234', 'GO:0005575', 'GO:0140535', 'GO:0032991', 'GO:1902494'}"
GO:0005942,"{'GO:1990234', 'GO:0005575', 'GO:1902494', 'GO:0098796', 'GO:0061695', 'GO:0032991'}"
GO:0030014,"{'GO:0005575', 'GO:0032991', 'GO:0140535'}"
GO:0016272,"{'GO:0005575', 'GO:0032991'}"
GO:0035102,"{'GO:0000151', 'GO:1990234', 'GO:0140535', 'GO:0005575', 'GO:1902494', 'GO:0000152', 'GO:0031519', 'GO:0140513', 'GO:0032991'}"
GO:0043202,"{'GO:0005775', 'GO:0070013', 'GO:0110165', 'GO:0031974', 'GO:0005575', 'GO:0043233'}"
GO:0005958,"{'GO:0140513', 'GO:1990391', 'GO:0070419', 'GO:0005575', 'GO:0140535', 'GO:0032991'}"
GO:0070419,"{'GO:1990391', 'GO:0140535', 'GO:0005575', 'GO:0032991'}"
GO:0008537,"{'GO:0005575', 'GO:0032991'}"
GO:0070765,"{'GO:0098796', 'GO:0098797', 'GO:0005575', 'GO:0032991'}"
GO:0036186,"{'GO:0012506', 'GO:0005575', 'GO:0030666', 'GO:0030670', 'GO:0098588', 'GO:0016020', 'GO:0031090', 'GO:0110165', 'GO:0030659'}"
GO:1990723,"{'GO:0048471', 'GO:0005575', 'GO:0110165'}"
GO:0044614,"{'GO:0005575', 'GO:0140513', 'GO:0032991'}"
GO:0008385,"{'GO:1902554', 'GO:0061695', 'GO:1902911', 'GO:1990234', 'GO:0005575', 'GO:0032991', 'GO:1902494'}"
GO:0005642,"{'GO:0016020', 'GO:0005575', 'GO:0110165'}"
GO:0044615,"{'GO:0005575', 'GO:0140513', 'GO:0032991'}"
GO:0042025,"{'GO:0018995', 'GO:0110165', 'GO:0033646', 'GO:0033643', 'GO:0005575', 'GO:0033647', 'GO:0033648'}"
GO:0044292,"{'GO:0005575', 'GO:0110165'}"
GO:0005761,"{'GO:0043232', 'GO:0043226', 'GO:0005840', 'GO:0043229', 'GO:0005575', 'GO:0005622', 'GO:0000313', 'GO:0110165', 'GO:0043228'}"
GO:0097431,"{'GO:0005575', 'GO:0110165', 'GO:0000922'}"
GO:0000781,"{'GO:0005575', 'GO:0098687', 'GO:0110165'}"
GO:0005666,"{'GO:0140535', 'GO:0000428', 'GO:1990234', 'GO:0005575', 'GO:0030880', 'GO:0055029', 'GO:1902494', 'GO:0061695', 'GO:0140513', 'GO:0032991'}"
GO:0016593,"{'GO:0140513', 'GO:0005575', 'GO:0008023', 'GO:0032991'}"
GO:0031301,"{'GO:0031300', 'GO:0031224', 'GO:0005575', 'GO:0016021', 'GO:0110165'}"
GO:0030314,"{'GO:0005575', 'GO:0032991'}"
GO:0014802,"{'GO:0031984', 'GO:0005575', 'GO:0098827', 'GO:0110165'}"
GO:0032280,"{'GO:0045202', 'GO:0005575', 'GO:0030054', 'GO:0110165', 'GO:0098984'}"
GO:0030120,"{'GO:0098796', 'GO:0032991', 'GO:0005575', 'GO:0030117'}"
GO:0061700,"{'GO:0005575', 'GO:0032991'}"
GO:0031080,"{'GO:0005575', 'GO:0140513', 'GO:0032991'}"
GO:0032156,"{'GO:0043232', 'GO:0043226', 'GO:0043229', 'GO:0005575', 'GO:0005622', 'GO:0005856', 'GO:0110165', 'GO:0043228'}"
GO:0032160,"{'GO:0043232', 'GO:0043226', 'GO:0043229', 'GO:0005575', 'GO:0005622', 'GO:0005856', 'GO:0110165', 'GO:0043228', 'GO:0032156'}"
GO:0072380,"{'GO:0072379', 'GO:0005575', 'GO:0032991'}"
GO:0098845,"{'GO:0097708', 'GO:0043226', 'GO:0043227', 'GO:0005575', 'GO:0005768', 'GO:0031410', 'GO:0031982', 'GO:0110165'}"
GO:0090533,"{'GO:1990351', 'GO:0098796', 'GO:1902495', 'GO:0098533', 'GO:0005575', 'GO:0032991'}"
GO:0070522,"{'GO:0140513', 'GO:0000109', 'GO:1990391', 'GO:0005575', 'GO:0032991'}"
GO:0048476,"{'GO:0005575', 'GO:1905347', 'GO:0032991', 'GO:1902494'}"
GO:0033557,"{'GO:0005575', 'GO:0140513', 'GO:0032991'}"
GO:0071141,"{'GO:0005575', 'GO:0032991'}"
GO:0035101,"{'GO:0140513', 'GO:0005575', 'GO:0008023', 'GO:0032991'}"
GO:0097180,"{'GO:0005575', 'GO:0032991', 'GO:1904090', 'GO:0097179'}"
GO:0005787,"{'GO:1905368', 'GO:0005575', 'GO:1902494', 'GO:0098796', 'GO:0032991', 'GO:0140534'}"
GO:0005745,"{'GO:1905368', 'GO:0098798', 'GO:0005575', 'GO:1902494', 'GO:0098796', 'GO:0098800', 'GO:0032991'}"
GO:0098965,"{'GO:0062023', 'GO:0110165', 'GO:0005575', 'GO:0031012', 'GO:0030312'}"
GO:0005899,"{'GO:0098802', 'GO:1990234', 'GO:0005575', 'GO:1902494', 'GO:0098796', 'GO:0098797', 'GO:0043235', 'GO:0061695', 'GO:1902911', 'GO:0032991'}"
GO:0005786,"{'GO:1990904', 'GO:0005575', 'GO:0032991', 'GO:0048500'}"
GO:0048500,"{'GO:1990904', 'GO:0005575', 'GO:0032991'}"
GO:0033565,"{'GO:0005575', 'GO:0036452', 'GO:0032991'}"
GO:0009328,"{'GO:0005575', 'GO:0032991', 'GO:1902494'}"
GO:0034993,"{'GO:0098796', 'GO:0106094', 'GO:0106083', 'GO:0005575', 'GO:0140513', 'GO:0032991'}"
GO:0031981,"{'GO:0031974', 'GO:0005575', 'GO:0043233', 'GO:0070013', 'GO:0110165'}"
GO:1990712,"{'GO:0098796', 'GO:0098797', 'GO:0043235', 'GO:0098802', 'GO:0005575', 'GO:0032991'}"
GO:1905286,"{'GO:0005575', 'GO:1905368', 'GO:0032991', 'GO:1902494'}"
GO:0030663,"{'GO:0012506', 'GO:0005575', 'GO:0030662', 'GO:0098588', 'GO:0030660', 'GO:0016020', 'GO:0031090', 'GO:0110165', 'GO:0030659'}"
GO:0005742,"{'GO:0098796', 'GO:0098798', 'GO:0098799', 'GO:0005575', 'GO:0032991'}"
GO:0019035,"{'GO:0005575', 'GO:0032991'}"
GO:0030008,"{'GO:0140535', 'GO:0005575', 'GO:0032991', 'GO:0099023'}"
GO:0005863,"{'GO:0099081', 'GO:0036379', 'GO:0005575', 'GO:0032982', 'GO:0099512', 'GO:0099080', 'GO:0110165'}"
GO:0000813,"{'GO:0098796', 'GO:0005575', 'GO:0036452', 'GO:0032991'}"
GO:0034464,"{'GO:0005575', 'GO:0032991'}"
GO:0089701,"{'GO:0005575', 'GO:0140513', 'GO:0032991'}"
GO:0033181,"{'GO:0033176', 'GO:0005575', 'GO:0098796', 'GO:0098797', 'GO:0032991', 'GO:0016469'}"
GO:0000221,"{'GO:0033178', 'GO:0098796', 'GO:0033180', 'GO:0005575', 'GO:0032991'}"
GO:0033176,"{'GO:0098796', 'GO:0005575', 'GO:0032991', 'GO:0016469'}"
GO:0071065,"{'GO:0098796', 'GO:0098797', 'GO:0005575', 'GO:0032991'}"
GO:1990030,"{'GO:0005575', 'GO:0110165'}"
GO:0045098,"{'GO:0099081', 'GO:0005575', 'GO:0099513', 'GO:0110165', 'GO:0099512', 'GO:0099080', 'GO:0005882'}"
GO:0000220,"{'GO:0098796', 'GO:0033179', 'GO:0005575', 'GO:0032991', 'GO:0033177'}"
GO:0097422,"{'GO:0005575', 'GO:0110165'}"
GO:1990745,"{'GO:0005575', 'GO:0032991'}"
GO:0000938,"{'GO:0005575', 'GO:0032991', 'GO:0099023'}"
GO:0055087,"{'GO:0005575', 'GO:0032991'}"
GO:0035363,"{'GO:0016604', 'GO:0005575', 'GO:0110165'}"
GO:0098875,"{'GO:1903561', 'GO:0043226', 'GO:0043227', 'GO:0043230', 'GO:0005575', 'GO:1990742', 'GO:0031982', 'GO:0110165'}"
GO:0090537,"{'GO:1904949', 'GO:0140513', 'GO:0005575', 'GO:0031010', 'GO:0070603', 'GO:0032991', 'GO:1902494'}"
GO:0031010,"{'GO:1904949', 'GO:0140513', 'GO:0005575', 'GO:0070603', 'GO:0032991', 'GO:1902494'}"
GO:0055028,"{'GO:0005881', 'GO:0005874', 'GO:0099512', 'GO:0099513', 'GO:0099080', 'GO:0005575', 'GO:0099081', 'GO:0110165'}"
GO:1905720,"{'GO:0097427', 'GO:0005575', 'GO:0110165'}"
GO:0097575,"{'GO:0005938', 'GO:0005737', 'GO:0110165', 'GO:0099568', 'GO:0005575', 'GO:0099738'}"
GO:0061673,"{'GO:0000235', 'GO:0005881', 'GO:0005874', 'GO:0099512', 'GO:0099513', 'GO:0099080', 'GO:0005575', 'GO:0005876', 'GO:0099081', 'GO:0110165'}"
GO:1990391,"{'GO:0005575', 'GO:0032991'}"
GO:0120220,"{'GO:0005575', 'GO:0110165'}"
GO:0099143,"{'GO:0043232', 'GO:0043226', 'GO:0015629', 'GO:0099569', 'GO:0043229', 'GO:0005575', 'GO:0005622', 'GO:0005856', 'GO:0110165', 'GO:0043228'}"
GO:0005865,"{'GO:0036379', 'GO:0005575', 'GO:0110165'}"
