GO:0071353,"{'GO:0070670', 'GO:0009987', 'GO:0070887', 'GO:0071345', 'GO:0042221', 'GO:0050896', 'GO:0034097', 'GO:0051716', 'GO:0010033', 'GO:0008150', 'GO:0071310'}"
GO:0000226,"{'GO:0006996', 'GO:0016043', 'GO:0071840', 'GO:0009987', 'GO:0007017', 'GO:0008150', 'GO:0007010'}"
GO:0007017,"{'GO:0008150', 'GO:0009987'}"
GO:0000278,"{'GO:0008150', 'GO:0007049', 'GO:0009987'}"
GO:0061844,"{'GO:0019730', 'GO:0009605', 'GO:0006955', 'GO:0050896', 'GO:0043207', 'GO:0009607', 'GO:0044419', 'GO:0002376', 'GO:0008150', 'GO:0006959', 'GO:0051707'}"
GO:0006915,"{'GO:0008150', 'GO:0012501', 'GO:0008219', 'GO:0009987'}"
GO:0019933,"{'GO:0007165', 'GO:0050789', 'GO:0035556', 'GO:0009987', 'GO:0019932', 'GO:0050794', 'GO:0019935', 'GO:0008150', 'GO:0065007'}"
GO:0005975,"{'GO:0008152', 'GO:0008150', 'GO:0044238', 'GO:0071704'}"
GO:0071346,"{'GO:0034341', 'GO:0009987', 'GO:0070887', 'GO:0071345', 'GO:0042221', 'GO:0050896', 'GO:0034097', 'GO:0051716', 'GO:0010033', 'GO:0008150', 'GO:0071310'}"
GO:0050832,"{'GO:0009605', 'GO:0006952', 'GO:0009620', 'GO:0050896', 'GO:0098542', 'GO:0043207', 'GO:0006950', 'GO:0009607', 'GO:0044419', 'GO:0008150', 'GO:0051707'}"
GO:0006094,"{'GO:0044281', 'GO:0008152', 'GO:0009058', 'GO:0008150', 'GO:0019318', 'GO:0044238', 'GO:0071704', 'GO:0046364', 'GO:0005996', 'GO:0044283', 'GO:0019319', 'GO:0006006', 'GO:0005975', 'GO:0016051', 'GO:1901576'}"
GO:0006096,"{'GO:0006796', 'GO:0019637', 'GO:0009150', 'GO:0016052', 'GO:0006139', 'GO:0006091', 'GO:0044237', 'GO:0006090', 'GO:1901360', 'GO:0008150', 'GO:0006082', 'GO:0044238', 'GO:0071704', 'GO:0009056', 'GO:0019693', 'GO:0019752', 'GO:0043436', 'GO:0005975', 'GO:0046031', 'GO:0006163', 'GO:0055086', 'GO:0006757', 'GO:1901575', 'GO:0009179', 'GO:0044281', 'GO:1901135', 'GO:0046939', 'GO:0006793', 'GO:0006725', 'GO:1901564', 'GO:0008152', 'GO:0009132', 'GO:0072521', 'GO:0009185', 'GO:0016310', 'GO:0032787', 'GO:0009987', 'GO:0034641', 'GO:0046483', 'GO:0009135', 'GO:0006807', 'GO:0006165', 'GO:0009259', 'GO:0006753', 'GO:0046034', 'GO:0009117'}"
GO:0051873,"{'GO:0009605', 'GO:0051883', 'GO:0006952', 'GO:0001906', 'GO:0009987', 'GO:0031640', 'GO:0050896', 'GO:0051702', 'GO:0098542', 'GO:0043207', 'GO:0006950', 'GO:0009607', 'GO:0044419', 'GO:0008150', 'GO:0044403', 'GO:0051707'}"
GO:0031640,"{'GO:0001906', 'GO:0044419', 'GO:0009987', 'GO:0008150'}"
GO:0007275,"{'GO:0048856', 'GO:0032502', 'GO:0008150', 'GO:0032501'}"
GO:0010951,"{'GO:0048519', 'GO:0051248', 'GO:0051246', 'GO:0032268', 'GO:0052548', 'GO:0052547', 'GO:0008150', 'GO:0010605', 'GO:0051172', 'GO:0050790', 'GO:0031323', 'GO:0080090', 'GO:0051171', 'GO:0050789', 'GO:0051336', 'GO:0051346', 'GO:0031324', 'GO:0050794', 'GO:0019222', 'GO:0060255', 'GO:0065007', 'GO:0009892', 'GO:0048523', 'GO:0030162', 'GO:0065009', 'GO:0043086', 'GO:0032269', 'GO:0045861', 'GO:0010466', 'GO:0044092'}"
GO:0017148,"{'GO:0048519', 'GO:0051248', 'GO:0051246', 'GO:0032268', 'GO:0008150', 'GO:0010558', 'GO:0031327', 'GO:0034249', 'GO:0010605', 'GO:0051172', 'GO:2000113', 'GO:0010556', 'GO:0031323', 'GO:0080090', 'GO:0051171', 'GO:0006417', 'GO:0050789', 'GO:0009889', 'GO:0010629', 'GO:0009890', 'GO:0050794', 'GO:0019222', 'GO:0060255', 'GO:0065007', 'GO:2000112', 'GO:0009892', 'GO:0048523', 'GO:0010608', 'GO:0031326', 'GO:0032269', 'GO:0010468', 'GO:0034248', 'GO:0031324'}"
GO:1905460,"{'GO:0050789', 'GO:0048519', 'GO:0043067', 'GO:0010660', 'GO:0050794', 'GO:0043066', 'GO:0042981', 'GO:0008150', 'GO:0010656', 'GO:0065007', 'GO:0048523', 'GO:0043069', 'GO:1905459', 'GO:0034392', 'GO:0034391', 'GO:0010941', 'GO:0060548'}"
GO:0051402,"{'GO:0009987', 'GO:0008219', 'GO:0006915', 'GO:0012501', 'GO:0008150', 'GO:0070997'}"
GO:0035606,"{'GO:0006464', 'GO:0044260', 'GO:0036211', 'GO:0018198', 'GO:0019538', 'GO:1901564', 'GO:0043170', 'GO:0008152', 'GO:0044237', 'GO:0043412', 'GO:0008150', 'GO:0044267', 'GO:0044238', 'GO:0071704', 'GO:0009987', 'GO:0017014', 'GO:0018193', 'GO:0018119', 'GO:0006807'}"
GO:0052501,"{'GO:0031343', 'GO:0050789', 'GO:0043068', 'GO:0035821', 'GO:0048518', 'GO:0048522', 'GO:0043067', 'GO:0051709', 'GO:0050794', 'GO:0031341', 'GO:0044419', 'GO:0010942', 'GO:0008150', 'GO:0010941', 'GO:0065007'}"
GO:0050715,"{'GO:0010628', 'GO:0050789', 'GO:0051240', 'GO:0048518', 'GO:0051239', 'GO:0001817', 'GO:0010604', 'GO:0019222', 'GO:0009893', 'GO:0010468', 'GO:0008150', 'GO:0060255', 'GO:0065007'}"
GO:0050821,"{'GO:0031647', 'GO:0008150', 'GO:0065008', 'GO:0065007'}"
GO:0060359,"{'GO:0010035', 'GO:0042221', 'GO:0050896', 'GO:1901698', 'GO:0008150'}"
GO:0006006,"{'GO:0005996', 'GO:0044281', 'GO:0008152', 'GO:0005975', 'GO:0008150', 'GO:0019318', 'GO:0044238', 'GO:0071704'}"
GO:0046034,"{'GO:0008150', 'GO:0008152'}"
GO:0008088,"{'GO:0046907', 'GO:0009987', 'GO:0006810', 'GO:0030705', 'GO:0007017', 'GO:0051649', 'GO:0051179', 'GO:0099111', 'GO:0010970', 'GO:0051641', 'GO:0051234', 'GO:0006928', 'GO:0008150', 'GO:0007018'}"
GO:0043624,"{'GO:0032984', 'GO:0016043', 'GO:0071840', 'GO:0022411', 'GO:0009987', 'GO:0008150', 'GO:0043933'}"
GO:0034620,"{'GO:0035966', 'GO:0009987', 'GO:0070887', 'GO:0006986', 'GO:0042221', 'GO:0050896', 'GO:0035967', 'GO:0051716', 'GO:0010033', 'GO:0006950', 'GO:0008150', 'GO:0071310', 'GO:0033554'}"
GO:0051085,"{'GO:0009987', 'GO:0061077', 'GO:0051084', 'GO:0006458', 'GO:0008150', 'GO:0006457'}"
GO:0061684,"{'GO:0061919', 'GO:1901575', 'GO:0019538', 'GO:0043170', 'GO:1901564', 'GO:0008152', 'GO:0044237', 'GO:0030163', 'GO:0008150', 'GO:0044238', 'GO:0071704', 'GO:0009056', 'GO:0044248', 'GO:0009987', 'GO:0009057', 'GO:0006914', 'GO:0006807', 'GO:1901565'}"
GO:1904764,"{'GO:0032984', 'GO:0016043', 'GO:0071840', 'GO:0022411', 'GO:0009987', 'GO:0008150', 'GO:0043933'}"
GO:0061077,"{'GO:0008150', 'GO:0006457', 'GO:0009987'}"
GO:0061741,"{'GO:0098656', 'GO:0033036', 'GO:0072321', 'GO:0055085', 'GO:0006810', 'GO:0045184', 'GO:0006811', 'GO:0051179', 'GO:0051234', 'GO:0008104', 'GO:0071702', 'GO:0015031', 'GO:0008150', 'GO:0071806', 'GO:0009987', 'GO:0071705', 'GO:0006820', 'GO:0042886', 'GO:0015833', 'GO:0034220'}"
GO:0072318,"{'GO:0032984', 'GO:0016043', 'GO:0009987', 'GO:0043624', 'GO:0072319', 'GO:0071840', 'GO:0022411', 'GO:0008150', 'GO:0043933', 'GO:0051261'}"
GO:0061738,"{'GO:0061919', 'GO:0044248', 'GO:0009056', 'GO:0009987', 'GO:0044237', 'GO:0006914', 'GO:0008152', 'GO:0008150'}"
GO:0098880,"{'GO:0016043', 'GO:0034330', 'GO:0008150', 'GO:0050808', 'GO:0097106', 'GO:0043954', 'GO:0099084', 'GO:0006996', 'GO:0009987', 'GO:0099558', 'GO:0071840', 'GO:0034331'}"
GO:0044788,"{'GO:0051817', 'GO:0051702', 'GO:0044419', 'GO:0035821', 'GO:0008150', 'GO:0044403', 'GO:0051851'}"
GO:0006397,"{'GO:0006396', 'GO:0090304', 'GO:0016071', 'GO:0006139', 'GO:0044237', 'GO:0006725', 'GO:0008152', 'GO:0043170', 'GO:1901360', 'GO:0008150', 'GO:0044238', 'GO:0071704', 'GO:0016070', 'GO:0009987', 'GO:0034641', 'GO:0046483', 'GO:0006807'}"
GO:0010667,"{'GO:0050789', 'GO:0048519', 'GO:0043067', 'GO:0010660', 'GO:0010662', 'GO:0050794', 'GO:0043066', 'GO:0042981', 'GO:0008150', 'GO:0010665', 'GO:0010656', 'GO:0065007', 'GO:0010664', 'GO:0048523', 'GO:0043069', 'GO:0010941', 'GO:0060548'}"
GO:1902904,"{'GO:0048523', 'GO:0050789', 'GO:0048519', 'GO:0051129', 'GO:0050794', 'GO:1902903', 'GO:0008150', 'GO:0051128', 'GO:0065007'}"
GO:0045892,"{'GO:0048519', 'GO:0019219', 'GO:0008150', 'GO:0010558', 'GO:0031327', 'GO:0010605', 'GO:0045934', 'GO:0051253', 'GO:1902679', 'GO:0051172', 'GO:2000113', 'GO:1903507', 'GO:0010556', 'GO:0031323', 'GO:0080090', 'GO:0006355', 'GO:0051171', 'GO:1903506', 'GO:0050789', 'GO:0009889', 'GO:0010629', 'GO:0009890', 'GO:0050794', 'GO:0019222', 'GO:2001141', 'GO:0051252', 'GO:0060255', 'GO:0065007', 'GO:2000112', 'GO:0009892', 'GO:0048523', 'GO:0031326', 'GO:0010468', 'GO:0031324'}"
GO:0044829,"{'GO:0051817', 'GO:0035821', 'GO:0044827', 'GO:0051851', 'GO:0044788', 'GO:0051702', 'GO:0044419', 'GO:0008150', 'GO:0044403', 'GO:0044794'}"
GO:0043085,"{'GO:0065009', 'GO:0050790', 'GO:0044093', 'GO:0008150', 'GO:0065007'}"
GO:0010628,"{'GO:0050789', 'GO:0048518', 'GO:0010604', 'GO:0019222', 'GO:0009893', 'GO:0010468', 'GO:0008150', 'GO:0060255', 'GO:0065007'}"
GO:0097214,"{'GO:1905710', 'GO:0016043', 'GO:0097213', 'GO:0009987', 'GO:0097212', 'GO:0061024', 'GO:0071840', 'GO:0090559', 'GO:0008150', 'GO:0065008', 'GO:0065007'}"
GO:0048026,"{'GO:0010604', 'GO:0019219', 'GO:1903313', 'GO:0008150', 'GO:0010628', 'GO:0033120', 'GO:0031325', 'GO:0031323', 'GO:0009893', 'GO:0080090', 'GO:0050684', 'GO:0051171', 'GO:0050789', 'GO:0043484', 'GO:0048518', 'GO:0050794', 'GO:0019222', 'GO:1903311', 'GO:0051252', 'GO:0060255', 'GO:0065007', 'GO:0045935', 'GO:0050685', 'GO:0051254', 'GO:0051173', 'GO:0048522', 'GO:0048024', 'GO:0010468'}"
GO:0050766,"{'GO:0060627', 'GO:0050789', 'GO:0050764', 'GO:0048518', 'GO:0048522', 'GO:0051050', 'GO:0051049', 'GO:0032879', 'GO:0050794', 'GO:0008150', 'GO:0065007'}"
GO:1904592,"{'GO:0050789', 'GO:0048518', 'GO:0048522', 'GO:1903332', 'GO:0050794', 'GO:0061083', 'GO:0008150', 'GO:1903334', 'GO:0065007'}"
GO:0045862,"{'GO:0051247', 'GO:0050789', 'GO:0048518', 'GO:0051246', 'GO:0032268', 'GO:0050794', 'GO:0010604', 'GO:0019222', 'GO:0008150', 'GO:0060255', 'GO:0065007', 'GO:0031325', 'GO:0032270', 'GO:0030162', 'GO:0051173', 'GO:0048522', 'GO:0031323', 'GO:0009893', 'GO:0080090', 'GO:0051171'}"
GO:0001916,"{'GO:0048583', 'GO:0050776', 'GO:0008150', 'GO:0048584', 'GO:0002697', 'GO:0002684', 'GO:0002708', 'GO:0002682', 'GO:0031341', 'GO:0001910', 'GO:0002706', 'GO:0002824', 'GO:0002821', 'GO:0002703', 'GO:0050789', 'GO:0002711', 'GO:0002705', 'GO:0048518', 'GO:0002699', 'GO:0050778', 'GO:0002819', 'GO:0050794', 'GO:0065007', 'GO:0031343', 'GO:0001914', 'GO:0002709', 'GO:0001912', 'GO:0048522', 'GO:0002822'}"
GO:0046777,"{'GO:0006464', 'GO:0044260', 'GO:0036211', 'GO:0019538', 'GO:0006793', 'GO:0044237', 'GO:1901564', 'GO:0008152', 'GO:0043170', 'GO:0043412', 'GO:0008150', 'GO:0006468', 'GO:0044267', 'GO:0016310', 'GO:0044238', 'GO:0071704', 'GO:0009987', 'GO:0006807', 'GO:0006796'}"
GO:0006457,"{'GO:0008150', 'GO:0009987'}"
GO:0006606,"{'GO:0070727', 'GO:0051169', 'GO:0008150', 'GO:0033365', 'GO:0015031', 'GO:0072594', 'GO:0006913', 'GO:0017038', 'GO:0042886', 'GO:0034504', 'GO:0046907', 'GO:0033036', 'GO:0006810', 'GO:0045184', 'GO:0006811', 'GO:0051649', 'GO:0051179', 'GO:0051641', 'GO:0051234', 'GO:0008104', 'GO:0071702', 'GO:0051170', 'GO:0009987', 'GO:0034613', 'GO:0006886', 'GO:0071705', 'GO:0006820', 'GO:0015833'}"
GO:0042026,"{'GO:0008150', 'GO:0006457', 'GO:0009987'}"
GO:0061740,"{'GO:0070727', 'GO:0072665', 'GO:0008150', 'GO:0033365', 'GO:0015031', 'GO:0061462', 'GO:0072594', 'GO:0006623', 'GO:0042886', 'GO:0006605', 'GO:0033036', 'GO:0046907', 'GO:0045184', 'GO:0006810', 'GO:0006622', 'GO:0006811', 'GO:0051649', 'GO:0051179', 'GO:0007041', 'GO:0051641', 'GO:0071211', 'GO:0051234', 'GO:0008104', 'GO:0071702', 'GO:0072666', 'GO:0009987', 'GO:0007034', 'GO:0034613', 'GO:0006886', 'GO:0071705', 'GO:0006820', 'GO:0015833'}"
GO:0051726,"{'GO:0008150', 'GO:0050789', 'GO:0065007', 'GO:0050794'}"
GO:0099175,"{'GO:0050807', 'GO:0050789', 'GO:0008150', 'GO:0051128', 'GO:0065007', 'GO:0050794'}"
GO:0061635,"{'GO:0008150', 'GO:0065008', 'GO:0065007'}"
GO:0031647,"{'GO:0008150', 'GO:0065008', 'GO:0065007'}"
GO:0006986,"{'GO:0042221', 'GO:0050896', 'GO:0010033', 'GO:0035966', 'GO:0006950', 'GO:0008150'}"
GO:0008380,"{'GO:0006396', 'GO:0090304', 'GO:0006139', 'GO:0044237', 'GO:0006725', 'GO:0008152', 'GO:0043170', 'GO:1901360', 'GO:0008150', 'GO:0044238', 'GO:0071704', 'GO:0016070', 'GO:0009987', 'GO:0034641', 'GO:0046483', 'GO:0006807'}"
GO:1990832,"{'GO:0046907', 'GO:0009987', 'GO:0006810', 'GO:0030705', 'GO:0008150', 'GO:0051649', 'GO:0051179', 'GO:0099111', 'GO:0010970', 'GO:0051641', 'GO:0051234', 'GO:0006928', 'GO:0008088', 'GO:0007017', 'GO:0007018'}"
GO:0016192,"{'GO:0051234', 'GO:0009987', 'GO:0006810', 'GO:0008150', 'GO:0051179'}"
GO:0051693,"{'GO:0043242', 'GO:0048519', 'GO:0032535', 'GO:1902904', 'GO:0032970', 'GO:0033043', 'GO:1902903', 'GO:0008150', 'GO:0044087', 'GO:0051493', 'GO:1901880', 'GO:0051128', 'GO:0030832', 'GO:0016043', 'GO:0050789', 'GO:0051129', 'GO:0050794', 'GO:0032271', 'GO:0090066', 'GO:0010639', 'GO:0032956', 'GO:0031333', 'GO:0030835', 'GO:0065007', 'GO:0030833', 'GO:1901879', 'GO:0048523', 'GO:0009987', 'GO:0008064', 'GO:0030837', 'GO:0032272', 'GO:0051494', 'GO:0110053', 'GO:0071840', 'GO:0043254', 'GO:0030834', 'GO:0065008', 'GO:0043244'}"
GO:0001525,"{'GO:0008150', 'GO:0032502', 'GO:0048646'}"
GO:0006754,"{'GO:0019637', 'GO:0009150', 'GO:0034654', 'GO:0046390', 'GO:0046034', 'GO:0009141', 'GO:0006139', 'GO:0044237', 'GO:0090407', 'GO:1901360', 'GO:0008150', 'GO:0044249', 'GO:0044238', 'GO:0071704', 'GO:0018130', 'GO:0009142', 'GO:0019693', 'GO:0009206', 'GO:1901576', 'GO:0006163', 'GO:0055086', 'GO:1901293', 'GO:1901566', 'GO:1901137', 'GO:0044281', 'GO:1901135', 'GO:0006793', 'GO:0006725', 'GO:0009144', 'GO:0008152', 'GO:1901564', 'GO:0072521', 'GO:0009058', 'GO:0009165', 'GO:0009145', 'GO:0009152', 'GO:1901362', 'GO:0072522', 'GO:0009260', 'GO:0009987', 'GO:0019438', 'GO:0034641', 'GO:0046483', 'GO:0006807', 'GO:0044271', 'GO:0009205', 'GO:0009259', 'GO:0009199', 'GO:0009201', 'GO:0006753', 'GO:0006164', 'GO:0006796', 'GO:0009117'}"
GO:0098761,"{'GO:0009987', 'GO:0070887', 'GO:0071345', 'GO:0042221', 'GO:0050896', 'GO:0034097', 'GO:0051716', 'GO:0010033', 'GO:0098760', 'GO:0008150', 'GO:0071310'}"
GO:0006629,"{'GO:0008152', 'GO:0008150', 'GO:0044238', 'GO:0071704'}"
GO:0042776,"{'GO:0019637', 'GO:0009150', 'GO:0006139', 'GO:0044237', 'GO:0008150', 'GO:0018130', 'GO:0009142', 'GO:0015986', 'GO:0019693', 'GO:0006163', 'GO:0046907', 'GO:0006810', 'GO:0006811', 'GO:0051649', 'GO:0051179', 'GO:0006725', 'GO:0009144', 'GO:0072521', 'GO:0009058', 'GO:0009165', 'GO:0009145', 'GO:1990542', 'GO:1901362', 'GO:0009260', 'GO:0009987', 'GO:0009259', 'GO:0044271', 'GO:0009199', 'GO:0009201', 'GO:0006796', 'GO:0046034', 'GO:0034654', 'GO:0055085', 'GO:0046390', 'GO:0009141', 'GO:0098662', 'GO:0006091', 'GO:0098655', 'GO:0090407', 'GO:1901360', 'GO:0044249', 'GO:0006812', 'GO:0044238', 'GO:0071704', 'GO:0098660', 'GO:0009206', 'GO:1901576', 'GO:0055086', 'GO:0006839', 'GO:1901293', 'GO:1902600', 'GO:1901566', 'GO:1901137', 'GO:0044281', 'GO:1901135', 'GO:0006793', 'GO:1901564', 'GO:0051641', 'GO:0008152', 'GO:0051234', 'GO:0016310', 'GO:0009152', 'GO:0072522', 'GO:0015985', 'GO:0006754', 'GO:0019438', 'GO:0006119', 'GO:0034641', 'GO:0046483', 'GO:0006807', 'GO:0009205', 'GO:0006753', 'GO:0006164', 'GO:0034220', 'GO:0009117'}"
GO:0006933,"{'GO:0048523', 'GO:0050789', 'GO:0048519', 'GO:0030155', 'GO:0050794', 'GO:0008150', 'GO:0007162', 'GO:0065007'}"
GO:0043536,"{'GO:0030334', 'GO:0050789', 'GO:0030335', 'GO:0010595', 'GO:2000145', 'GO:0048518', 'GO:0050794', 'GO:2000147', 'GO:0010632', 'GO:0008150', 'GO:0040012', 'GO:0065007', 'GO:0043535', 'GO:0051270', 'GO:0010594', 'GO:0051239', 'GO:0048522', 'GO:0010634', 'GO:0032879', 'GO:0040017', 'GO:0051272'}"
GO:1902600,"{'GO:0009987', 'GO:0055085', 'GO:0006810', 'GO:0098662', 'GO:0006811', 'GO:0051179', 'GO:0098655', 'GO:0051234', 'GO:0008150', 'GO:0006812', 'GO:0034220', 'GO:0098660'}"
GO:0006898,"{'GO:0016192', 'GO:0051234', 'GO:0006897', 'GO:0009987', 'GO:0006810', 'GO:0008150', 'GO:0051179'}"
GO:0051453,"{'GO:0030004', 'GO:0055080', 'GO:0030641', 'GO:0008150', 'GO:0019725', 'GO:0050801', 'GO:0065007', 'GO:0006885', 'GO:0098771', 'GO:0006873', 'GO:0030003', 'GO:0048878', 'GO:0009987', 'GO:0055067', 'GO:0042592', 'GO:0055082', 'GO:0065008'}"
GO:0030644,"{'GO:0055064', 'GO:0030002', 'GO:0019725', 'GO:0008150', 'GO:0050801', 'GO:0065007', 'GO:0030320', 'GO:0098771', 'GO:0006873', 'GO:0048878', 'GO:0009987', 'GO:0055083', 'GO:0055081', 'GO:0042592', 'GO:0055082', 'GO:0065008'}"
GO:0021549,"{'GO:0008150', 'GO:0048856', 'GO:0032502'}"
GO:0046314,"{'GO:0019637', 'GO:1901566', 'GO:0006793', 'GO:0044237', 'GO:1901564', 'GO:0008152', 'GO:0006599', 'GO:0090407', 'GO:0042398', 'GO:0009058', 'GO:0008150', 'GO:0071704', 'GO:0006603', 'GO:0009987', 'GO:0006807', 'GO:0006575', 'GO:1901576', 'GO:0042396', 'GO:0006796'}"
GO:0015986,"{'GO:0006796', 'GO:0019637', 'GO:0009150', 'GO:0034654', 'GO:0055085', 'GO:0046390', 'GO:0009141', 'GO:0006139', 'GO:0098662', 'GO:0044237', 'GO:0098655', 'GO:0090407', 'GO:1901360', 'GO:0008150', 'GO:0044249', 'GO:0006812', 'GO:0044238', 'GO:0071704', 'GO:0034220', 'GO:0018130', 'GO:0098660', 'GO:0009142', 'GO:0019693', 'GO:0009206', 'GO:1901576', 'GO:0006163', 'GO:0055086', 'GO:1901293', 'GO:1902600', 'GO:1901566', 'GO:1901137', 'GO:0044281', 'GO:0006810', 'GO:0006811', 'GO:1901135', 'GO:0051179', 'GO:0006793', 'GO:0006725', 'GO:0009144', 'GO:0008152', 'GO:1901564', 'GO:0051234', 'GO:0072521', 'GO:0009058', 'GO:0009165', 'GO:0009145', 'GO:0009152', 'GO:1901362', 'GO:0072522', 'GO:0009260', 'GO:0015985', 'GO:0006754', 'GO:0009987', 'GO:0019438', 'GO:0034641', 'GO:0046483', 'GO:0006807', 'GO:0044271', 'GO:0009205', 'GO:0009259', 'GO:0009199', 'GO:0009201', 'GO:0006753', 'GO:0006164', 'GO:0046034', 'GO:0009117'}"
GO:0001937,"{'GO:0048523', 'GO:0050789', 'GO:0048519', 'GO:0001936', 'GO:0050680', 'GO:0050794', 'GO:0042127', 'GO:0008150', 'GO:0050678', 'GO:0065007', 'GO:0008285'}"
GO:0061621,"{'GO:0019637', 'GO:0009150', 'GO:0016052', 'GO:0006096', 'GO:0046034', 'GO:0006139', 'GO:0061718', 'GO:0006091', 'GO:0044237', 'GO:0019674', 'GO:0006090', 'GO:1901360', 'GO:0008150', 'GO:0006082', 'GO:0044282', 'GO:0044238', 'GO:0071704', 'GO:0009056', 'GO:0019320', 'GO:0046365', 'GO:0019693', 'GO:0019752', 'GO:0043436', 'GO:0005975', 'GO:0061615', 'GO:0006006', 'GO:0061620', 'GO:0006007', 'GO:0046031', 'GO:0006163', 'GO:0055086', 'GO:0006757', 'GO:1901575', 'GO:0009179', 'GO:0006735', 'GO:0044281', 'GO:1901135', 'GO:0046939', 'GO:0006793', 'GO:0006725', 'GO:1901564', 'GO:0008152', 'GO:0009132', 'GO:0072521', 'GO:0009185', 'GO:0019318', 'GO:0016310', 'GO:0032787', 'GO:0006734', 'GO:0005996', 'GO:0009987', 'GO:0034641', 'GO:0046483', 'GO:0009135', 'GO:0006807', 'GO:0006165', 'GO:0009259', 'GO:0006753', 'GO:0006796', 'GO:0009117'}"
GO:0001701,"{'GO:0048856', 'GO:0032502', 'GO:0009792', 'GO:0009790', 'GO:0007275', 'GO:0043009', 'GO:0008150', 'GO:0032501'}"
GO:0051099,"{'GO:0065009', 'GO:0044093', 'GO:0008150', 'GO:0051098', 'GO:0065007'}"
GO:0032889,"{'GO:0033043', 'GO:0050789', 'GO:0008150', 'GO:0051128', 'GO:0044088', 'GO:0065007', 'GO:0050794'}"
GO:0150093,"{'GO:0009987', 'GO:0006810', 'GO:0097242', 'GO:0051179', 'GO:0016192', 'GO:0051234', 'GO:0045056', 'GO:0008150', 'GO:0032501'}"
GO:0006914,"{'GO:0061919', 'GO:0008152', 'GO:0044248', 'GO:0009056', 'GO:0009987', 'GO:0008150', 'GO:0044237'}"
GO:0051301,"{'GO:0008150', 'GO:0009987'}"
GO:0048268,"{'GO:0022607', 'GO:0016043', 'GO:0065003', 'GO:0009987', 'GO:0034622', 'GO:0071840', 'GO:0008150', 'GO:0043933'}"
GO:0072583,"{'GO:0006897', 'GO:0009987', 'GO:0006810', 'GO:0051179', 'GO:0016192', 'GO:0051234', 'GO:0008150', 'GO:0006898'}"
GO:0007030,"{'GO:0006996', 'GO:0016043', 'GO:0071840', 'GO:0009987', 'GO:0008150'}"
GO:0006886,"{'GO:0033036', 'GO:0046907', 'GO:0045184', 'GO:0006810', 'GO:0006811', 'GO:0051649', 'GO:0051179', 'GO:0051641', 'GO:0051234', 'GO:0008104', 'GO:0071702', 'GO:0008150', 'GO:0015031', 'GO:0009987', 'GO:0071705', 'GO:0006820', 'GO:0042886', 'GO:0015833'}"
GO:0090307,"{'GO:0016043', 'GO:0022402', 'GO:0007017', 'GO:0007010', 'GO:0008150', 'GO:0070925', 'GO:0006996', 'GO:0022607', 'GO:1903047', 'GO:0009987', 'GO:1902850', 'GO:0000226', 'GO:0071840', 'GO:0007051', 'GO:0007052', 'GO:0051225'}"
GO:1900126,"{'GO:0050789', 'GO:0009889', 'GO:0048519', 'GO:0032885', 'GO:0009890', 'GO:1900125', 'GO:0019222', 'GO:0043255', 'GO:0008150', 'GO:0010558', 'GO:0060255', 'GO:0065007', 'GO:0010605', 'GO:0009892', 'GO:0051172', 'GO:0045912', 'GO:0010556', 'GO:0006109', 'GO:0080090', 'GO:0051171', 'GO:0032881'}"
GO:1903077,"{'GO:0050789', 'GO:1903828', 'GO:0048519', 'GO:0050794', 'GO:0032880', 'GO:1905476', 'GO:0008150', 'GO:0060341', 'GO:0065007', 'GO:0048523', 'GO:1905475', 'GO:1903827', 'GO:0032879', 'GO:1903076', 'GO:1904376', 'GO:1904375'}"
GO:0031623,"{'GO:0043112', 'GO:0006897', 'GO:0009987', 'GO:0006810', 'GO:0044260', 'GO:0051179', 'GO:0043170', 'GO:0016192', 'GO:0008152', 'GO:0051234', 'GO:0044237', 'GO:0008150', 'GO:0071704', 'GO:0006898'}"
GO:0060236,"{'GO:0051726', 'GO:0051493', 'GO:0050789', 'GO:0090224', 'GO:0010564', 'GO:0050794', 'GO:0033043', 'GO:0070507', 'GO:0032886', 'GO:0008150', 'GO:0051128', 'GO:0065007'}"
GO:0042147,"{'GO:0046907', 'GO:0009987', 'GO:0006810', 'GO:0051649', 'GO:0016197', 'GO:0051179', 'GO:0051641', 'GO:0016192', 'GO:0016482', 'GO:0051234', 'GO:0008150'}"
GO:0048488,"{'GO:0006897', 'GO:0009987', 'GO:0006810', 'GO:0140238', 'GO:0051649', 'GO:0051179', 'GO:0016192', 'GO:0099003', 'GO:0051234', 'GO:0008150'}"
GO:0033572,"{'GO:0033036', 'GO:0006810', 'GO:0045184', 'GO:0006811', 'GO:0051179', 'GO:0051234', 'GO:0008104', 'GO:0071702', 'GO:0015031', 'GO:0008150', 'GO:0006812', 'GO:0006826', 'GO:0000041', 'GO:0071705', 'GO:0006820', 'GO:0042886', 'GO:0015833'}"
GO:0006101,"{'GO:0009987', 'GO:0044281', 'GO:0044237', 'GO:0008152', 'GO:0019752', 'GO:0072350', 'GO:0043436', 'GO:0006082', 'GO:0008150', 'GO:0071704'}"
GO:0006102,"{'GO:0009987', 'GO:0044281', 'GO:0044237', 'GO:0008152', 'GO:0019752', 'GO:0072350', 'GO:0043436', 'GO:1902652', 'GO:0006082', 'GO:0008150', 'GO:1901615', 'GO:0006066', 'GO:0071704'}"
GO:0001889,"{'GO:0048856', 'GO:0032502', 'GO:0048513', 'GO:0008150', 'GO:0048732'}"
GO:0035900,"{'GO:0008150', 'GO:0050896', 'GO:0006950'}"
GO:0006099,"{'GO:0008150', 'GO:0008152', 'GO:0044238'}"
GO:0007182,"{'GO:0006464', 'GO:0044260', 'GO:0036211', 'GO:0019538', 'GO:0006793', 'GO:0044237', 'GO:1901564', 'GO:0008152', 'GO:0043170', 'GO:0043412', 'GO:0008150', 'GO:0006468', 'GO:0044267', 'GO:0016310', 'GO:0044238', 'GO:0071704', 'GO:0009987', 'GO:0006807', 'GO:0006796'}"
GO:0043001,"{'GO:0033036', 'GO:0072657', 'GO:0045184', 'GO:0006810', 'GO:0006811', 'GO:0070727', 'GO:0051179', 'GO:0051641', 'GO:0051234', 'GO:0008104', 'GO:0071702', 'GO:0015031', 'GO:0008150', 'GO:0061951', 'GO:0009987', 'GO:0072659', 'GO:0098876', 'GO:0034613', 'GO:0016192', 'GO:1990778', 'GO:0090150', 'GO:0071705', 'GO:0006820', 'GO:0048193', 'GO:0042886', 'GO:0006893', 'GO:0015833', 'GO:0006892'}"
GO:0071709,"{'GO:0022607', 'GO:0016043', 'GO:0009987', 'GO:0061024', 'GO:0071840', 'GO:0008150'}"
GO:0000281,"{'GO:0061640', 'GO:1903047', 'GO:0009987', 'GO:0022402', 'GO:0008150', 'GO:0000910'}"
GO:0007009,"{'GO:0016043', 'GO:0071840', 'GO:0009987', 'GO:0008150', 'GO:0061024'}"
GO:0032743,"{'GO:0050789', 'GO:0051240', 'GO:0048518', 'GO:0001817', 'GO:0010604', 'GO:0019222', 'GO:0008150', 'GO:0060255', 'GO:0010628', 'GO:0065007', 'GO:0001819', 'GO:0051239', 'GO:0009893', 'GO:0010468', 'GO:0032663'}"
GO:1903078,"{'GO:0050789', 'GO:1904377', 'GO:0048518', 'GO:1905477', 'GO:0050794', 'GO:0032880', 'GO:0008150', 'GO:0060341', 'GO:0065007', 'GO:1903829', 'GO:1905475', 'GO:1903827', 'GO:0048522', 'GO:0032879', 'GO:1903076', 'GO:1904375'}"
GO:0072659,"{'GO:0033036', 'GO:0072657', 'GO:0009987', 'GO:0070727', 'GO:0034613', 'GO:0051179', 'GO:0051641', 'GO:0008104', 'GO:1990778', 'GO:0008150'}"
GO:1903076,"{'GO:0050789', 'GO:1905475', 'GO:1903827', 'GO:0032879', 'GO:0050794', 'GO:0032880', 'GO:0008150', 'GO:0060341', 'GO:1904375', 'GO:0065007'}"
GO:0060390,"{'GO:0050789', 'GO:0065007', 'GO:0048583', 'GO:0050794', 'GO:0010646', 'GO:0008150', 'GO:0009966', 'GO:0023051'}"
GO:0008344,"{'GO:0032501', 'GO:0007626', 'GO:0008150', 'GO:0030534', 'GO:0007610'}"
GO:0021764,"{'GO:0008150', 'GO:0048856', 'GO:0032502'}"
GO:0001662,"{'GO:0006952', 'GO:0033555', 'GO:0050896', 'GO:0032501', 'GO:0002209', 'GO:0006950', 'GO:0008150', 'GO:0042596', 'GO:0007610'}"
GO:0098655,"{'GO:0009987', 'GO:0055085', 'GO:0006810', 'GO:0006811', 'GO:0051179', 'GO:0051234', 'GO:0008150', 'GO:0006812', 'GO:0034220'}"
GO:0030007,"{'GO:0030004', 'GO:0055080', 'GO:0008150', 'GO:0019725', 'GO:0006875', 'GO:0050801', 'GO:0065007', 'GO:0098771', 'GO:0006873', 'GO:0030003', 'GO:0048878', 'GO:0009987', 'GO:0055075', 'GO:0055067', 'GO:0055065', 'GO:0042592', 'GO:0055082', 'GO:0065008'}"
GO:0071260,"{'GO:0009605', 'GO:0009987', 'GO:0009628', 'GO:0104004', 'GO:0071214', 'GO:0050896', 'GO:0009612', 'GO:0051716', 'GO:0008150', 'GO:0071496'}"
GO:0071383,"{'GO:0048545', 'GO:0010033', 'GO:0008150', 'GO:0071495', 'GO:0032870', 'GO:0009987', 'GO:0070887', 'GO:0009725', 'GO:0042221', 'GO:0050896', 'GO:0033993', 'GO:0051716', 'GO:0071396', 'GO:0014070', 'GO:0071407', 'GO:0071310', 'GO:0009719'}"
GO:0006883,"{'GO:0030004', 'GO:0055080', 'GO:0055078', 'GO:0019725', 'GO:0008150', 'GO:0006875', 'GO:0050801', 'GO:0065007', 'GO:0098771', 'GO:0006873', 'GO:0030003', 'GO:0048878', 'GO:0009987', 'GO:0055067', 'GO:0055065', 'GO:0042592', 'GO:0055082', 'GO:0065008'}"
GO:0040011,{'GO:0008150'}
GO:0035641,"{'GO:0007626', 'GO:0008150', 'GO:0035640', 'GO:0007610'}"
GO:1903170,"{'GO:0051051', 'GO:0050789', 'GO:0048519', 'GO:1904063', 'GO:0034765', 'GO:0050794', 'GO:0010959', 'GO:0008150', 'GO:0065007', 'GO:1903169', 'GO:1904062', 'GO:0048523', 'GO:0051926', 'GO:0051049', 'GO:0034762', 'GO:0032879', 'GO:0043271', 'GO:0034766', 'GO:0034763', 'GO:0051924', 'GO:0043269'}"
GO:1903280,"{'GO:1901019', 'GO:0048519', 'GO:1904063', 'GO:0002028', 'GO:0010959', 'GO:2000649', 'GO:0008150', 'GO:1904062', 'GO:0051926', 'GO:0051049', 'GO:1903279', 'GO:0032410', 'GO:0034762', 'GO:0043271', 'GO:0034763', 'GO:0043269', 'GO:0051051', 'GO:0050789', 'GO:1902305', 'GO:1902306', 'GO:0034765', 'GO:0032412', 'GO:0050794', 'GO:2000650', 'GO:0032413', 'GO:1903170', 'GO:1901020', 'GO:0065007', 'GO:0022898', 'GO:1903169', 'GO:0048523', 'GO:0032879', 'GO:0065009', 'GO:0034766', 'GO:0010766', 'GO:0051924', 'GO:0032409', 'GO:0044092'}"
GO:0051481,"{'GO:0055080', 'GO:0051480', 'GO:0019725', 'GO:0008150', 'GO:0006875', 'GO:0050801', 'GO:0065007', 'GO:0098771', 'GO:0006873', 'GO:0072503', 'GO:0030003', 'GO:0048878', 'GO:0072507', 'GO:0009987', 'GO:0055074', 'GO:0055065', 'GO:0042592', 'GO:0055082', 'GO:0065008', 'GO:0006874'}"
GO:0045822,"{'GO:1903522', 'GO:0050789', 'GO:0048519', 'GO:0008150', 'GO:0065007', 'GO:0051241', 'GO:1903523', 'GO:0051239', 'GO:0008016', 'GO:0044057'}"
GO:0045988,"{'GO:0050789', 'GO:0006937', 'GO:0048519', 'GO:0006942', 'GO:0051239', 'GO:0090257', 'GO:0045932', 'GO:0008150', 'GO:0044057', 'GO:0065007', 'GO:0051241'}"
GO:0001504,"{'GO:0006810', 'GO:0051179', 'GO:0098657', 'GO:0051234', 'GO:0008150', 'GO:0065008', 'GO:0065007', 'GO:0006836', 'GO:0001505'}"
GO:0021989,"{'GO:0008150', 'GO:0048856', 'GO:0032502'}"
GO:1990573,"{'GO:0055085', 'GO:0006810', 'GO:0098662', 'GO:0006811', 'GO:0051179', 'GO:0099587', 'GO:0098659', 'GO:0098655', 'GO:0051234', 'GO:0098739', 'GO:0008150', 'GO:0006812', 'GO:0098660', 'GO:0009987', 'GO:0098657', 'GO:0006813', 'GO:0071805', 'GO:0034220'}"
GO:0071805,"{'GO:0006810', 'GO:0055085', 'GO:0098662', 'GO:0006811', 'GO:0051179', 'GO:0098655', 'GO:0051234', 'GO:0008150', 'GO:0006812', 'GO:0098660', 'GO:0009987', 'GO:0006813', 'GO:0034220'}"
GO:0006813,"{'GO:0051234', 'GO:0006810', 'GO:0008150', 'GO:0006811', 'GO:0006812', 'GO:0051179'}"
GO:0008217,"{'GO:0008150', 'GO:0065008', 'GO:0065007'}"
GO:0086004,"{'GO:1903522', 'GO:0050789', 'GO:0051270', 'GO:0006937', 'GO:1903115', 'GO:0006942', 'GO:0051239', 'GO:0032970', 'GO:0090257', 'GO:0032879', 'GO:0050794', 'GO:0008016', 'GO:0008150', 'GO:0055117', 'GO:0044057', 'GO:0065007'}"
GO:0006937,"{'GO:0050789', 'GO:0008150', 'GO:0051239', 'GO:0044057', 'GO:0065007', 'GO:0090257'}"
GO:0002087,"{'GO:0050789', 'GO:0044065', 'GO:0051239', 'GO:0050877', 'GO:0003008', 'GO:0043576', 'GO:0008150', 'GO:0032501', 'GO:0044057', 'GO:0065007'}"
GO:0006940,"{'GO:0050789', 'GO:0006937', 'GO:0008150', 'GO:0051239', 'GO:0044057', 'GO:0065007', 'GO:0090257'}"
GO:0006942,"{'GO:0050789', 'GO:0006937', 'GO:0008150', 'GO:0051239', 'GO:0044057', 'GO:0065007', 'GO:0090257'}"
GO:0002026,"{'GO:1903522', 'GO:0050789', 'GO:0044057', 'GO:0051239', 'GO:0008016', 'GO:0008150', 'GO:0065008', 'GO:0065007'}"
GO:0019229,"{'GO:0003018', 'GO:1903522', 'GO:0050789', 'GO:0044057', 'GO:0051239', 'GO:0003008', 'GO:0035296', 'GO:0035150', 'GO:0090066', 'GO:0097746', 'GO:0008150', 'GO:0003013', 'GO:0032501', 'GO:0065008', 'GO:0065007'}"
GO:0010996,"{'GO:0009605', 'GO:0050896', 'GO:0009612', 'GO:0008150', 'GO:0009628'}"
GO:1903416,"{'GO:0042221', 'GO:0050896', 'GO:1901700', 'GO:0010033', 'GO:0008150'}"
GO:0035094,"{'GO:0042221', 'GO:0008150', 'GO:0050896'}"
GO:0036376,"{'GO:0055085', 'GO:0006810', 'GO:0098662', 'GO:0006811', 'GO:0051179', 'GO:0098655', 'GO:0051234', 'GO:0070839', 'GO:0008150', 'GO:0006812', 'GO:0098660', 'GO:0140352', 'GO:0009987', 'GO:0030001', 'GO:0140115', 'GO:0035725', 'GO:0034220', 'GO:0006814'}"
GO:0035725,"{'GO:0006810', 'GO:0055085', 'GO:0098662', 'GO:0006811', 'GO:0051179', 'GO:0098655', 'GO:0051234', 'GO:0008150', 'GO:0006812', 'GO:0098660', 'GO:0009987', 'GO:0034220', 'GO:0006814'}"
GO:0006814,"{'GO:0051234', 'GO:0006810', 'GO:0008150', 'GO:0006811', 'GO:0006812', 'GO:0051179'}"
GO:0008542,"{'GO:0007612', 'GO:0009416', 'GO:0009628', 'GO:0050877', 'GO:0050890', 'GO:0007632', 'GO:0007611', 'GO:0050896', 'GO:0008306', 'GO:0003008', 'GO:0009314', 'GO:0008150', 'GO:0032501', 'GO:0007610'}"
GO:0031100,"{'GO:0048856', 'GO:0032502', 'GO:0031099', 'GO:0008150', 'GO:0048513'}"
GO:0032869,"{'GO:1901652', 'GO:0010243', 'GO:1901700', 'GO:0008150', 'GO:0071495', 'GO:0070887', 'GO:0009725', 'GO:0042221', 'GO:1901699', 'GO:1901701', 'GO:0051716', 'GO:0009719', 'GO:0071310', 'GO:0043434', 'GO:1901653', 'GO:0032868', 'GO:1901698', 'GO:0010033', 'GO:0071375', 'GO:0032870', 'GO:0009987', 'GO:0050896', 'GO:0071417'}"
GO:2000767,"{'GO:0032268', 'GO:0010604', 'GO:0051246', 'GO:0008150', 'GO:0010628', 'GO:0031325', 'GO:0009891', 'GO:0032270', 'GO:0010556', 'GO:0009893', 'GO:0045727', 'GO:0031323', 'GO:0080090', 'GO:0010557', 'GO:0051171', 'GO:0006417', 'GO:0051247', 'GO:0050789', 'GO:0009889', 'GO:2000765', 'GO:0048518', 'GO:0031328', 'GO:0050794', 'GO:0019222', 'GO:0060255', 'GO:0065007', 'GO:2000112', 'GO:0034250', 'GO:0010608', 'GO:0031326', 'GO:0051173', 'GO:0048522', 'GO:0010468', 'GO:0034248'}"
GO:1903672,"{'GO:0050793', 'GO:0050789', 'GO:1903670', 'GO:0051240', 'GO:0048518', 'GO:0022603', 'GO:1904018', 'GO:0008150', 'GO:0065007', 'GO:0051094', 'GO:1901342', 'GO:0045765', 'GO:0051239', 'GO:0045766', 'GO:2000026'}"
GO:0012501,"{'GO:0008150', 'GO:0008219', 'GO:0009987'}"
GO:0042866,"{'GO:0044281', 'GO:0044237', 'GO:0008152', 'GO:0006090', 'GO:0006082', 'GO:0008150', 'GO:0009058', 'GO:0044249', 'GO:0016053', 'GO:0071704', 'GO:0032787', 'GO:0044283', 'GO:0009987', 'GO:0072330', 'GO:0019752', 'GO:0043436', 'GO:0046394', 'GO:1901576'}"
GO:0043403,"{'GO:0048856', 'GO:0032502', 'GO:0042246', 'GO:0031099', 'GO:0048589', 'GO:0009888', 'GO:0040007', 'GO:0008150'}"
