GO:0003682,"{'GO:0005488', 'GO:0003674'}"
GO:0033613,"{'GO:0005488', 'GO:0008134', 'GO:0005515', 'GO:0140297', 'GO:0003674'}"
GO:0001228,"{'GO:0003700', 'GO:0140110', 'GO:0000981', 'GO:0003674', 'GO:0001216'}"
GO:0001227,"{'GO:0003700', 'GO:0001217', 'GO:0140110', 'GO:0000981', 'GO:0003674'}"
GO:0046974,"{'GO:0008170', 'GO:0016279', 'GO:0016741', 'GO:0008276', 'GO:0003824', 'GO:0018024', 'GO:0016278', 'GO:0008168', 'GO:0003674', 'GO:0008757', 'GO:0042054', 'GO:0140096', 'GO:0016740'}"
GO:0046872,"{'GO:0005488', 'GO:0043169', 'GO:0043167', 'GO:0003674'}"
GO:0000978,"{'GO:0000987', 'GO:0000977', 'GO:1901363', 'GO:0003676', 'GO:0003674', 'GO:0001067', 'GO:0097159', 'GO:0003690', 'GO:0005488', 'GO:1990837', 'GO:0043565', 'GO:0000976', 'GO:0003677'}"
GO:0043565,"{'GO:0005488', 'GO:0097159', 'GO:0003677', 'GO:0003674', 'GO:0003676', 'GO:1901363'}"
GO:0046332,"{'GO:0005488', 'GO:0003674', 'GO:0005515'}"
GO:0003713,"{'GO:0098772', 'GO:0003712', 'GO:0140110', 'GO:0003674'}"
GO:0003712,"{'GO:0098772', 'GO:0140110', 'GO:0003674'}"
GO:0051015,"{'GO:0005488', 'GO:0005515', 'GO:0003674', 'GO:0003779', 'GO:0044877', 'GO:0008092'}"
GO:0042802,"{'GO:0005488', 'GO:0003674', 'GO:0005515'}"
GO:0042803,"{'GO:0005488', 'GO:0046983', 'GO:0005515', 'GO:0042802', 'GO:0003674'}"
GO:0030165,"{'GO:0005488', 'GO:0019904', 'GO:0005515', 'GO:0003674'}"
GO:0043621,"{'GO:0005488', 'GO:0003674', 'GO:0005515'}"
GO:0005524,"{'GO:0043168', 'GO:1901363', 'GO:0003674', 'GO:1901265', 'GO:0097367', 'GO:0097159', 'GO:0000166', 'GO:0035639', 'GO:0005488', 'GO:0036094', 'GO:0017076', 'GO:0030554', 'GO:0032559', 'GO:0032555', 'GO:0043167', 'GO:0032553'}"
GO:0070735,"{'GO:0016881', 'GO:0016879', 'GO:0140096', 'GO:0003674', 'GO:0003824', 'GO:0016874'}"
GO:0070736,"{'GO:0016874', 'GO:0016881', 'GO:0003824', 'GO:0016879', 'GO:0140096', 'GO:0070735', 'GO:0003674'}"
GO:0008028,"{'GO:0015075', 'GO:0046943', 'GO:0008509', 'GO:0003674', 'GO:0005215', 'GO:0015318', 'GO:0022857', 'GO:0005342'}"
GO:0015293,"{'GO:0005215', 'GO:0015291', 'GO:0022804', 'GO:0022857', 'GO:0003674'}"
GO:0003677,"{'GO:0005488', 'GO:0097159', 'GO:1901363', 'GO:0003674', 'GO:0003676'}"
GO:0042393,"{'GO:0005488', 'GO:0003674', 'GO:0005515'}"
GO:0000981,"{'GO:0003700', 'GO:0140110', 'GO:0003674'}"
GO:0042826,"{'GO:0005488', 'GO:0005515', 'GO:0019899', 'GO:0003674'}"
GO:0005096,"{'GO:0098772', 'GO:0003674', 'GO:0030695', 'GO:0008047', 'GO:0030234', 'GO:0060589'}"
GO:0004672,"{'GO:0016773', 'GO:0003824', 'GO:0003674', 'GO:0016772', 'GO:0016301', 'GO:0140096', 'GO:0016740'}"
GO:0004674,"{'GO:0016773', 'GO:0003824', 'GO:0004672', 'GO:0003674', 'GO:0016772', 'GO:0016301', 'GO:0140096', 'GO:0016740'}"
GO:1990837,"{'GO:0005488', 'GO:1901363', 'GO:0003676', 'GO:0003674', 'GO:0043565', 'GO:0097159', 'GO:0003677', 'GO:0003690'}"
GO:0008432,"{'GO:0019900', 'GO:0005488', 'GO:0019899', 'GO:0019901', 'GO:0005515', 'GO:0003674'}"
GO:0019904,"{'GO:0005488', 'GO:0003674', 'GO:0005515'}"
GO:0001085,"{'GO:0005488', 'GO:0008134', 'GO:0005515', 'GO:0140297', 'GO:0003674'}"
GO:0090729,{'GO:0003674'}
GO:0003714,"{'GO:0098772', 'GO:0003712', 'GO:0140110', 'GO:0003674'}"
GO:0005509,"{'GO:0005488', 'GO:0046872', 'GO:0043169', 'GO:0043167', 'GO:0003674'}"
GO:0005544,"{'GO:0005488', 'GO:0008289', 'GO:0003674', 'GO:0005543'}"
GO:0005547,"{'GO:1901981', 'GO:0005488', 'GO:0043168', 'GO:0035091', 'GO:0003674', 'GO:0005543', 'GO:0043167', 'GO:0008289'}"
GO:0043325,"{'GO:0043168', 'GO:0003674', 'GO:0043167', 'GO:0005488'}"
GO:0005546,"{'GO:1901981', 'GO:1902936', 'GO:0005488', 'GO:0043168', 'GO:0035091', 'GO:0005543', 'GO:0003674', 'GO:0043167', 'GO:0008289'}"
GO:0030276,"{'GO:0005488', 'GO:0003674', 'GO:0005515'}"
GO:0001786,"{'GO:0005488', 'GO:0072341', 'GO:0008289', 'GO:0003674', 'GO:0005543'}"
GO:0046982,"{'GO:0005488', 'GO:0046983', 'GO:0005515', 'GO:0003674'}"
GO:0000149,"{'GO:0005488', 'GO:0003674', 'GO:0005515'}"
GO:0019905,"{'GO:0000149', 'GO:0005488', 'GO:0005515', 'GO:0003674'}"
GO:0004084,"{'GO:0008483', 'GO:0016769', 'GO:0003824', 'GO:0016740', 'GO:0003674'}"
GO:0052656,"{'GO:0008483', 'GO:0016769', 'GO:0004084', 'GO:0003824', 'GO:0016740', 'GO:0003674'}"
GO:0052654,"{'GO:0008483', 'GO:0016769', 'GO:0004084', 'GO:0003824', 'GO:0016740', 'GO:0003674'}"
GO:0052655,"{'GO:0008483', 'GO:0016769', 'GO:0004084', 'GO:0003824', 'GO:0016740', 'GO:0003674'}"
GO:0043021,"{'GO:0005488', 'GO:0044877', 'GO:0003674'}"
GO:0003735,"{'GO:0005198', 'GO:0003674'}"
GO:0140326,"{'GO:0140303', 'GO:0005319', 'GO:0005215', 'GO:0003674'}"
GO:0000287,"{'GO:0005488', 'GO:0046872', 'GO:0043169', 'GO:0043167', 'GO:0003674'}"
GO:0002020,"{'GO:0005488', 'GO:0005515', 'GO:0019899', 'GO:0003674'}"
GO:0005275,"{'GO:0005215', 'GO:0015075', 'GO:0022857', 'GO:0008509', 'GO:0003674'}"
GO:0015220,"{'GO:0005215', 'GO:0015075', 'GO:0008324', 'GO:0022857', 'GO:0015101', 'GO:0008509', 'GO:0003674'}"
GO:0015562,"{'GO:0005215', 'GO:0022857', 'GO:0003674'}"
GO:0015179,"{'GO:0015075', 'GO:0046943', 'GO:0008509', 'GO:0003674', 'GO:0005215', 'GO:0015171', 'GO:0015318', 'GO:0022857', 'GO:0005342'}"
GO:0061459,"{'GO:0015181', 'GO:0008509', 'GO:0003674', 'GO:0015174', 'GO:0005215', 'GO:0015318', 'GO:0005342', 'GO:0015179', 'GO:0008324', 'GO:0015075', 'GO:0046943', 'GO:0015171', 'GO:0022857', 'GO:0008514'}"
GO:0008504,"{'GO:0015075', 'GO:0008509', 'GO:0022804', 'GO:0003674', 'GO:0005215', 'GO:0022853', 'GO:0022857'}"
GO:0005326,"{'GO:0005215', 'GO:0022857', 'GO:0003674'}"
GO:0015101,"{'GO:0015075', 'GO:0008509', 'GO:0003674', 'GO:0005215', 'GO:0022857', 'GO:0008324'}"
GO:0015651,"{'GO:0005215', 'GO:0015075', 'GO:0008324', 'GO:0022857', 'GO:0015101', 'GO:0008509', 'GO:0003674'}"
GO:0005496,"{'GO:0005488', 'GO:0097159', 'GO:0008289', 'GO:0003674'}"
GO:0019534,"{'GO:0005215', 'GO:0022857', 'GO:0003674'}"
GO:0042910,"{'GO:0005215', 'GO:0022857', 'GO:0003674'}"
GO:0050681,"{'GO:0005488', 'GO:0005102', 'GO:0005515', 'GO:0051427', 'GO:0140297', 'GO:0003674', 'GO:0035257', 'GO:0008134', 'GO:0061629', 'GO:0016922', 'GO:0035258'}"
GO:0030331,"{'GO:0005488', 'GO:0005102', 'GO:0005515', 'GO:0051427', 'GO:0140297', 'GO:0003674', 'GO:0035257', 'GO:0008134', 'GO:0061629', 'GO:0016922', 'GO:0035258'}"
GO:0042054,"{'GO:0016740', 'GO:0003824', 'GO:0016741', 'GO:0008276', 'GO:0140096', 'GO:0008168', 'GO:0003674'}"
GO:0046975,"{'GO:0008170', 'GO:0016279', 'GO:0016741', 'GO:0008276', 'GO:0003824', 'GO:0018024', 'GO:0016278', 'GO:0008168', 'GO:0003674', 'GO:0008757', 'GO:0042054', 'GO:0140096', 'GO:0016740'}"
GO:0042799,"{'GO:0008170', 'GO:0016279', 'GO:0016741', 'GO:0008276', 'GO:0003824', 'GO:0018024', 'GO:0016278', 'GO:0008168', 'GO:0003674', 'GO:0008757', 'GO:0042054', 'GO:0140096', 'GO:0016740'}"
GO:0042974,"{'GO:0005488', 'GO:0005102', 'GO:0005515', 'GO:0051427', 'GO:0140297', 'GO:0003674', 'GO:0035257', 'GO:0008134', 'GO:0061629'}"
GO:0046965,"{'GO:0005488', 'GO:0005102', 'GO:0005515', 'GO:0051427', 'GO:0140297', 'GO:0003674', 'GO:0035257', 'GO:0008134', 'GO:0061629', 'GO:0016922', 'GO:0042974'}"
GO:0046966,"{'GO:0005488', 'GO:0005102', 'GO:0005515', 'GO:0051427', 'GO:0140297', 'GO:0003674', 'GO:0035257', 'GO:0008134', 'GO:0061629'}"
GO:0008270,"{'GO:0046914', 'GO:0005488', 'GO:0046872', 'GO:0043169', 'GO:0043167', 'GO:0003674'}"
GO:0051020,"{'GO:0005488', 'GO:0005515', 'GO:0019899', 'GO:0003674'}"
GO:0043548,"{'GO:0005488', 'GO:0003674', 'GO:0005515'}"
GO:0019901,"{'GO:0019900', 'GO:0005488', 'GO:0019899', 'GO:0005515', 'GO:0003674'}"
GO:0031625,"{'GO:0005488', 'GO:0044389', 'GO:0019899', 'GO:0005515', 'GO:0003674'}"
GO:0051018,"{'GO:0005488', 'GO:0003674', 'GO:0005515'}"
GO:0097016,"{'GO:0005488', 'GO:0019904', 'GO:0005515', 'GO:0003674'}"
GO:0008092,"{'GO:0005488', 'GO:0003674', 'GO:0005515'}"
GO:0005198,{'GO:0003674'}
GO:0019955,"{'GO:0005488', 'GO:0003674', 'GO:0005515'}"
GO:0004713,"{'GO:0016773', 'GO:0003824', 'GO:0004672', 'GO:0003674', 'GO:0016772', 'GO:0016301', 'GO:0140096', 'GO:0016740'}"
GO:0042169,"{'GO:0005488', 'GO:0019904', 'GO:0005515', 'GO:0003674'}"
GO:0005020,"{'GO:0016773', 'GO:0140096', 'GO:0004713', 'GO:0003824', 'GO:0038023', 'GO:0003674', 'GO:0004672', 'GO:0004888', 'GO:0004714', 'GO:0060089', 'GO:0016772', 'GO:0016301', 'GO:0019199', 'GO:0016740'}"
GO:0004714,"{'GO:0016773', 'GO:0019199', 'GO:0038023', 'GO:0003674', 'GO:0004672', 'GO:0016772', 'GO:0016740', 'GO:0004713', 'GO:0003824', 'GO:0004888', 'GO:0060089', 'GO:0016301', 'GO:0140096'}"
GO:0003823,"{'GO:0005488', 'GO:0003674'}"
GO:0034987,"{'GO:0005488', 'GO:0005515', 'GO:0005102', 'GO:0003674'}"
GO:0030506,"{'GO:0005515', 'GO:0005488', 'GO:0008092', 'GO:0003674'}"
GO:0043395,"{'GO:0043394', 'GO:0005488', 'GO:0097367', 'GO:1901681', 'GO:0005515', 'GO:0003674'}"
GO:0008201,"{'GO:0005539', 'GO:0005488', 'GO:1901681', 'GO:0003674', 'GO:0097367'}"
GO:0004725,"{'GO:0004721', 'GO:0016791', 'GO:0016787', 'GO:0016788', 'GO:0003824', 'GO:0003674', 'GO:0042578', 'GO:0140096'}"
GO:0005102,"{'GO:0005488', 'GO:0003674', 'GO:0005515'}"
GO:0030507,"{'GO:0005488', 'GO:0044877', 'GO:0005515', 'GO:0008092', 'GO:0003674'}"
GO:0003779,"{'GO:0005515', 'GO:0005488', 'GO:0008092', 'GO:0003674'}"
GO:0017124,"{'GO:0005488', 'GO:0019904', 'GO:0005515', 'GO:0003674'}"
GO:0008083,"{'GO:0005488', 'GO:0005102', 'GO:0005515', 'GO:0098772', 'GO:0003674', 'GO:0048018', 'GO:0030546', 'GO:0030545'}"
GO:0005160,"{'GO:0005488', 'GO:0005102', 'GO:0005515', 'GO:0005126', 'GO:0003674'}"
GO:0016005,"{'GO:0008047', 'GO:0016004', 'GO:0003674', 'GO:0060229', 'GO:0098772', 'GO:0030234'}"
GO:0043130,"{'GO:0005488', 'GO:0005515', 'GO:0032182', 'GO:0003674'}"
GO:0003700,"{'GO:0140110', 'GO:0003674'}"
GO:0000977,"{'GO:0005488', 'GO:1990837', 'GO:1901363', 'GO:0003676', 'GO:0003674', 'GO:0001067', 'GO:0043565', 'GO:0000976', 'GO:0097159', 'GO:0003677', 'GO:0003690'}"
GO:0005201,"{'GO:0005198', 'GO:0003674'}"
GO:0042289,"{'GO:0005488', 'GO:0005102', 'GO:0042287', 'GO:0005515', 'GO:0003674'}"
GO:0048407,"{'GO:0005488', 'GO:0003674', 'GO:0005515', 'GO:0019838'}"
GO:0043394,"{'GO:0005488', 'GO:0097367', 'GO:0005515', 'GO:0003674'}"
GO:0004364,"{'GO:0003824', 'GO:0016765', 'GO:0016740', 'GO:0003674'}"
GO:0019003,"{'GO:0043168', 'GO:0001882', 'GO:0032550', 'GO:1901363', 'GO:0003674', 'GO:1901265', 'GO:0097367', 'GO:0097159', 'GO:0032561', 'GO:0000166', 'GO:0019001', 'GO:0005488', 'GO:0036094', 'GO:0017076', 'GO:0032555', 'GO:0043167', 'GO:0001883', 'GO:0032549', 'GO:0032553'}"
GO:0019002,"{'GO:0043168', 'GO:0001882', 'GO:0032550', 'GO:1901363', 'GO:0003674', 'GO:1901265', 'GO:0097367', 'GO:0097159', 'GO:0032561', 'GO:0000166', 'GO:0019001', 'GO:0005488', 'GO:0036094', 'GO:0017076', 'GO:0032555', 'GO:0043167', 'GO:0001883', 'GO:0032549', 'GO:0032553'}"
GO:0005525,"{'GO:0043168', 'GO:0001882', 'GO:0032550', 'GO:1901363', 'GO:0003674', 'GO:1901265', 'GO:0097367', 'GO:0097159', 'GO:0032561', 'GO:0000166', 'GO:0019001', 'GO:0005488', 'GO:0035639', 'GO:0036094', 'GO:0017076', 'GO:0032555', 'GO:0043167', 'GO:0001883', 'GO:0032549', 'GO:0032553'}"
GO:0003924,"{'GO:0016817', 'GO:0017111', 'GO:0016462', 'GO:0016787', 'GO:0003824', 'GO:0016818', 'GO:0003674'}"
GO:0030275,"{'GO:0005488', 'GO:0019904', 'GO:0005515', 'GO:0003674'}"
GO:0044877,"{'GO:0005488', 'GO:0003674'}"
GO:0070700,"{'GO:0005488', 'GO:0005102', 'GO:0033612', 'GO:0005515', 'GO:0070696', 'GO:0003674'}"
GO:0005125,"{'GO:0005488', 'GO:0005102', 'GO:0005515', 'GO:0098772', 'GO:0003674', 'GO:0048018', 'GO:0030546', 'GO:0030545'}"
GO:0004726,"{'GO:0004721', 'GO:0004725', 'GO:0016791', 'GO:0016787', 'GO:0016788', 'GO:0003824', 'GO:0003674', 'GO:0042578', 'GO:0140096'}"
GO:0004721,"{'GO:0016787', 'GO:0042578', 'GO:0140096', 'GO:0016791', 'GO:0016788', 'GO:0003824', 'GO:0003674'}"
GO:0016887,"{'GO:0016817', 'GO:0017111', 'GO:0016462', 'GO:0016787', 'GO:0003824', 'GO:0016818', 'GO:0003674'}"
GO:0008568,"{'GO:0017111', 'GO:0016462', 'GO:0016787', 'GO:0003824', 'GO:0016817', 'GO:0003674', 'GO:0016887', 'GO:0140096', 'GO:0016818'}"
GO:0008022,"{'GO:0005488', 'GO:0003674', 'GO:0005515'}"
GO:0004060,"{'GO:0016746', 'GO:0003824', 'GO:0003674', 'GO:0016407', 'GO:0008080', 'GO:0016747', 'GO:0016410', 'GO:0016740'}"
GO:0031730,"{'GO:0005488', 'GO:0005102', 'GO:0042379', 'GO:0005515', 'GO:0005126', 'GO:0003674', 'GO:0048020', 'GO:0001664'}"
GO:0005131,"{'GO:0005488', 'GO:0005102', 'GO:0005515', 'GO:0051427', 'GO:0005126', 'GO:0003674'}"
GO:0004715,"{'GO:0016773', 'GO:0004713', 'GO:0003824', 'GO:0004672', 'GO:0003674', 'GO:0016772', 'GO:0016301', 'GO:0140096', 'GO:0016740'}"
GO:0019903,"{'GO:0005488', 'GO:0019902', 'GO:0019899', 'GO:0005515', 'GO:0003674'}"
GO:0031072,"{'GO:0005488', 'GO:0003674', 'GO:0005515'}"
GO:0051059,"{'GO:0005488', 'GO:0008134', 'GO:0061629', 'GO:0005515', 'GO:0140297', 'GO:0003674'}"
GO:0071074,"{'GO:0005488', 'GO:0003674', 'GO:0005515', 'GO:0031369'}"
GO:0005092,"{'GO:0030695', 'GO:0030234', 'GO:0003674', 'GO:0098772', 'GO:0060589'}"
GO:0003743,"{'GO:0005488', 'GO:0003676', 'GO:0003674', 'GO:1901363', 'GO:0097159', 'GO:0008135', 'GO:0003723', 'GO:0045182', 'GO:0090079'}"
GO:0004222,"{'GO:0004175', 'GO:0008233', 'GO:0008237', 'GO:0003824', 'GO:0016787', 'GO:0003674', 'GO:0140096'}"
GO:0048306,"{'GO:0005488', 'GO:0003674', 'GO:0005515'}"
GO:0008017,"{'GO:0005488', 'GO:0005515', 'GO:0008092', 'GO:0015631', 'GO:0003674'}"
GO:0070180,"{'GO:0005488', 'GO:0003723', 'GO:0097159', 'GO:1901363', 'GO:0019843', 'GO:0003676', 'GO:0003674'}"
GO:1904841,"{'GO:0005488', 'GO:0044877', 'GO:0003674'}"
GO:0008656,"{'GO:0016505', 'GO:0016504', 'GO:0098772', 'GO:0003674', 'GO:0061134', 'GO:0043028', 'GO:0008047', 'GO:0030234'}"
GO:0030284,"{'GO:0003674', 'GO:0003707', 'GO:0060089', 'GO:0038023'}"
GO:0097162,"{'GO:0005488', 'GO:0019904', 'GO:0005515', 'GO:0003674'}"
GO:0004879,"{'GO:0003700', 'GO:0098531', 'GO:0140110', 'GO:0000981', 'GO:0003674'}"
GO:0008134,"{'GO:0005488', 'GO:0003674', 'GO:0005515'}"
GO:0000976,"{'GO:0005488', 'GO:1990837', 'GO:1901363', 'GO:0003676', 'GO:0003674', 'GO:0001067', 'GO:0043565', 'GO:0097159', 'GO:0003677', 'GO:0003690'}"
GO:0005521,"{'GO:0005488', 'GO:0003674', 'GO:0005515'}"
GO:0004704,"{'GO:0030234', 'GO:0098772', 'GO:0003674'}"
GO:0016791,"{'GO:0016788', 'GO:0042578', 'GO:0016787', 'GO:0003824', 'GO:0003674'}"
GO:0004722,"{'GO:0004721', 'GO:0016791', 'GO:0016787', 'GO:0016788', 'GO:0003824', 'GO:0003674', 'GO:0042578', 'GO:0140096'}"
GO:0003676,"{'GO:0005488', 'GO:0097159', 'GO:0003674', 'GO:1901363'}"
GO:0061630,"{'GO:0003824', 'GO:0061659', 'GO:0003674', 'GO:0019787', 'GO:0140096', 'GO:0016740', 'GO:0004842'}"
GO:0004842,"{'GO:0019787', 'GO:0140096', 'GO:0003824', 'GO:0016740', 'GO:0003674'}"
GO:0004031,"{'GO:0016491', 'GO:0016903', 'GO:0003824', 'GO:0016623', 'GO:0003674'}"
GO:0050660,"{'GO:0005488', 'GO:0036094', 'GO:0043168', 'GO:0003674', 'GO:1901363', 'GO:1901265', 'GO:0043167', 'GO:0097159', 'GO:0000166'}"
GO:0004497,"{'GO:0016491', 'GO:0003824', 'GO:0003674'}"
GO:0004499,"{'GO:0016705', 'GO:0016491', 'GO:0016709', 'GO:0004497', 'GO:0003824', 'GO:0003674'}"
GO:0016174,"{'GO:0050664', 'GO:0016491', 'GO:0016651', 'GO:0003824', 'GO:0003674'}"
GO:0050661,"{'GO:0005488', 'GO:1901265', 'GO:0036094', 'GO:0097159', 'GO:0000166', 'GO:0003674', 'GO:1901363'}"
GO:0003684,"{'GO:0005488', 'GO:0097159', 'GO:0003677', 'GO:0003674', 'GO:0003676', 'GO:1901363'}"
GO:0043024,"{'GO:0005488', 'GO:0043021', 'GO:0044877', 'GO:0003674'}"
GO:0004844,"{'GO:0016798', 'GO:0019104', 'GO:0097506', 'GO:0016787', 'GO:0003824', 'GO:0003674', 'GO:0016799', 'GO:0140097'}"
GO:0005522,"{'GO:0005488', 'GO:0003674', 'GO:0005515'}"
GO:0050699,"{'GO:0005488', 'GO:0019904', 'GO:0005515', 'GO:0003674'}"
GO:0047757,"{'GO:0003824', 'GO:0016857', 'GO:0016853', 'GO:0016854', 'GO:0003674'}"
GO:0008146,"{'GO:0016782', 'GO:0003824', 'GO:0016740', 'GO:0003674'}"
GO:0004377,"{'GO:0016757', 'GO:0004376', 'GO:0003824', 'GO:0003674', 'GO:0000026', 'GO:0000030', 'GO:0016758', 'GO:0016740'}"
GO:0005085,"{'GO:0030695', 'GO:0030234', 'GO:0003674', 'GO:0098772', 'GO:0060589'}"
GO:0030552,"{'GO:0043168', 'GO:0003674', 'GO:1901363', 'GO:1901265', 'GO:0097367', 'GO:0097159', 'GO:0000166', 'GO:0030551', 'GO:0005488', 'GO:0036094', 'GO:0017076', 'GO:0030554', 'GO:0032559', 'GO:0032555', 'GO:0043167', 'GO:0032553'}"
GO:0030553,"{'GO:0043168', 'GO:0003674', 'GO:1901363', 'GO:1901265', 'GO:0097367', 'GO:0032561', 'GO:0097159', 'GO:0000166', 'GO:0019001', 'GO:0030551', 'GO:0005488', 'GO:0036094', 'GO:0017076', 'GO:0032555', 'GO:0043167', 'GO:0032553'}"
GO:0005222,"{'GO:0005221', 'GO:0015276', 'GO:0003674', 'GO:0005215', 'GO:0005261', 'GO:0022836', 'GO:0015318', 'GO:0008324', 'GO:0015075', 'GO:0022803', 'GO:0005217', 'GO:0099094', 'GO:0005216', 'GO:0022834', 'GO:0022857', 'GO:0015267', 'GO:0043855', 'GO:0022890'}"
GO:0005223,"{'GO:0005221', 'GO:0015276', 'GO:0003674', 'GO:0005215', 'GO:0005261', 'GO:0022836', 'GO:0015318', 'GO:0008324', 'GO:0015075', 'GO:0022803', 'GO:0005217', 'GO:0099094', 'GO:0005216', 'GO:0022834', 'GO:0022857', 'GO:0015267', 'GO:0043855', 'GO:0022890'}"
GO:0005221,"{'GO:0015276', 'GO:0003674', 'GO:0005215', 'GO:0005261', 'GO:0022836', 'GO:0015318', 'GO:0015267', 'GO:0008324', 'GO:0015075', 'GO:0005217', 'GO:0099094', 'GO:0005216', 'GO:0022834', 'GO:0022857', 'GO:0022803', 'GO:0043855', 'GO:0022890'}"
GO:0005216,"{'GO:0015267', 'GO:0015075', 'GO:0003674', 'GO:0005215', 'GO:0015318', 'GO:0022857', 'GO:0022803'}"
GO:0005200,"{'GO:0005198', 'GO:0003674'}"
GO:0035091,"{'GO:0005488', 'GO:0008289', 'GO:0003674', 'GO:0005543'}"
GO:0034713,"{'GO:0005488', 'GO:0005102', 'GO:0005160', 'GO:0005515', 'GO:0005126', 'GO:0003674'}"
GO:0051393,"{'GO:0005488', 'GO:0042805', 'GO:0005515', 'GO:0008092', 'GO:0003674'}"
GO:0008289,"{'GO:0005488', 'GO:0003674'}"
GO:0005225,"{'GO:0015267', 'GO:0015103', 'GO:0015075', 'GO:0005253', 'GO:0008509', 'GO:0003674', 'GO:0005215', 'GO:0015318', 'GO:0005216', 'GO:0022857', 'GO:0022803'}"
GO:0015036,"{'GO:0016491', 'GO:0003824', 'GO:0016667', 'GO:0003674'}"
GO:0030619,"{'GO:0005488', 'GO:0097159', 'GO:1901363', 'GO:0003723', 'GO:0003676', 'GO:0017069', 'GO:0003674'}"
GO:0030620,"{'GO:0005488', 'GO:0097159', 'GO:1901363', 'GO:0003723', 'GO:0003676', 'GO:0017069', 'GO:0003674'}"
GO:0003729,"{'GO:0005488', 'GO:0097159', 'GO:0003674', 'GO:0003723', 'GO:0003676', 'GO:1901363'}"
GO:0071889,"{'GO:0005488', 'GO:0003674', 'GO:0005515'}"
GO:0005516,"{'GO:0005488', 'GO:0003674', 'GO:0005515'}"
GO:0005251,"{'GO:0005244', 'GO:0005267', 'GO:0005249', 'GO:0003674', 'GO:0005215', 'GO:0005261', 'GO:0022836', 'GO:0015318', 'GO:0022843', 'GO:0008324', 'GO:0015267', 'GO:0015075', 'GO:0022857', 'GO:0022832', 'GO:0046873', 'GO:0005216', 'GO:0015079', 'GO:0022803', 'GO:0022890'}"
GO:0044325,"{'GO:0005488', 'GO:0003674', 'GO:0005515'}"
GO:1902936,"{'GO:1901981', 'GO:0005488', 'GO:0003674', 'GO:0008289', 'GO:0035091', 'GO:0005543'}"
GO:0005249,"{'GO:0005244', 'GO:0005267', 'GO:0003674', 'GO:0005215', 'GO:0005261', 'GO:0022836', 'GO:0015079', 'GO:0015318', 'GO:0022843', 'GO:0008324', 'GO:0015075', 'GO:0022803', 'GO:0022832', 'GO:0046873', 'GO:0005216', 'GO:0022857', 'GO:0015267', 'GO:0022890'}"
GO:0019900,"{'GO:0005488', 'GO:0005515', 'GO:0019899', 'GO:0003674'}"
GO:0005518,"{'GO:0005488', 'GO:0044877', 'GO:0003674'}"
GO:0005178,"{'GO:0005488', 'GO:0005102', 'GO:0005515', 'GO:0003674', 'GO:0044877', 'GO:0050839'}"
GO:0043236,"{'GO:0005488', 'GO:0050840', 'GO:0005515', 'GO:0003674'}"
GO:0008237,"{'GO:0008233', 'GO:0140096', 'GO:0016787', 'GO:0003824', 'GO:0003674'}"
GO:0005080,"{'GO:0019900', 'GO:0005488', 'GO:0019899', 'GO:0019901', 'GO:0005515', 'GO:0003674'}"
GO:0005267,"{'GO:0015075', 'GO:0022803', 'GO:0046873', 'GO:0003674', 'GO:0005215', 'GO:0005261', 'GO:0015079', 'GO:0015318', 'GO:0005216', 'GO:0022857', 'GO:0015267', 'GO:0008324', 'GO:0022890'}"
GO:0030955,"{'GO:0005488', 'GO:0046872', 'GO:0043169', 'GO:0031420', 'GO:0043167', 'GO:0003674'}"
GO:0030544,"{'GO:0005488', 'GO:0005515', 'GO:0031072', 'GO:0003674'}"
GO:0051879,"{'GO:0005488', 'GO:0005515', 'GO:0031072', 'GO:0003674'}"
GO:0019894,"{'GO:0005515', 'GO:0005488', 'GO:0008092', 'GO:0003674'}"
GO:0005543,"{'GO:0005488', 'GO:0008289', 'GO:0003674'}"
GO:0051425,"{'GO:0005488', 'GO:0019904', 'GO:0005515', 'GO:0003674'}"
GO:0030159,"{'GO:0030674', 'GO:0060090', 'GO:0035591', 'GO:0003674'}"
GO:0017056,"{'GO:0005198', 'GO:0003674'}"
GO:0030145,"{'GO:0046914', 'GO:0005488', 'GO:0046872', 'GO:0043169', 'GO:0043167', 'GO:0003674'}"
GO:0070006,"{'GO:0008233', 'GO:0016787', 'GO:0003824', 'GO:0008237', 'GO:0003674', 'GO:0004177', 'GO:0008235', 'GO:0140096', 'GO:0008238'}"
GO:0004143,"{'GO:0016773', 'GO:0003824', 'GO:0003674', 'GO:0016772', 'GO:0016301', 'GO:0016740'}"
GO:0003951,"{'GO:0016773', 'GO:0003824', 'GO:0003674', 'GO:0016772', 'GO:0016301', 'GO:0016740'}"
GO:0043274,"{'GO:0005488', 'GO:0005515', 'GO:0019899', 'GO:0003674'}"
GO:0030297,"{'GO:0019209', 'GO:0030295', 'GO:0098772', 'GO:0003674', 'GO:0019207', 'GO:0030296', 'GO:0030546', 'GO:0019887', 'GO:0008047', 'GO:0030234', 'GO:0030545'}"
GO:0070139,"{'GO:0008234', 'GO:0004197', 'GO:0008233', 'GO:0004175', 'GO:0016929', 'GO:0016787', 'GO:0003824', 'GO:0003674', 'GO:0070137', 'GO:0019783', 'GO:0140096'}"
GO:0004679,"{'GO:0016773', 'GO:0004674', 'GO:0003824', 'GO:0004672', 'GO:0003674', 'GO:0016772', 'GO:0016301', 'GO:0140096', 'GO:0016740'}"
GO:0019899,"{'GO:0005488', 'GO:0003674', 'GO:0005515'}"
GO:0032266,"{'GO:1901981', 'GO:0005488', 'GO:0003674', 'GO:0008289', 'GO:0035091', 'GO:0005543'}"
GO:0070016,"{'GO:0005488', 'GO:0019904', 'GO:0005515', 'GO:0003674'}"
GO:0060090,{'GO:0003674'}
GO:0031434,"{'GO:0019900', 'GO:0005488', 'GO:0019899', 'GO:0019901', 'GO:0005515', 'GO:0003674'}"
GO:0038191,"{'GO:0005488', 'GO:0005515', 'GO:0005102', 'GO:0003674'}"
GO:0043138,"{'GO:0017111', 'GO:0016462', 'GO:0016787', 'GO:0003824', 'GO:0003678', 'GO:0004386', 'GO:0003674', 'GO:0016817', 'GO:0140097', 'GO:0016887', 'GO:0016818'}"
GO:0036310,"{'GO:0005488', 'GO:0097159', 'GO:0003674', 'GO:0003676', 'GO:0097617', 'GO:1901363'}"
GO:0000405,"{'GO:0005488', 'GO:0097159', 'GO:1901363', 'GO:0003677', 'GO:0000217', 'GO:0003676', 'GO:0003674'}"
GO:0009378,"{'GO:0017111', 'GO:0016462', 'GO:0016787', 'GO:0003824', 'GO:0003678', 'GO:0004386', 'GO:0003674', 'GO:0016817', 'GO:0140097', 'GO:0016887', 'GO:0016818'}"
GO:0032357,"{'GO:0005488', 'GO:0003676', 'GO:1901363', 'GO:0003674', 'GO:0097159', 'GO:0032356', 'GO:0003677', 'GO:0003684'}"
GO:0061821,"{'GO:0005488', 'GO:0000217', 'GO:0062037', 'GO:1901363', 'GO:0003676', 'GO:0003674', 'GO:0097159', 'GO:0003677'}"
GO:0019869,"{'GO:0016247', 'GO:0098772', 'GO:0003674', 'GO:0016248', 'GO:0099106', 'GO:0008200', 'GO:0017081'}"
GO:0019870,"{'GO:0016247', 'GO:0098772', 'GO:0015459', 'GO:0003674', 'GO:0016248', 'GO:0099106', 'GO:0008200'}"
GO:0008080,"{'GO:0016746', 'GO:0003824', 'GO:0003674', 'GO:0016407', 'GO:0016747', 'GO:0016410', 'GO:0016740'}"
GO:0043022,"{'GO:0005488', 'GO:0043021', 'GO:0044877', 'GO:0003674'}"
GO:0020037,"{'GO:0005488', 'GO:0046906', 'GO:0097159', 'GO:1901363', 'GO:0003674'}"
GO:0015232,"{'GO:0005215', 'GO:0015075', 'GO:0022857', 'GO:0008509', 'GO:0003674'}"
GO:0046983,"{'GO:0005488', 'GO:0003674', 'GO:0005515'}"
GO:0003723,"{'GO:0005488', 'GO:0097159', 'GO:1901363', 'GO:0003674', 'GO:0003676'}"
GO:0005086,"{'GO:0030695', 'GO:0030234', 'GO:0003674', 'GO:0098772', 'GO:0060589'}"
GO:0005545,"{'GO:0005488', 'GO:0008289', 'GO:0005543', 'GO:0035091', 'GO:0003674'}"
GO:0005261,"{'GO:0015267', 'GO:0015075', 'GO:0022803', 'GO:0003674', 'GO:0005215', 'GO:0015318', 'GO:0005216', 'GO:0022857', 'GO:0008324', 'GO:0022890'}"
GO:0008425,"{'GO:0030580', 'GO:0016741', 'GO:0008168', 'GO:0008169', 'GO:0003824', 'GO:0003674', 'GO:0008757', 'GO:0016740'}"
GO:0008689,"{'GO:0008171', 'GO:0016741', 'GO:0008168', 'GO:0003824', 'GO:0003674', 'GO:0008757', 'GO:0061542', 'GO:0016740'}"
GO:0004395,"{'GO:0008757', 'GO:0016740', 'GO:0016741', 'GO:0008168', 'GO:0003824', 'GO:0010420', 'GO:0003674'}"
GO:0008171,"{'GO:0016741', 'GO:0008168', 'GO:0003824', 'GO:0016740', 'GO:0003674'}"
GO:0008349,"{'GO:0016773', 'GO:0004674', 'GO:0003824', 'GO:0004672', 'GO:0003674', 'GO:0016772', 'GO:0016301', 'GO:0140096', 'GO:0016740'}"
GO:0030306,"{'GO:0005488', 'GO:0019899', 'GO:0005515', 'GO:0051020', 'GO:0003674'}"
GO:0017137,"{'GO:0005488', 'GO:0019899', 'GO:0005515', 'GO:0051020', 'GO:0003674'}"
GO:0047631,"{'GO:0016462', 'GO:0016818', 'GO:0016787', 'GO:0003824', 'GO:0016817', 'GO:0003674'}"
GO:0004370,"{'GO:0016773', 'GO:0003824', 'GO:0003674', 'GO:0016772', 'GO:0016301', 'GO:0016740'}"
GO:0016773,"{'GO:0016772', 'GO:0003824', 'GO:0016740', 'GO:0003674'}"
GO:0061665,"{'GO:0003824', 'GO:0061659', 'GO:0003674', 'GO:0019789', 'GO:0019787', 'GO:0140096', 'GO:0016740'}"
GO:0004407,"{'GO:0019213', 'GO:0016811', 'GO:0016787', 'GO:0003824', 'GO:0003674', 'GO:0033558', 'GO:0140096', 'GO:0016810'}"
GO:0032041,"{'GO:0019213', 'GO:0004407', 'GO:0034979', 'GO:0003674', 'GO:0016810', 'GO:0031078', 'GO:0016811', 'GO:0016787', 'GO:0003824', 'GO:0017136', 'GO:0033558', 'GO:0140096'}"
GO:0033558,"{'GO:0019213', 'GO:0016787', 'GO:0003824', 'GO:0003674', 'GO:0140096'}"
GO:0070491,"{'GO:0005488', 'GO:0008134', 'GO:0005515', 'GO:0140297', 'GO:0003674'}"
GO:0008253,"{'GO:0016788', 'GO:0042578', 'GO:0016791', 'GO:0016787', 'GO:0003824', 'GO:0008252', 'GO:0003674'}"
GO:0003993,"{'GO:0016787', 'GO:0042578', 'GO:0016791', 'GO:0016788', 'GO:0003824', 'GO:0003674'}"
GO:0033265,"{'GO:0005488', 'GO:0043169', 'GO:0043167', 'GO:0003674'}"
GO:0052642,"{'GO:0016787', 'GO:0042578', 'GO:0016791', 'GO:0016788', 'GO:0003824', 'GO:0003674'}"
GO:0042131,"{'GO:0016788', 'GO:0003674', 'GO:0042578', 'GO:0016791', 'GO:0016787', 'GO:0003824', 'GO:0003993'}"
GO:0008013,"{'GO:0005488', 'GO:0003674', 'GO:0005515'}"
GO:0030374,"{'GO:0140110', 'GO:0003713', 'GO:0098772', 'GO:0003712', 'GO:0003674'}"
GO:0004386,"{'GO:0017111', 'GO:0016462', 'GO:0016787', 'GO:0003824', 'GO:0016817', 'GO:0003674', 'GO:0016887', 'GO:0016818'}"
GO:1990405,"{'GO:0005488', 'GO:0003823', 'GO:0005515', 'GO:0003674'}"
GO:0051539,"{'GO:0005488', 'GO:0051536', 'GO:0051540', 'GO:0003674'}"
GO:0017113,"{'GO:0016491', 'GO:0016627', 'GO:0016628', 'GO:0003824', 'GO:0003674'}"
GO:0004159,"{'GO:0016491', 'GO:0016627', 'GO:0016628', 'GO:0003824', 'GO:0003674'}"
GO:0071949,"{'GO:0005488', 'GO:0036094', 'GO:0043168', 'GO:0003674', 'GO:1901363', 'GO:1901265', 'GO:0043167', 'GO:0097159', 'GO:0050660', 'GO:0000166'}"
GO:0005506,"{'GO:0046914', 'GO:0005488', 'GO:0046872', 'GO:0043169', 'GO:0043167', 'GO:0003674'}"
GO:0051536,"{'GO:0005488', 'GO:0003674', 'GO:0051540'}"
GO:0002058,"{'GO:0002054', 'GO:0002061', 'GO:0005488', 'GO:0036094', 'GO:0097159', 'GO:0003674', 'GO:1901363'}"
GO:0031369,"{'GO:0005488', 'GO:0003674', 'GO:0005515'}"
GO:0004175,"{'GO:0008233', 'GO:0140096', 'GO:0016787', 'GO:0003824', 'GO:0003674'}"
GO:0008234,"{'GO:0008233', 'GO:0140096', 'GO:0016787', 'GO:0003824', 'GO:0003674'}"
GO:0004843,"{'GO:0008233', 'GO:0016787', 'GO:0003824', 'GO:0101005', 'GO:0008242', 'GO:0003674', 'GO:0140096'}"
GO:0004045,"{'GO:0140098', 'GO:0052689', 'GO:0016787', 'GO:0003824', 'GO:0016788', 'GO:0003674', 'GO:0140101'}"
GO:0016150,"{'GO:0008079', 'GO:0005488', 'GO:0003676', 'GO:0003674', 'GO:1901363', 'GO:0003747', 'GO:0097159', 'GO:0008135', 'GO:0003723', 'GO:0045182', 'GO:0090079'}"
GO:0035591,"{'GO:0003674', 'GO:0060090', 'GO:0030674'}"
GO:0008502,"{'GO:0004888', 'GO:0060089', 'GO:0004930', 'GO:0038023', 'GO:0003674'}"
GO:0001968,"{'GO:0005488', 'GO:0003674', 'GO:0005515'}"
GO:0005539,"{'GO:0005488', 'GO:0097367', 'GO:0003674'}"
GO:0015087,"{'GO:0015075', 'GO:0046873', 'GO:0003674', 'GO:0005215', 'GO:0015318', 'GO:0022857', 'GO:0008324', 'GO:0046915', 'GO:0022890'}"
GO:0005375,"{'GO:0015075', 'GO:0046873', 'GO:0003674', 'GO:0005215', 'GO:0015318', 'GO:0022857', 'GO:0008324', 'GO:0046915', 'GO:0022890'}"
GO:0022890,"{'GO:0015075', 'GO:0003674', 'GO:0005215', 'GO:0015318', 'GO:0022857', 'GO:0008324'}"
GO:0015095,"{'GO:0015075', 'GO:0046873', 'GO:0003674', 'GO:0005215', 'GO:0015318', 'GO:0022857', 'GO:0008324', 'GO:0022890'}"
GO:0005384,"{'GO:0015075', 'GO:0046873', 'GO:0003674', 'GO:0005215', 'GO:0015318', 'GO:0022857', 'GO:0008324', 'GO:0046915', 'GO:0022890'}"
GO:0015099,"{'GO:0015075', 'GO:0046873', 'GO:0003674', 'GO:0005215', 'GO:0015318', 'GO:0022857', 'GO:0008324', 'GO:0046915', 'GO:0022890'}"
GO:0015247,"{'GO:0140327', 'GO:0005319', 'GO:0003674', 'GO:0005215', 'GO:0005548', 'GO:0140303', 'GO:0140326'}"
GO:0035064,"{'GO:0005488', 'GO:0005515', 'GO:0140034', 'GO:0042393', 'GO:0003674', 'GO:0140030'}"
GO:0003756,"{'GO:0016853', 'GO:0003824', 'GO:0016860', 'GO:0140096', 'GO:0016864', 'GO:0003674'}"
GO:0016298,"{'GO:0016787', 'GO:0016788', 'GO:0003824', 'GO:0003674'}"
GO:0004806,"{'GO:0052689', 'GO:0016788', 'GO:0003824', 'GO:0016787', 'GO:0003674', 'GO:0016298'}"
GO:0030898,"{'GO:0017111', 'GO:0016462', 'GO:0016787', 'GO:0003824', 'GO:0016817', 'GO:0003674', 'GO:0016887', 'GO:0016818'}"
GO:0000146,"{'GO:0017111', 'GO:0016462', 'GO:0016787', 'GO:0003824', 'GO:0016817', 'GO:0003674', 'GO:0016818', 'GO:0003774'}"
GO:0004930,"{'GO:0004888', 'GO:0003674', 'GO:0060089', 'GO:0038023'}"
GO:0016779,"{'GO:0016772', 'GO:0003824', 'GO:0016740', 'GO:0003674'}"
GO:0030151,"{'GO:0046914', 'GO:0005488', 'GO:0046872', 'GO:0043169', 'GO:0043167', 'GO:0003674'}"
GO:0043546,"{'GO:0005488', 'GO:0097159', 'GO:0003674', 'GO:1901363'}"
GO:0008940,"{'GO:0016491', 'GO:0003824', 'GO:0016661', 'GO:0003674'}"
GO:0030170,"{'GO:0005488', 'GO:0019842', 'GO:0036094', 'GO:0043168', 'GO:0003674', 'GO:1901363', 'GO:0070279', 'GO:0043167', 'GO:0097159'}"
GO:0035254,"{'GO:0005488', 'GO:0005515', 'GO:0005102', 'GO:0003674'}"
GO:0050080,"{'GO:0016829', 'GO:0016830', 'GO:0016831', 'GO:0003824', 'GO:0003674'}"
GO:0016831,"{'GO:0016829', 'GO:0003824', 'GO:0016830', 'GO:0003674'}"
GO:0008117,"{'GO:0016829', 'GO:0016830', 'GO:0003824', 'GO:0016832', 'GO:0003674'}"
GO:0050700,"{'GO:0005488', 'GO:0019904', 'GO:0005515', 'GO:0003674'}"
GO:0005212,"{'GO:0005198', 'GO:0003674'}"
GO:0047485,"{'GO:0005488', 'GO:0003674', 'GO:0005515'}"
GO:0044183,{'GO:0003674'}
GO:0051082,"{'GO:0005488', 'GO:0003674', 'GO:0005515'}"
GO:0016409,"{'GO:0016746', 'GO:0016747', 'GO:0003824', 'GO:0016740', 'GO:0003674'}"
GO:0019706,"{'GO:0016409', 'GO:0019707', 'GO:0016746', 'GO:0016417', 'GO:0003824', 'GO:0003674', 'GO:0016747', 'GO:0140096', 'GO:0016740'}"
GO:0004017,"{'GO:0016772', 'GO:0003824', 'GO:0003674', 'GO:0019205', 'GO:0016776', 'GO:0050145', 'GO:0016301', 'GO:0016740'}"
GO:0004127,"{'GO:0016772', 'GO:0003824', 'GO:0003674', 'GO:0019205', 'GO:0016776', 'GO:0050145', 'GO:0016301', 'GO:0016740'}"
GO:0004550,"{'GO:0003824', 'GO:0003674', 'GO:0019205', 'GO:0016776', 'GO:0016772', 'GO:0016301', 'GO:0016740'}"
GO:0004867,"{'GO:0030414', 'GO:0098772', 'GO:0003674', 'GO:0061134', 'GO:0061135', 'GO:0004866', 'GO:0030234', 'GO:0004857'}"
GO:0004857,"{'GO:0030234', 'GO:0098772', 'GO:0003674'}"
GO:1990275,"{'GO:0005488', 'GO:0043021', 'GO:0044877', 'GO:0003674'}"
GO:0070553,"{'GO:0004888', 'GO:0060089', 'GO:0004930', 'GO:0038023', 'GO:0003674'}"
GO:0001614,"{'GO:0016502', 'GO:0004888', 'GO:0060089', 'GO:0038023', 'GO:0003674'}"
GO:0046527,"{'GO:0003824', 'GO:0016757', 'GO:0016758', 'GO:0016740', 'GO:0003674'}"
GO:0035251,"{'GO:0016757', 'GO:0008194', 'GO:0003824', 'GO:0003674', 'GO:0046527', 'GO:0016758', 'GO:0016740'}"
GO:0035252,"{'GO:0016757', 'GO:0008194', 'GO:0003824', 'GO:0003674', 'GO:0016763', 'GO:0042285', 'GO:0016740'}"
GO:0030504,"{'GO:0005215', 'GO:0015103', 'GO:0015075', 'GO:0015318', 'GO:0022857', 'GO:0008509', 'GO:0003674'}"
GO:0005315,"{'GO:0003674', 'GO:0022804', 'GO:0005215', 'GO:0015291', 'GO:0015318', 'GO:0022857'}"
GO:0015114,"{'GO:0005215', 'GO:0015103', 'GO:0015075', 'GO:0015318', 'GO:0022857', 'GO:0008509', 'GO:0003674'}"
GO:0003887,"{'GO:0140097', 'GO:0034061', 'GO:0016772', 'GO:0016779', 'GO:0003824', 'GO:0016740', 'GO:0003674'}"
GO:0061751,"{'GO:0004767', 'GO:0016787', 'GO:0016788', 'GO:0003824', 'GO:0004620', 'GO:0003674', 'GO:0008081', 'GO:0042578', 'GO:0016298'}"
GO:0070300,"{'GO:0005488', 'GO:0043168', 'GO:0003674', 'GO:0005543', 'GO:0043167', 'GO:0008289'}"
GO:0004620,"{'GO:0003824', 'GO:0016788', 'GO:0016787', 'GO:0016298', 'GO:0003674'}"
GO:0004767,"{'GO:0016787', 'GO:0016788', 'GO:0003824', 'GO:0042578', 'GO:0003674', 'GO:0008081', 'GO:0004620', 'GO:0016298'}"
GO:0097110,"{'GO:0005488', 'GO:0003674', 'GO:0005515'}"
GO:0038023,"{'GO:0060089', 'GO:0003674'}"
GO:0043027,"{'GO:0030414', 'GO:0098772', 'GO:0003674', 'GO:0004869', 'GO:0061134', 'GO:0061135', 'GO:0004866', 'GO:0043028', 'GO:0030234', 'GO:0004857'}"
GO:0016208,"{'GO:0005488', 'GO:0043169', 'GO:0036094', 'GO:0017076', 'GO:0043168', 'GO:0030554', 'GO:0032559', 'GO:0003674', 'GO:1901363', 'GO:0032555', 'GO:1901265', 'GO:0097367', 'GO:0043167', 'GO:0097159', 'GO:0032553', 'GO:0000166'}"
GO:0042132,"{'GO:0050308', 'GO:0016791', 'GO:0016788', 'GO:0016787', 'GO:0003824', 'GO:0003674', 'GO:0042578', 'GO:0019203'}"
GO:0048029,"{'GO:0005488', 'GO:0030246', 'GO:0036094', 'GO:0003674'}"
GO:0015171,"{'GO:0015075', 'GO:0046943', 'GO:0008509', 'GO:0003674', 'GO:0005215', 'GO:0015318', 'GO:0022857', 'GO:0005342'}"
GO:0015187,"{'GO:0008509', 'GO:0003674', 'GO:0005215', 'GO:0015318', 'GO:0005342', 'GO:0008324', 'GO:0015179', 'GO:0015075', 'GO:0046943', 'GO:0015171', 'GO:0015175', 'GO:0022857', 'GO:0008514'}"
GO:0015180,"{'GO:0008509', 'GO:0003674', 'GO:0005215', 'GO:0015318', 'GO:0022858', 'GO:0005342', 'GO:0015179', 'GO:0008324', 'GO:0015075', 'GO:0046943', 'GO:0015171', 'GO:0015175', 'GO:0022857', 'GO:0008514'}"
GO:0015190,"{'GO:0008509', 'GO:0003674', 'GO:0005215', 'GO:0015318', 'GO:0005342', 'GO:0015179', 'GO:0008324', 'GO:0015075', 'GO:0015658', 'GO:0046943', 'GO:0015171', 'GO:0015175', 'GO:0022857', 'GO:0008514'}"
GO:0015175,"{'GO:0015075', 'GO:0046943', 'GO:0008509', 'GO:0003674', 'GO:0005215', 'GO:0015171', 'GO:0015318', 'GO:0022857', 'GO:0005342'}"
GO:0015349,"{'GO:0005215', 'GO:0015291', 'GO:0022804', 'GO:0022857', 'GO:0003674'}"
GO:0015125,"{'GO:0015075', 'GO:0008509', 'GO:0046943', 'GO:1901618', 'GO:0005319', 'GO:0003674', 'GO:0005215', 'GO:0015318', 'GO:0008028', 'GO:0022857', 'GO:0005342'}"
GO:0008514,"{'GO:0005215', 'GO:0015075', 'GO:0022857', 'GO:0008509', 'GO:0003674'}"
GO:0015347,"{'GO:0015075', 'GO:0008509', 'GO:0022804', 'GO:0003674', 'GO:0005215', 'GO:0015291', 'GO:0022853', 'GO:0022857', 'GO:0008514'}"
GO:0005244,"{'GO:0015267', 'GO:0015075', 'GO:0022832', 'GO:0003674', 'GO:0005215', 'GO:0022836', 'GO:0022857', 'GO:0022803'}"
GO:0005248,"{'GO:0015267', 'GO:0015075', 'GO:0015081', 'GO:0046873', 'GO:0003674', 'GO:0005215', 'GO:0005261', 'GO:0015318', 'GO:0005216', 'GO:0005272', 'GO:0022857', 'GO:0022803', 'GO:0008324', 'GO:0022890'}"
GO:0003727,"{'GO:0005488', 'GO:0097159', 'GO:0003674', 'GO:0003723', 'GO:0003676', 'GO:1901363'}"
GO:0005507,"{'GO:0046914', 'GO:0005488', 'GO:0046872', 'GO:0043169', 'GO:0043167', 'GO:0003674'}"
GO:0004784,"{'GO:0016491', 'GO:0016721', 'GO:0003824', 'GO:0016209', 'GO:0003674'}"
GO:0005254,"{'GO:0015267', 'GO:0015103', 'GO:0015075', 'GO:0005253', 'GO:0008509', 'GO:0003674', 'GO:0005215', 'GO:0015318', 'GO:0005216', 'GO:0015108', 'GO:0022857', 'GO:0022803'}"
GO:0005247,"{'GO:0005244', 'GO:0005253', 'GO:0008509', 'GO:0003674', 'GO:0005215', 'GO:0022836', 'GO:0015318', 'GO:0015267', 'GO:0015103', 'GO:0008308', 'GO:0015075', 'GO:0022832', 'GO:0005254', 'GO:0005216', 'GO:0015108', 'GO:0022857', 'GO:0022803'}"
GO:0015301,"{'GO:0015075', 'GO:0015297', 'GO:0140323', 'GO:0008509', 'GO:0022804', 'GO:0003674', 'GO:0005215', 'GO:0015291', 'GO:0022853', 'GO:0022857'}"
GO:0015106,"{'GO:0015075', 'GO:0008509', 'GO:0003674', 'GO:0005215', 'GO:0015318', 'GO:0022857', 'GO:0008514'}"
GO:0015108,"{'GO:0005215', 'GO:0015103', 'GO:0015075', 'GO:0015318', 'GO:0022857', 'GO:0008509', 'GO:0003674'}"
GO:0019531,"{'GO:0015075', 'GO:0046943', 'GO:0008509', 'GO:0003674', 'GO:0005215', 'GO:0015318', 'GO:0022857', 'GO:0005342', 'GO:0008514', 'GO:0005310'}"
GO:0008271,"{'GO:0015075', 'GO:0015103', 'GO:0008509', 'GO:0022804', 'GO:0003674', 'GO:0005215', 'GO:0015291', 'GO:1901682', 'GO:0015318', 'GO:0015116', 'GO:0022853', 'GO:0022857'}"
GO:0015116,"{'GO:0015103', 'GO:0015075', 'GO:0008509', 'GO:0003674', 'GO:0005215', 'GO:1901682', 'GO:0015318', 'GO:0022857'}"
GO:0001888,"{'GO:0016757', 'GO:0008375', 'GO:0008194', 'GO:0016758', 'GO:0003824', 'GO:0016740', 'GO:0003674'}"
GO:0016757,"{'GO:0003824', 'GO:0016740', 'GO:0003674'}"
GO:0043014,"{'GO:0005488', 'GO:0005515', 'GO:0008092', 'GO:0015631', 'GO:0003674'}"
GO:0048487,"{'GO:0005488', 'GO:0005515', 'GO:0008092', 'GO:0015631', 'GO:0003674'}"
GO:0043015,"{'GO:0005488', 'GO:0005515', 'GO:0008092', 'GO:0015631', 'GO:0003674'}"
GO:0004723,"{'GO:0004721', 'GO:0016791', 'GO:0016787', 'GO:0016788', 'GO:0003824', 'GO:0003674', 'GO:0004722', 'GO:0042578', 'GO:0140096'}"
GO:0019888,"{'GO:0030234', 'GO:0003674', 'GO:0098772', 'GO:0019208'}"
GO:0003916,"{'GO:0003824', 'GO:0140097', 'GO:0016853', 'GO:0003674'}"
GO:0003917,"{'GO:0016853', 'GO:0140097', 'GO:0003916', 'GO:0003824', 'GO:0003674'}"
GO:0015278,"{'GO:0005262', 'GO:0015276', 'GO:0003674', 'GO:0015085', 'GO:0005215', 'GO:0005261', 'GO:0022836', 'GO:0015318', 'GO:0008324', 'GO:0099604', 'GO:0015075', 'GO:0022803', 'GO:0005217', 'GO:0046873', 'GO:0099094', 'GO:0005216', 'GO:0022834', 'GO:0022857', 'GO:0015267', 'GO:0022890'}"
GO:0070679,"{'GO:0005488', 'GO:0036094', 'GO:0043178', 'GO:0043168', 'GO:0003674', 'GO:0043167'}"
GO:0005220,"{'GO:0015278', 'GO:0015276', 'GO:0003674', 'GO:0015085', 'GO:0005215', 'GO:0005261', 'GO:0022836', 'GO:0005216', 'GO:0015318', 'GO:0008324', 'GO:0015267', 'GO:0099604', 'GO:0015075', 'GO:0005217', 'GO:0046873', 'GO:0099094', 'GO:0005262', 'GO:0022834', 'GO:0022857', 'GO:0022803', 'GO:0022890'}"
GO:0001671,"{'GO:0003674', 'GO:0008047', 'GO:0060590', 'GO:0060589', 'GO:0098772', 'GO:0030234'}"
GO:0051087,"{'GO:0005488', 'GO:0003674', 'GO:0005515'}"
GO:0017162,"{'GO:0005488', 'GO:0005102', 'GO:0005515', 'GO:0140297', 'GO:0003674', 'GO:0008134', 'GO:0061629'}"
GO:0036004,"{'GO:0005488', 'GO:0019904', 'GO:0005515', 'GO:0003674'}"
GO:0003755,"{'GO:0140096', 'GO:0003824', 'GO:0016859', 'GO:0003674', 'GO:0016853'}"
GO:0035473,"{'GO:0005488', 'GO:0005515', 'GO:0019899', 'GO:0003674'}"
GO:0050750,"{'GO:0005488', 'GO:0070325', 'GO:0005102', 'GO:0005515', 'GO:0003674'}"
GO:0048019,"{'GO:0005488', 'GO:0005102', 'GO:0005515', 'GO:0030547', 'GO:0098772', 'GO:0003674', 'GO:0030545'}"
GO:0048018,"{'GO:0005488', 'GO:0005102', 'GO:0005515', 'GO:0098772', 'GO:0003674', 'GO:0030546', 'GO:0030545'}"
GO:0070326,"{'GO:0005488', 'GO:0070325', 'GO:0005102', 'GO:0005515', 'GO:0003674'}"
GO:0097602,"{'GO:0005488', 'GO:0003674', 'GO:0005515'}"
GO:0019902,"{'GO:0005488', 'GO:0005515', 'GO:0019899', 'GO:0003674'}"
GO:0016788,"{'GO:0016787', 'GO:0003824', 'GO:0003674'}"
GO:0032050,"{'GO:0005488', 'GO:0005515', 'GO:0030276', 'GO:0003674'}"
GO:0042277,"{'GO:0005488', 'GO:0003674', 'GO:0033218'}"
GO:0103046,"{'GO:0008233', 'GO:0016805', 'GO:0140096', 'GO:0016787', 'GO:0003824', 'GO:0008238', 'GO:0003674'}"
GO:0004180,"{'GO:0003824', 'GO:0008233', 'GO:0140096', 'GO:0016787', 'GO:0008238', 'GO:0003674'}"
GO:0102008,"{'GO:0003824', 'GO:0008233', 'GO:0140096', 'GO:0016787', 'GO:0008238', 'GO:0003674'}"
GO:0016805,"{'GO:0003824', 'GO:0008233', 'GO:0140096', 'GO:0016787', 'GO:0008238', 'GO:0003674'}"
GO:0070573,"{'GO:0008233', 'GO:0016805', 'GO:0016787', 'GO:0003824', 'GO:0008237', 'GO:0003674', 'GO:0008235', 'GO:0140096', 'GO:0008238'}"
GO:0008233,"{'GO:0003824', 'GO:0016787', 'GO:0140096', 'GO:0003674'}"
GO:0071933,"{'GO:0005488', 'GO:0044877', 'GO:0003674'}"
GO:0042562,"{'GO:0005488', 'GO:0003674'}"
GO:0047127,"{'GO:0016491', 'GO:0016646', 'GO:0016645', 'GO:0003824', 'GO:0003674'}"
GO:0070324,"{'GO:0005488', 'GO:0003674', 'GO:0042562'}"
GO:0045504,"{'GO:0005488', 'GO:0003674', 'GO:0005515'}"
GO:0003777,"{'GO:0017111', 'GO:0016462', 'GO:0016787', 'GO:0003824', 'GO:0016817', 'GO:0003674', 'GO:0016818', 'GO:0003774'}"
GO:0016597,"{'GO:0005488', 'GO:0043167', 'GO:0043168', 'GO:0003674', 'GO:0031406'}"
GO:0016403,"{'GO:0016810', 'GO:0016813', 'GO:0016787', 'GO:0003824', 'GO:0003674'}"
GO:0016813,"{'GO:0003674', 'GO:0016787', 'GO:0003824', 'GO:0016810'}"
GO:0043715,"{'GO:0003824', 'GO:0016860', 'GO:0016853', 'GO:0016862', 'GO:0003674'}"
GO:0043716,"{'GO:0016787', 'GO:0042578', 'GO:0016791', 'GO:0016788', 'GO:0003824', 'GO:0003674'}"
GO:0043874,"{'GO:0016787', 'GO:0042578', 'GO:0016791', 'GO:0016788', 'GO:0003824', 'GO:0003674'}"
GO:0032564,"{'GO:0032558', 'GO:0005488', 'GO:0036094', 'GO:0017076', 'GO:0043168', 'GO:0030554', 'GO:0032552', 'GO:0003674', 'GO:1901363', 'GO:1901265', 'GO:0032554', 'GO:0097367', 'GO:0097159', 'GO:0043167', 'GO:0000166'}"
GO:0004029,"{'GO:0004030', 'GO:0016620', 'GO:0016491', 'GO:0016903', 'GO:0003824', 'GO:0003674'}"
GO:0033721,"{'GO:0004030', 'GO:0016620', 'GO:0016491', 'GO:0016903', 'GO:0003824', 'GO:0003674'}"
GO:0004030,"{'GO:0016620', 'GO:0016491', 'GO:0016903', 'GO:0003824', 'GO:0003674'}"
GO:0016155,"{'GO:0016491', 'GO:0016646', 'GO:0016645', 'GO:0003824', 'GO:0003674'}"
GO:0016742,"{'GO:0016741', 'GO:0003824', 'GO:0016740', 'GO:0003674'}"
GO:0017022,"{'GO:0005515', 'GO:0005488', 'GO:0008092', 'GO:0003674'}"
GO:0009055,"{'GO:0016491', 'GO:0003824', 'GO:0003674'}"
GO:0015035,"{'GO:0015036', 'GO:0016491', 'GO:0003824', 'GO:0016667', 'GO:0003674'}"
GO:0047391,"{'GO:0016787', 'GO:0008081', 'GO:0042578', 'GO:0016788', 'GO:0003824', 'GO:0003674'}"
GO:0001664,"{'GO:0005488', 'GO:0005515', 'GO:0005102', 'GO:0003674'}"
GO:0031683,"{'GO:0005488', 'GO:0044877', 'GO:0003674'}"
GO:0031826,"{'GO:0005488', 'GO:0005102', 'GO:0005515', 'GO:0001664', 'GO:0031821', 'GO:0003674'}"
GO:0008144,"{'GO:0005488', 'GO:0003674'}"
GO:0043295,"{'GO:0005488', 'GO:0072341', 'GO:1901681', 'GO:1900750', 'GO:0043168', 'GO:0042277', 'GO:0003674', 'GO:0043167', 'GO:0033218'}"
GO:0017025,"{'GO:0140296', 'GO:0005488', 'GO:0008134', 'GO:0005515', 'GO:0003674'}"
GO:0000774,"{'GO:0005488', 'GO:0036094', 'GO:0017076', 'GO:0030554', 'GO:0098772', 'GO:0003674', 'GO:1901363', 'GO:1901265', 'GO:0097159', 'GO:0060590', 'GO:0000166', 'GO:0060589', 'GO:0030234'}"
GO:0055131,"{'GO:0005488', 'GO:0019904', 'GO:0005515', 'GO:0003674'}"
GO:0031249,"{'GO:0005488', 'GO:0003674', 'GO:0005515'}"
GO:0097718,"{'GO:0005488', 'GO:0019904', 'GO:0005515', 'GO:0003674'}"
GO:0051787,"{'GO:0005488', 'GO:0003674', 'GO:0005515'}"
GO:0031370,"{'GO:0005488', 'GO:0003674', 'GO:0005515', 'GO:0031369'}"
GO:0000340,"{'GO:0005488', 'GO:0000339', 'GO:0097159', 'GO:1901363', 'GO:0003723', 'GO:0003676', 'GO:0003674'}"
GO:0046899,"{'GO:0003824', 'GO:0003674', 'GO:0019205', 'GO:0016776', 'GO:0016772', 'GO:0016301', 'GO:0016740'}"
GO:0004862,"{'GO:0030291', 'GO:0019210', 'GO:0004860', 'GO:0098772', 'GO:0003674', 'GO:0019207', 'GO:0019887', 'GO:0008603', 'GO:0030234', 'GO:0004857'}"
GO:0008603,"{'GO:0019207', 'GO:0019887', 'GO:0030234', 'GO:0098772', 'GO:0003674'}"
GO:0034236,"{'GO:0019900', 'GO:0005488', 'GO:0019899', 'GO:0019901', 'GO:0005515', 'GO:0003674', 'GO:0051018'}"
GO:0031698,"{'GO:0005488', 'GO:0005102', 'GO:0005515', 'GO:0031690', 'GO:0001664', 'GO:0003674'}"
GO:0036094,"{'GO:0005488', 'GO:0003674'}"
GO:0004707,"{'GO:0016773', 'GO:0004674', 'GO:0003824', 'GO:0004672', 'GO:0003674', 'GO:0016772', 'GO:0016301', 'GO:0140096', 'GO:0016740'}"
GO:0004708,"{'GO:0016773', 'GO:0004712', 'GO:0003824', 'GO:0004672', 'GO:0003674', 'GO:0016772', 'GO:0016301', 'GO:0140096', 'GO:0016740'}"
GO:0001784,"{'GO:0005488', 'GO:0005515', 'GO:0051219', 'GO:0045309', 'GO:0003674'}"
GO:0031687,"{'GO:0005488', 'GO:0005102', 'GO:0031685', 'GO:0001664', 'GO:0005515', 'GO:0003674'}"
GO:0031802,"{'GO:0035256', 'GO:0005488', 'GO:0005102', 'GO:0005515', 'GO:0035254', 'GO:0001664', 'GO:0003674'}"
GO:0016407,"{'GO:0016746', 'GO:0016747', 'GO:0003824', 'GO:0016740', 'GO:0003674'}"
GO:0043754,"{'GO:0016746', 'GO:0016747', 'GO:0003824', 'GO:0016740', 'GO:0003674'}"
GO:0031405,"{'GO:0043177', 'GO:0005488', 'GO:0036094', 'GO:1901681', 'GO:0043168', 'GO:0003674', 'GO:1901363', 'GO:0043167', 'GO:0097159', 'GO:0005504', 'GO:0008289', 'GO:0033293', 'GO:0031406'}"
GO:0034604,"{'GO:0016620', 'GO:0016491', 'GO:0004738', 'GO:0034603', 'GO:0016903', 'GO:0003824', 'GO:0003674'}"
GO:0016746,"{'GO:0003824', 'GO:0016740', 'GO:0003674'}"
GO:1901612,"{'GO:0005488', 'GO:0043167', 'GO:1901611', 'GO:0043168', 'GO:0008289', 'GO:0005543', 'GO:0003674'}"
GO:0004306,"{'GO:0070567', 'GO:0016772', 'GO:0016779', 'GO:0003824', 'GO:0016740', 'GO:0003674'}"
GO:0004615,"{'GO:0016866', 'GO:0003824', 'GO:0016868', 'GO:0016853', 'GO:0003674'}"
GO:0010181,"{'GO:0005488', 'GO:0036094', 'GO:0043168', 'GO:0003674', 'GO:1901363', 'GO:1901265', 'GO:0097367', 'GO:0043167', 'GO:0097159', 'GO:0032553', 'GO:0000166'}"
GO:0004733,"{'GO:0016491', 'GO:0016638', 'GO:0003824', 'GO:0016641', 'GO:0003674'}"
GO:0043425,"{'GO:0005488', 'GO:0008134', 'GO:0005515', 'GO:0140297', 'GO:0003674'}"
GO:0003690,"{'GO:0005488', 'GO:0097159', 'GO:0003677', 'GO:0003674', 'GO:0003676', 'GO:1901363'}"
GO:0003691,"{'GO:0005488', 'GO:1901363', 'GO:0003676', 'GO:0003674', 'GO:0043565', 'GO:0097159', 'GO:0003677', 'GO:0003690', 'GO:0042162'}"
GO:0032422,"{'GO:0005488', 'GO:1990837', 'GO:1901363', 'GO:0003676', 'GO:0003674', 'GO:0001067', 'GO:0043565', 'GO:0000976', 'GO:0097159', 'GO:0003677', 'GO:0003690'}"
GO:0003697,"{'GO:0005488', 'GO:0097159', 'GO:0003677', 'GO:0003674', 'GO:0003676', 'GO:1901363'}"
GO:0000900,"{'GO:0005488', 'GO:0003676', 'GO:0003674', 'GO:1901363', 'GO:0030371', 'GO:0097159', 'GO:0045182', 'GO:0090079'}"
GO:0051117,"{'GO:0005488', 'GO:0005515', 'GO:0019899', 'GO:0003674'}"
GO:0051021,"{'GO:0005488', 'GO:0003674', 'GO:0005515'}"
GO:0030742,"{'GO:0005488', 'GO:0003674', 'GO:0005515'}"
GO:0031489,"{'GO:0005488', 'GO:0005515', 'GO:0008092', 'GO:0017022', 'GO:0003674'}"
GO:0008094,"{'GO:0017111', 'GO:0016462', 'GO:0016787', 'GO:0003824', 'GO:0016817', 'GO:0003674', 'GO:0016887', 'GO:0016818'}"
GO:0043139,"{'GO:0017111', 'GO:0016462', 'GO:0016787', 'GO:0003824', 'GO:0003678', 'GO:0004386', 'GO:0003674', 'GO:0016817', 'GO:0140097', 'GO:0016887', 'GO:0016818'}"
GO:0043531,"{'GO:0005488', 'GO:0036094', 'GO:0017076', 'GO:0043168', 'GO:0030554', 'GO:0032559', 'GO:0003674', 'GO:1901363', 'GO:0032555', 'GO:1901265', 'GO:0097367', 'GO:0043167', 'GO:0097159', 'GO:0032553', 'GO:0000166'}"
GO:0031490,"{'GO:0005488', 'GO:0097159', 'GO:0003677', 'GO:0003674', 'GO:0003676', 'GO:0003682', 'GO:1901363'}"
GO:0003678,"{'GO:0017111', 'GO:0016462', 'GO:0016787', 'GO:0003824', 'GO:0004386', 'GO:0003674', 'GO:0016817', 'GO:0140097', 'GO:0016887', 'GO:0016818'}"
GO:0000979,"{'GO:0001046', 'GO:0000977', 'GO:1901363', 'GO:0003676', 'GO:0003674', 'GO:0001067', 'GO:0097159', 'GO:0003690', 'GO:0005488', 'GO:1990837', 'GO:0043565', 'GO:0000976', 'GO:0003677'}"
GO:0001094,"{'GO:0005488', 'GO:0005515', 'GO:0001099', 'GO:0003674', 'GO:0140296', 'GO:0044877', 'GO:0008134', 'GO:0001098', 'GO:0001091'}"
GO:0004647,"{'GO:0016787', 'GO:0042578', 'GO:0016791', 'GO:0016788', 'GO:0003824', 'GO:0003674'}"
GO:0004757,"{'GO:0016491', 'GO:0016614', 'GO:0003824', 'GO:0016616', 'GO:0003674'}"
GO:0008553,"{'GO:0015078', 'GO:0015662', 'GO:0022804', 'GO:0003674', 'GO:0005215', 'GO:0042625', 'GO:0019829', 'GO:0015318', 'GO:0008324', 'GO:0015075', 'GO:0009678', 'GO:0042626', 'GO:0015399', 'GO:0022853', 'GO:0022857', 'GO:0022890'}"
GO:0046961,"{'GO:0015078', 'GO:0022804', 'GO:0003674', 'GO:0005215', 'GO:0019829', 'GO:0042625', 'GO:0015318', 'GO:0008324', 'GO:0015075', 'GO:0044769', 'GO:0009678', 'GO:0042626', 'GO:0015399', 'GO:0022853', 'GO:0022857', 'GO:0022890'}"
