GO:0015629,"{'GO:0005622', 'GO:0043228', 'GO:0043232', 'GO:0005575', 'GO:0005856', 'GO:0043226', 'GO:0043229', 'GO:0110165'}"
GO:0044291,"{'GO:0005911', 'GO:0070161', 'GO:0110165', 'GO:0030054', 'GO:0005575'}"
GO:0005911,"{'GO:0030054', 'GO:0070161', 'GO:0005575', 'GO:0110165'}"
GO:0043034,"{'GO:0005575', 'GO:0110165'}"
GO:0005737,"{'GO:0005575', 'GO:0110165'}"
GO:0005829,"{'GO:0005575', 'GO:0110165'}"
GO:0070062,"{'GO:0043226', 'GO:1903561', 'GO:0043227', 'GO:0031982', 'GO:0043230', 'GO:0005575', 'GO:0110165'}"
GO:0005634,"{'GO:0043226', 'GO:0043231', 'GO:0110165', 'GO:0043227', 'GO:0005622', 'GO:0043229', 'GO:0005575'}"
GO:0005886,"{'GO:0110165', 'GO:0005575', 'GO:0016020'}"
GO:0042383,"{'GO:0005886', 'GO:0005575', 'GO:0110165', 'GO:0016020'}"
GO:0031982,"{'GO:0043226', 'GO:0005575', 'GO:0043227', 'GO:0110165'}"
GO:0000786,"{'GO:0044815', 'GO:0032993', 'GO:0005575', 'GO:0032991'}"
GO:0030054,"{'GO:0005575', 'GO:0110165'}"
GO:0001726,"{'GO:0120025', 'GO:0005575', 'GO:0110165', 'GO:0042995'}"
GO:0030018,"{'GO:0005575', 'GO:0110165'}"
GO:0072546,"{'GO:0140534', 'GO:0098796', 'GO:0005575', 'GO:0032991'}"
GO:0016021,"{'GO:0031224', 'GO:0110165', 'GO:0005575'}"
GO:0001533,"{'GO:0005886', 'GO:0005575', 'GO:0110165', 'GO:0016020'}"
GO:0005882,"{'GO:0099512', 'GO:0099081', 'GO:0099513', 'GO:0005575', 'GO:0110165', 'GO:0099080'}"
GO:0022625,"{'GO:1990904', 'GO:0044391', 'GO:0015934', 'GO:0005575', 'GO:0032991'}"
GO:0045121,"{'GO:0098857', 'GO:0005575', 'GO:0110165', 'GO:0016020'}"
GO:0005938,"{'GO:0005737', 'GO:0110165', 'GO:0005575'}"
GO:0005856,"{'GO:0043226', 'GO:0110165', 'GO:0005622', 'GO:0043229', 'GO:0043228', 'GO:0043232', 'GO:0005575'}"
GO:0048471,"{'GO:0005575', 'GO:0110165'}"
GO:0005730,"{'GO:0043226', 'GO:0110165', 'GO:0005622', 'GO:0043229', 'GO:0043228', 'GO:0043232', 'GO:0005575'}"
GO:0005654,"{'GO:0005575', 'GO:0110165'}"
GO:0005887,"{'GO:0005575', 'GO:0031224', 'GO:0031226', 'GO:0016021', 'GO:0110165'}"
GO:0045202,"{'GO:0030054', 'GO:0110165', 'GO:0005575'}"
GO:0034704,"{'GO:0005575', 'GO:0034703', 'GO:1990351', 'GO:0098796', 'GO:0034702', 'GO:1902495', 'GO:0032991'}"
GO:0030659,"{'GO:0110165', 'GO:0016020', 'GO:0031090', 'GO:0005575', 'GO:0012506'}"
GO:0005783,"{'GO:0043226', 'GO:0043231', 'GO:0110165', 'GO:0043227', 'GO:0005622', 'GO:0043229', 'GO:0005575'}"
GO:0030314,"{'GO:0005575', 'GO:0032991'}"
GO:0033017,"{'GO:0005575', 'GO:0098588', 'GO:0005789', 'GO:0016020', 'GO:0031090', 'GO:0110165'}"
GO:0005790,"{'GO:0005622', 'GO:0005575', 'GO:0043226', 'GO:0043231', 'GO:0043227', 'GO:0043229', 'GO:0005783', 'GO:0110165'}"
GO:0000502,"{'GO:1905368', 'GO:1902494', 'GO:0140535', 'GO:1905369', 'GO:0005575', 'GO:0032991'}"
GO:0016020,"{'GO:0005575', 'GO:0110165'}"
GO:0032991,{'GO:0005575'}
GO:0031594,"{'GO:0045202', 'GO:0030054', 'GO:0005575', 'GO:0110165'}"
GO:0000781,"{'GO:0098687', 'GO:0110165', 'GO:0005575'}"
GO:0030870,"{'GO:0032991', 'GO:0005575', 'GO:0140513'}"
GO:0005747,"{'GO:0098798', 'GO:0098803', 'GO:0005575', 'GO:0032991', 'GO:0098800', 'GO:1902494', 'GO:0030964', 'GO:1990204', 'GO:0098796', 'GO:0045271'}"
GO:0043292,"{'GO:0005622', 'GO:0043228', 'GO:0099512', 'GO:0099081', 'GO:0043232', 'GO:0005575', 'GO:0099080', 'GO:0043226', 'GO:0043229', 'GO:0110165'}"
GO:0030016,"{'GO:0043292', 'GO:0005622', 'GO:0043228', 'GO:0099512', 'GO:0099081', 'GO:0043232', 'GO:0005575', 'GO:0099080', 'GO:0043226', 'GO:0043229', 'GO:0110165'}"
GO:0005865,"{'GO:0110165', 'GO:0005575', 'GO:0036379'}"
GO:0008180,"{'GO:0032991', 'GO:0005575', 'GO:0140513'}"
GO:0005795,"{'GO:0098791', 'GO:0005575', 'GO:0110165', 'GO:0031984'}"
GO:0005794,"{'GO:0043226', 'GO:0043231', 'GO:0110165', 'GO:0043227', 'GO:0005622', 'GO:0043229', 'GO:0005575'}"
GO:0030176,"{'GO:0031227', 'GO:0005575', 'GO:0031224', 'GO:0031300', 'GO:0031301', 'GO:0016021', 'GO:0110165'}"
GO:0005868,"{'GO:1902494', 'GO:0005875', 'GO:0030286', 'GO:0005575', 'GO:0032991'}"
GO:0000276,"{'GO:0033177', 'GO:0098798', 'GO:0045263', 'GO:0098800', 'GO:0005575', 'GO:0032991', 'GO:0098796'}"
GO:0098793,"{'GO:0005575', 'GO:0110165'}"
GO:0005741,"{'GO:0019867', 'GO:0005575', 'GO:0031968', 'GO:0031966', 'GO:0098588', 'GO:0016020', 'GO:0031090', 'GO:0110165'}"
GO:0005615,"{'GO:0005575', 'GO:0110165'}"
GO:0031838,"{'GO:0005575', 'GO:0032991'}"
GO:0005833,"{'GO:0005575', 'GO:0032991'}"
GO:0016471,"{'GO:0016469', 'GO:0098796', 'GO:0032991', 'GO:0005575', 'GO:0033176'}"
GO:0005604,"{'GO:0110165', 'GO:0062023', 'GO:0030312', 'GO:0031012', 'GO:0005575'}"
GO:0005768,"{'GO:0043226', 'GO:0097708', 'GO:0110165', 'GO:0043227', 'GO:0031982', 'GO:0031410', 'GO:0005575'}"
GO:0005739,"{'GO:0043226', 'GO:0043231', 'GO:0110165', 'GO:0043227', 'GO:0005622', 'GO:0043229', 'GO:0005575'}"
GO:0031012,"{'GO:0110165', 'GO:0005575', 'GO:0030312'}"
GO:0030424,"{'GO:0120025', 'GO:0110165', 'GO:0043005', 'GO:0042995', 'GO:0005575'}"
GO:0043194,"{'GO:0005575', 'GO:0110165'}"
GO:0014704,"{'GO:0005911', 'GO:0070161', 'GO:0044291', 'GO:0030054', 'GO:0005575', 'GO:0110165'}"
GO:0031226,"{'GO:0031224', 'GO:0110165', 'GO:0005575'}"
GO:0043005,"{'GO:0120025', 'GO:0005575', 'GO:0110165', 'GO:0042995'}"
GO:0033268,"{'GO:0005575', 'GO:0110165'}"
GO:0033270,"{'GO:0005575', 'GO:0110165'}"
GO:0034706,"{'GO:0005575', 'GO:0034703', 'GO:1990351', 'GO:0098796', 'GO:0034702', 'GO:1902495', 'GO:0032991'}"
GO:0030315,"{'GO:0005575', 'GO:0110165'}"
GO:0001518,"{'GO:0034703', 'GO:1990351', 'GO:0005575', 'GO:0032991', 'GO:1902495', 'GO:0034706', 'GO:0098797', 'GO:0098796', 'GO:0034702'}"
GO:1990904,"{'GO:0005575', 'GO:0032991'}"
GO:0015935,"{'GO:1990904', 'GO:0044391', 'GO:0005575', 'GO:0032991'}"
GO:0002102,"{'GO:0043226', 'GO:0110165', 'GO:0005622', 'GO:0043229', 'GO:0043228', 'GO:0043232', 'GO:0005575'}"
GO:0005681,"{'GO:1990904', 'GO:0140513', 'GO:0005575', 'GO:0032991'}"
GO:0005874,"{'GO:0099512', 'GO:0099081', 'GO:0099513', 'GO:0005575', 'GO:0110165', 'GO:0099080'}"
GO:0031045,"{'GO:0099503', 'GO:0031410', 'GO:0005575', 'GO:0043226', 'GO:0097708', 'GO:0043227', 'GO:0031982', 'GO:0030141', 'GO:0110165'}"
GO:0016459,"{'GO:0005575', 'GO:0032991'}"
GO:0030008,"{'GO:0099023', 'GO:0140535', 'GO:0005575', 'GO:0032991'}"
GO:0045252,"{'GO:1990234', 'GO:0005575', 'GO:0045239', 'GO:0032991', 'GO:1902494', 'GO:0045240', 'GO:1990204'}"
GO:0005925,"{'GO:0070161', 'GO:0110165', 'GO:0030054', 'GO:0030055', 'GO:0005575'}"
GO:0000777,"{'GO:0005622', 'GO:0043228', 'GO:0000776', 'GO:0043232', 'GO:0005575', 'GO:0099080', 'GO:0043226', 'GO:0043229', 'GO:0110165'}"
GO:0005881,"{'GO:0099081', 'GO:0110165', 'GO:0005874', 'GO:0099512', 'GO:0099513', 'GO:0005575', 'GO:0099080'}"
GO:0005828,"{'GO:0110165', 'GO:0005874', 'GO:0099081', 'GO:0099512', 'GO:0005575', 'GO:0099080', 'GO:0099513', 'GO:0005876'}"
GO:0005815,"{'GO:0005575', 'GO:0110165'}"
GO:0008076,"{'GO:0034703', 'GO:1990351', 'GO:0005575', 'GO:0032991', 'GO:1902495', 'GO:0098796', 'GO:0098797', 'GO:0034705', 'GO:0034702'}"
GO:0005758,"{'GO:0070013', 'GO:0043233', 'GO:0110165', 'GO:0031974', 'GO:0031970', 'GO:0005575'}"
GO:0005680,"{'GO:1990234', 'GO:0000151', 'GO:0140513', 'GO:0031461', 'GO:0005575', 'GO:0032991', 'GO:1902494', 'GO:0140535', 'GO:0000152'}"
GO:0005576,"{'GO:0005575', 'GO:0110165'}"
GO:0030015,"{'GO:0005575', 'GO:0032991'}"
GO:0005789,"{'GO:0005575', 'GO:0031090', 'GO:0110165', 'GO:0016020'}"
GO:0044233,"{'GO:0110165', 'GO:0044232', 'GO:0005575'}"
GO:0005743,"{'GO:0005575', 'GO:0031966', 'GO:0016020', 'GO:0019866', 'GO:0031090', 'GO:0110165'}"
GO:0070469,"{'GO:0005575', 'GO:0110165'}"
GO:0005802,"{'GO:0098791', 'GO:0005575', 'GO:0110165', 'GO:0031984'}"
GO:0005840,"{'GO:0043226', 'GO:0110165', 'GO:0005622', 'GO:0043229', 'GO:0043228', 'GO:0043232', 'GO:0005575'}"
GO:0005814,"{'GO:0043226', 'GO:0110165', 'GO:0005622', 'GO:0043229', 'GO:0043228', 'GO:0043232', 'GO:0005575'}"
GO:0005813,"{'GO:0110165', 'GO:0005575', 'GO:0005815'}"
GO:0097539,"{'GO:0005575', 'GO:0032991'}"
GO:0030658,"{'GO:0005575', 'GO:0030659', 'GO:0098588', 'GO:0016020', 'GO:0031090', 'GO:0110165', 'GO:0012506'}"
GO:0034045,"{'GO:0110165', 'GO:0005575', 'GO:0016020'}"
GO:0010008,"{'GO:0098588', 'GO:0110165', 'GO:0016020', 'GO:0031090', 'GO:0005575'}"
GO:0030904,"{'GO:0098796', 'GO:0005575', 'GO:0032991'}"
GO:0090498,"{'GO:0005575', 'GO:0110165', 'GO:0019898', 'GO:0031312'}"
GO:0043679,"{'GO:0098793', 'GO:0005575', 'GO:0110165', 'GO:0044306'}"
GO:0044308,"{'GO:0120025', 'GO:0043005', 'GO:0042995', 'GO:0044309', 'GO:0005575', 'GO:0110165'}"
GO:0031410,"{'GO:0043226', 'GO:0097708', 'GO:0043227', 'GO:0031982', 'GO:0005575', 'GO:0110165'}"
GO:0030425,"{'GO:0120025', 'GO:0110165', 'GO:0043005', 'GO:0042995', 'GO:0005575'}"
GO:0005769,"{'GO:0031410', 'GO:0005575', 'GO:0043226', 'GO:0005768', 'GO:0097708', 'GO:0043227', 'GO:0031982', 'GO:0110165'}"
GO:0031901,"{'GO:0005575', 'GO:0098588', 'GO:0016020', 'GO:0031090', 'GO:0110165', 'GO:0010008'}"
GO:0043231,"{'GO:0005622', 'GO:0005575', 'GO:0043226', 'GO:0043227', 'GO:0043229', 'GO:0110165'}"
GO:0005770,"{'GO:0031410', 'GO:0005575', 'GO:0043226', 'GO:0005768', 'GO:0097708', 'GO:0043227', 'GO:0031982', 'GO:0110165'}"
GO:0055037,"{'GO:0031410', 'GO:0005575', 'GO:0043226', 'GO:0005768', 'GO:0097708', 'GO:0043227', 'GO:0031982', 'GO:0110165'}"
GO:0055038,"{'GO:0005575', 'GO:0098588', 'GO:0016020', 'GO:0031090', 'GO:0110165', 'GO:0010008'}"
GO:0000790,"{'GO:0005575', 'GO:0110165'}"
GO:0031966,"{'GO:0005575', 'GO:0031090', 'GO:0110165', 'GO:0016020'}"
GO:0005901,"{'GO:0045121', 'GO:0044853', 'GO:0098857', 'GO:0016020', 'GO:0098590', 'GO:0005575', 'GO:0110165'}"
GO:0033116,"{'GO:0098588', 'GO:0110165', 'GO:0016020', 'GO:0031090', 'GO:0005575'}"
GO:0000139,"{'GO:0098588', 'GO:0110165', 'GO:0016020', 'GO:0031090', 'GO:0005575'}"
GO:0016011,"{'GO:0098796', 'GO:0032991', 'GO:0005575', 'GO:0098797'}"
GO:0045211,"{'GO:0097060', 'GO:0110165', 'GO:0016020', 'GO:0098590', 'GO:0005575'}"
GO:0009331,"{'GO:1990204', 'GO:1902494', 'GO:0005575', 'GO:0032991'}"
GO:0005891,"{'GO:0034703', 'GO:1990351', 'GO:0005575', 'GO:0032991', 'GO:1902495', 'GO:0034704', 'GO:0098797', 'GO:0098796', 'GO:0034702'}"
GO:0005905,"{'GO:0098590', 'GO:0005575', 'GO:0110165', 'GO:0016020'}"
GO:0005777,"{'GO:0005622', 'GO:0005575', 'GO:0043226', 'GO:0043231', 'GO:0043227', 'GO:0043229', 'GO:0042579', 'GO:0110165'}"
GO:0030672,"{'GO:0099501', 'GO:0030658', 'GO:0005575', 'GO:0030659', 'GO:0098588', 'GO:0016020', 'GO:0031090', 'GO:0110165', 'GO:0012506'}"
GO:0043197,"{'GO:0120025', 'GO:0043005', 'GO:0042995', 'GO:0044309', 'GO:0098794', 'GO:0005575', 'GO:0110165'}"
GO:0048786,"{'GO:0005575', 'GO:0110165'}"
GO:0043203,"{'GO:0005575', 'GO:0110165'}"
GO:0070852,"{'GO:0120025', 'GO:0110165', 'GO:0043005', 'GO:0042995', 'GO:0005575'}"
GO:0043025,"{'GO:0044297', 'GO:0110165', 'GO:0005575'}"
GO:0016363,"{'GO:0005575', 'GO:0110165'}"
GO:0016605,"{'GO:0110165', 'GO:0005575', 'GO:0016604'}"
GO:0008091,"{'GO:0005575', 'GO:0032991'}"
GO:0000938,"{'GO:0099023', 'GO:0005575', 'GO:0032991'}"
GO:0000407,"{'GO:0005575', 'GO:0110165'}"
GO:1990072,"{'GO:0099023', 'GO:0140535', 'GO:0030008', 'GO:0005575', 'GO:0032991'}"
GO:0035097,"{'GO:1902494', 'GO:0034708', 'GO:1990234', 'GO:0140513', 'GO:0005575', 'GO:0032991'}"
GO:0005719,"{'GO:0000785', 'GO:0110165', 'GO:0005575'}"
GO:0016607,"{'GO:0110165', 'GO:0005575', 'GO:0016604'}"
GO:0048188,"{'GO:0035097', 'GO:1902494', 'GO:0034708', 'GO:1990234', 'GO:0140513', 'GO:0005575', 'GO:0032991'}"
GO:0005819,"{'GO:0043226', 'GO:0110165', 'GO:0005622', 'GO:0043229', 'GO:0043228', 'GO:0043232', 'GO:0005575'}"
GO:0045177,"{'GO:0005575', 'GO:0110165'}"
GO:0045334,"{'GO:0110165', 'GO:0030136', 'GO:0030135', 'GO:0031410', 'GO:0005575', 'GO:0043226', 'GO:0097708', 'GO:0043227', 'GO:0031982', 'GO:0030139'}"
GO:0031941,"{'GO:0005575', 'GO:0032991'}"
GO:0030175,"{'GO:0120025', 'GO:0110165', 'GO:0042995', 'GO:0098858', 'GO:0005575'}"
GO:0005902,"{'GO:0120025', 'GO:0110165', 'GO:0042995', 'GO:0098858', 'GO:0005575'}"
GO:0031965,"{'GO:0005575', 'GO:0031090', 'GO:0110165', 'GO:0016020'}"
GO:0016591,"{'GO:1990234', 'GO:0030880', 'GO:0061695', 'GO:0140513', 'GO:0000428', 'GO:0005575', 'GO:0055029', 'GO:0032991', 'GO:1902494', 'GO:0140535'}"
GO:0032587,"{'GO:0031256', 'GO:0098590', 'GO:0005575', 'GO:0016020', 'GO:0031253', 'GO:0110165'}"
GO:0030286,"{'GO:1902494', 'GO:0005875', 'GO:0005575', 'GO:0032991'}"
GO:0060170,"{'GO:0098590', 'GO:0005575', 'GO:0098588', 'GO:0016020', 'GO:0031253', 'GO:0031090', 'GO:0110165'}"
GO:0032154,"{'GO:0098590', 'GO:0005575', 'GO:0110165', 'GO:0016020'}"
GO:0030496,"{'GO:0005575', 'GO:0110165'}"
GO:0031514,"{'GO:0120025', 'GO:0043226', 'GO:0005929', 'GO:0110165', 'GO:0042995', 'GO:0005575'}"
GO:0031461,"{'GO:1902494', 'GO:1990234', 'GO:0000151', 'GO:0140535', 'GO:0005575', 'GO:0032991'}"
GO:0016272,"{'GO:0005575', 'GO:0032991'}"
GO:0005685,"{'GO:1990904', 'GO:0140513', 'GO:0097525', 'GO:0030532', 'GO:0005575', 'GO:0120114', 'GO:0032991'}"
GO:0016323,"{'GO:0098590', 'GO:0005575', 'GO:0110165', 'GO:0016020'}"
GO:0009986,"{'GO:0005575', 'GO:0110165'}"
GO:0005667,"{'GO:0005575', 'GO:0032991'}"
GO:0042583,"{'GO:0099503', 'GO:0031410', 'GO:0005575', 'GO:0043226', 'GO:0097708', 'GO:0043227', 'GO:0031982', 'GO:0030141', 'GO:0110165'}"
GO:0042995,"{'GO:0005575', 'GO:0110165'}"
GO:0070971,"{'GO:0005575', 'GO:0110165'}"
GO:0012507,"{'GO:0030662', 'GO:0030658', 'GO:0005575', 'GO:0030659', 'GO:0098588', 'GO:0016020', 'GO:0031090', 'GO:0110165', 'GO:0012506'}"
GO:0031090,"{'GO:0110165', 'GO:0005575', 'GO:0016020'}"
GO:0072686,"{'GO:0005622', 'GO:0005819', 'GO:0043228', 'GO:0043232', 'GO:0005575', 'GO:0043226', 'GO:0043229', 'GO:0110165'}"
GO:0032045,"{'GO:0140535', 'GO:0005575', 'GO:0032991'}"
GO:0016324,"{'GO:0098590', 'GO:0005575', 'GO:0110165', 'GO:0016020'}"
GO:0009925,"{'GO:0098590', 'GO:0005575', 'GO:0110165', 'GO:0016020'}"
GO:0016328,"{'GO:0005575', 'GO:0110165'}"
GO:0030673,"{'GO:0110165', 'GO:0031256', 'GO:0032589', 'GO:0098590', 'GO:0031253', 'GO:0005575', 'GO:0016020'}"
GO:0033010,"{'GO:0005911', 'GO:0070161', 'GO:0110165', 'GO:0030054', 'GO:0005575'}"
GO:0005912,"{'GO:0005911', 'GO:0070161', 'GO:0110165', 'GO:0030054', 'GO:0005575'}"
GO:0036064,"{'GO:0110165', 'GO:0005575', 'GO:0005815'}"
GO:0005637,"{'GO:0031965', 'GO:0005575', 'GO:0016020', 'GO:0019866', 'GO:0031090', 'GO:0110165'}"
GO:0032580,"{'GO:0005575', 'GO:0098588', 'GO:0016020', 'GO:0000139', 'GO:0031090', 'GO:0110165'}"
GO:0005788,"{'GO:0070013', 'GO:0031974', 'GO:0005575', 'GO:0043233', 'GO:0110165'}"
GO:0150051,"{'GO:0005622', 'GO:0005575', 'GO:0043226', 'GO:0043231', 'GO:0005794', 'GO:0043227', 'GO:0043229', 'GO:0110165'}"
GO:0015630,"{'GO:0005622', 'GO:0043228', 'GO:0043232', 'GO:0005575', 'GO:0005856', 'GO:0043226', 'GO:0043229', 'GO:0110165'}"
GO:0016234,"{'GO:0110165', 'GO:0005575', 'GO:0005622'}"
GO:0016529,"{'GO:0005622', 'GO:0005575', 'GO:0043226', 'GO:0043231', 'GO:0043227', 'GO:0043229', 'GO:0005783', 'GO:0110165'}"
GO:0030127,"{'GO:0030117', 'GO:0030120', 'GO:0098796', 'GO:0005575', 'GO:0032991'}"
GO:0030134,"{'GO:0030135', 'GO:0031410', 'GO:0005575', 'GO:0043226', 'GO:0097708', 'GO:0043227', 'GO:0031982', 'GO:0110165'}"
GO:0031931,"{'GO:0038201', 'GO:0140535', 'GO:0005575', 'GO:0032991'}"
GO:0008290,"{'GO:0005575', 'GO:0032991'}"
GO:0030017,"{'GO:0005575', 'GO:0110165'}"
GO:0030128,"{'GO:0030125', 'GO:0030117', 'GO:0030118', 'GO:0030120', 'GO:0098796', 'GO:0005575', 'GO:0032991'}"
GO:0030427,"{'GO:0005575', 'GO:0110165'}"
GO:0045263,"{'GO:0033177', 'GO:0098796', 'GO:0005575', 'GO:0032991'}"
GO:0042470,"{'GO:0031410', 'GO:0005575', 'GO:0043226', 'GO:0097708', 'GO:0043227', 'GO:0031982', 'GO:0048770', 'GO:0110165'}"
GO:0008537,"{'GO:0005575', 'GO:0032991'}"
GO:0046930,"{'GO:0098796', 'GO:0005575', 'GO:0032991'}"
GO:0000159,"{'GO:1903293', 'GO:0005575', 'GO:0032991', 'GO:0008287', 'GO:1902494', 'GO:0140535'}"
GO:0033018,"{'GO:0070013', 'GO:0110165', 'GO:0031974', 'GO:0043233', 'GO:0005788', 'GO:0005575'}"
GO:0034364,"{'GO:0034358', 'GO:0032994', 'GO:1990777', 'GO:0005575', 'GO:0032991'}"
GO:0035145,"{'GO:0032991', 'GO:0005575', 'GO:0140513'}"
GO:0001401,"{'GO:0098798', 'GO:0098796', 'GO:0005575', 'GO:0098799', 'GO:0032991'}"
GO:0005884,"{'GO:0099512', 'GO:0099081', 'GO:0099513', 'GO:0005575', 'GO:0110165', 'GO:0099080'}"
GO:0071437,"{'GO:0120025', 'GO:0005575', 'GO:0110165', 'GO:0042995'}"
GO:0030027,"{'GO:0120025', 'GO:0005575', 'GO:0110165', 'GO:0042995'}"
GO:1990357,"{'GO:0030864', 'GO:0005622', 'GO:0043228', 'GO:0043232', 'GO:0005575', 'GO:0005856', 'GO:0030863', 'GO:0043226', 'GO:0043229', 'GO:0110165'}"
GO:0005854,"{'GO:0005575', 'GO:0032991'}"
GO:0030131,"{'GO:0030119', 'GO:0098796', 'GO:0005575', 'GO:0032991'}"
GO:0005885,"{'GO:0005575', 'GO:0032991'}"
GO:0090575,"{'GO:0005667', 'GO:0140513', 'GO:0005575', 'GO:0032991'}"
GO:0071944,"{'GO:0005575', 'GO:0110165'}"
GO:0030139,"{'GO:0043226', 'GO:0097708', 'GO:0110165', 'GO:0043227', 'GO:0031982', 'GO:0031410', 'GO:0005575'}"
GO:0042613,"{'GO:0042611', 'GO:0098797', 'GO:0098796', 'GO:0005575', 'GO:0032991'}"
GO:0000137,"{'GO:0031985', 'GO:0098791', 'GO:0110165', 'GO:0031984', 'GO:0005575'}"
GO:0048237,"{'GO:0070013', 'GO:0110165', 'GO:0031974', 'GO:0043233', 'GO:0005788', 'GO:0005575'}"
GO:0030141,"{'GO:0099503', 'GO:0031410', 'GO:0005575', 'GO:0043226', 'GO:0097708', 'GO:0043227', 'GO:0031982', 'GO:0110165'}"
GO:0030140,"{'GO:0030136', 'GO:0030135', 'GO:0031410', 'GO:0005575', 'GO:0043226', 'GO:0030133', 'GO:0097708', 'GO:0043227', 'GO:0031982', 'GO:0005798', 'GO:0110165'}"
GO:0005658,"{'GO:0030880', 'GO:0140513', 'GO:0005575', 'GO:0032991', 'GO:1990234', 'GO:0061695', 'GO:0042575', 'GO:0000428', 'GO:0055029', 'GO:1902494', 'GO:0140535'}"
GO:0005635,"{'GO:0031975', 'GO:0031967', 'GO:0005575', 'GO:0110165'}"
GO:0062023,"{'GO:0030312', 'GO:0005575', 'GO:0110165', 'GO:0031012'}"
GO:0022627,"{'GO:1990904', 'GO:0044391', 'GO:0015935', 'GO:0005575', 'GO:0032991'}"
GO:0005844,"{'GO:1990904', 'GO:0005575', 'GO:0032991'}"
GO:0014069,"{'GO:0043226', 'GO:0099572', 'GO:0005575', 'GO:0110165'}"
GO:0012505,"{'GO:0005575', 'GO:0110165'}"
GO:0001931,"{'GO:0120025', 'GO:0005575', 'GO:0110165', 'GO:0042995'}"
GO:0009897,"{'GO:0098552', 'GO:0110165', 'GO:0005575'}"
GO:0005930,"{'GO:0005575', 'GO:0110165'}"
GO:0097542,"{'GO:0005575', 'GO:0110165'}"
GO:0005929,"{'GO:0120025', 'GO:0005575', 'GO:0043226', 'GO:0042995', 'GO:0110165'}"
GO:0032391,"{'GO:0110165', 'GO:0035869', 'GO:0005575'}"
GO:0001917,"{'GO:0005575', 'GO:0110165'}"
GO:0001750,"{'GO:0005575', 'GO:0110165'}"
GO:0005883,"{'GO:0005882', 'GO:0099081', 'GO:0110165', 'GO:0099512', 'GO:0099513', 'GO:0005575', 'GO:0099080'}"
GO:0031225,"{'GO:0031224', 'GO:0110165', 'GO:0005575'}"
GO:0030667,"{'GO:0005575', 'GO:0030659', 'GO:0098588', 'GO:0016020', 'GO:0031090', 'GO:0110165', 'GO:0012506'}"
GO:0030133,"{'GO:0043226', 'GO:0097708', 'GO:0110165', 'GO:0043227', 'GO:0031982', 'GO:0031410', 'GO:0005575'}"
GO:0008021,"{'GO:0099503', 'GO:0031410', 'GO:0070382', 'GO:0005575', 'GO:0043226', 'GO:0030133', 'GO:0097708', 'GO:0043227', 'GO:0031982', 'GO:0110165'}"
GO:0061617,"{'GO:0098798', 'GO:0098796', 'GO:0005575', 'GO:0098800', 'GO:0032991'}"
GO:0016282,"{'GO:0070993', 'GO:1990904', 'GO:0005575', 'GO:0032991'}"
GO:0033290,"{'GO:0070993', 'GO:1990904', 'GO:0005575', 'GO:0032991'}"
GO:0005852,"{'GO:0005575', 'GO:0032991'}"
GO:0030136,"{'GO:0030135', 'GO:0031410', 'GO:0005575', 'GO:0043226', 'GO:0097708', 'GO:0043227', 'GO:0031982', 'GO:0110165'}"
GO:0005778,"{'GO:0005622', 'GO:0005575', 'GO:0043226', 'GO:0031903', 'GO:0043231', 'GO:0098588', 'GO:0043227', 'GO:0043229', 'GO:0042579', 'GO:0031090', 'GO:0110165', 'GO:0016020'}"
GO:0015934,"{'GO:1990904', 'GO:0044391', 'GO:0005575', 'GO:0032991'}"
GO:0000785,"{'GO:0005575', 'GO:0110165'}"
GO:0033180,"{'GO:0098796', 'GO:0033178', 'GO:0005575', 'GO:0032991'}"
GO:0019773,"{'GO:0005575', 'GO:0032991'}"
GO:0072669,"{'GO:0140535', 'GO:0005575', 'GO:0032991'}"
GO:0030906,"{'GO:0098796', 'GO:0005575', 'GO:0032991'}"
GO:0005869,"{'GO:0005875', 'GO:0005575', 'GO:0032991'}"
GO:0000776,"{'GO:0005622', 'GO:0043228', 'GO:0043232', 'GO:0005575', 'GO:0099080', 'GO:0043226', 'GO:0043229', 'GO:0110165'}"
GO:0000922,"{'GO:0005575', 'GO:0110165'}"
GO:0001725,"{'GO:0032432', 'GO:0097517', 'GO:0042641', 'GO:0005575', 'GO:0110165'}"
GO:0030426,"{'GO:0030427', 'GO:0110165', 'GO:0005575'}"
GO:0005764,"{'GO:0005622', 'GO:0005773', 'GO:0005575', 'GO:0043226', 'GO:0043231', 'GO:0043227', 'GO:0043229', 'GO:0000323', 'GO:0110165'}"
GO:0005639,"{'GO:0005575', 'GO:0031224', 'GO:0031301', 'GO:0031300', 'GO:0031229', 'GO:0016021', 'GO:0110165'}"
GO:0000220,"{'GO:0033177', 'GO:0033179', 'GO:0098796', 'GO:0005575', 'GO:0032991'}"
GO:0008305,"{'GO:0098802', 'GO:0043235', 'GO:0098797', 'GO:0098636', 'GO:0098796', 'GO:0005575', 'GO:0032991'}"
GO:0005838,"{'GO:0005575', 'GO:0032991'}"
GO:0031227,"{'GO:0031224', 'GO:0005575', 'GO:0031300', 'GO:0110165'}"
GO:0010494,"{'GO:0005622', 'GO:0036464', 'GO:0043228', 'GO:0043232', 'GO:0005575', 'GO:0099080', 'GO:0043226', 'GO:0043229', 'GO:0035770', 'GO:0110165'}"
GO:0005890,"{'GO:0098797', 'GO:1990351', 'GO:0098533', 'GO:0005575', 'GO:0032991', 'GO:1902495', 'GO:0090533', 'GO:0098796'}"
GO:0005952,"{'GO:0140535', 'GO:0005575', 'GO:0032991'}"
GO:0019005,"{'GO:1902494', 'GO:1990234', 'GO:0000151', 'GO:0140535', 'GO:0031461', 'GO:0005575', 'GO:0032991'}"
GO:0005834,"{'GO:0005575', 'GO:0032991', 'GO:1902494', 'GO:1905360', 'GO:0098797', 'GO:0098796'}"
GO:0098978,"{'GO:0045202', 'GO:0030054', 'GO:0005575', 'GO:0110165'}"
GO:0071565,"{'GO:1904949', 'GO:1902494', 'GO:0070603', 'GO:0140513', 'GO:0005575', 'GO:0032991'}"
GO:0071564,"{'GO:1904949', 'GO:1902494', 'GO:0070603', 'GO:0140513', 'GO:0005575', 'GO:0032991'}"
GO:0016514,"{'GO:1904949', 'GO:1902494', 'GO:0070603', 'GO:0140513', 'GO:0005575', 'GO:0032991'}"
GO:0031105,"{'GO:0005575', 'GO:0032991'}"
GO:0034707,"{'GO:1990351', 'GO:1902495', 'GO:0098796', 'GO:0034702', 'GO:0005575', 'GO:0032991'}"
GO:0005782,"{'GO:0070013', 'GO:0110165', 'GO:0031907', 'GO:0031974', 'GO:0043233', 'GO:0005575'}"
GO:0005923,"{'GO:0005911', 'GO:0070161', 'GO:0070160', 'GO:0030054', 'GO:0005575', 'GO:0110165'}"
GO:0016604,"{'GO:0005575', 'GO:0110165'}"
GO:0042584,"{'GO:0030667', 'GO:0005575', 'GO:0030659', 'GO:0098588', 'GO:0016020', 'GO:0031090', 'GO:0110165', 'GO:0012506'}"
GO:0008250,"{'GO:1902494', 'GO:1990234', 'GO:0140534', 'GO:0098796', 'GO:0005575', 'GO:0032991'}"
GO:0030173,"{'GO:0031228', 'GO:0005575', 'GO:0031224', 'GO:0031300', 'GO:0031301', 'GO:0016021', 'GO:0110165'}"
GO:0030126,"{'GO:0030117', 'GO:0030120', 'GO:0098796', 'GO:0005575', 'GO:0032991'}"
GO:0097730,"{'GO:0120025', 'GO:0043226', 'GO:0005929', 'GO:0110165', 'GO:0042995', 'GO:0005575'}"
GO:0016235,"{'GO:0110165', 'GO:0005575', 'GO:0016234', 'GO:0005622'}"
GO:0044753,"{'GO:0005622', 'GO:0005773', 'GO:0005575', 'GO:0043226', 'GO:0043231', 'GO:0043227', 'GO:0043229', 'GO:0005776', 'GO:0110165'}"
GO:0044754,"{'GO:0005764', 'GO:0005622', 'GO:0005773', 'GO:0005575', 'GO:0043226', 'GO:0043231', 'GO:0005767', 'GO:0043227', 'GO:0043229', 'GO:0005776', 'GO:0000323', 'GO:0110165'}"
GO:0005776,"{'GO:0005622', 'GO:0005773', 'GO:0005575', 'GO:0043226', 'GO:0043231', 'GO:0043227', 'GO:0043229', 'GO:0110165'}"
GO:0097413,"{'GO:0110165', 'GO:0005575', 'GO:0016234', 'GO:0005622'}"
GO:0000932,"{'GO:0005622', 'GO:0036464', 'GO:0043228', 'GO:0043232', 'GO:0005575', 'GO:0099080', 'GO:0043226', 'GO:0043229', 'GO:0035770', 'GO:0110165'}"
GO:0097225,"{'GO:0005575', 'GO:0110165'}"
GO:0031252,"{'GO:0005575', 'GO:0110165'}"
GO:0005801,"{'GO:0043226', 'GO:0043231', 'GO:0110165', 'GO:0043227', 'GO:0005622', 'GO:0043229', 'GO:0005575'}"
GO:0005793,"{'GO:0043226', 'GO:0043231', 'GO:0110165', 'GO:0043227', 'GO:0005622', 'GO:0043229', 'GO:0005575'}"
GO:0042788,"{'GO:0005622', 'GO:0043228', 'GO:0043232', 'GO:0005575', 'GO:0005840', 'GO:0043226', 'GO:0043229', 'GO:0110165'}"
GO:0031436,"{'GO:1990234', 'GO:0000151', 'GO:0140513', 'GO:0005575', 'GO:0032991', 'GO:1902494', 'GO:0140535', 'GO:0000152'}"
GO:0005694,"{'GO:0043226', 'GO:0110165', 'GO:0005622', 'GO:0043229', 'GO:0043228', 'GO:0043232', 'GO:0005575'}"
GO:0005587,"{'GO:0005581', 'GO:0005575', 'GO:0032991', 'GO:0098651', 'GO:0098642'}"
GO:0005697,"{'GO:1990904', 'GO:0140513', 'GO:0005575', 'GO:0032991'}"
GO:0034993,"{'GO:0106083', 'GO:0140513', 'GO:0106094', 'GO:0098796', 'GO:0005575', 'GO:0032991'}"
GO:0030478,"{'GO:0005575', 'GO:0110165'}"
GO:0008278,"{'GO:0005575', 'GO:0032991'}"
GO:0030055,"{'GO:0030054', 'GO:0070161', 'GO:0005575', 'GO:0110165'}"
GO:0030061,"{'GO:0005575', 'GO:0110165'}"
GO:0034702,"{'GO:1990351', 'GO:0098796', 'GO:0005575', 'GO:1902495', 'GO:0032991'}"
GO:0071782,"{'GO:0098827', 'GO:0005575', 'GO:0110165', 'GO:0031984'}"
GO:0005839,"{'GO:0005575', 'GO:0032991'}"
GO:0043204,"{'GO:0005575', 'GO:0110165'}"
GO:0031253,"{'GO:0098590', 'GO:0005575', 'GO:0110165', 'GO:0016020'}"
GO:0098794,"{'GO:0005575', 'GO:0110165'}"
GO:0033263,"{'GO:0099023', 'GO:0005575', 'GO:0032991'}"
GO:0030897,"{'GO:0099023', 'GO:0098796', 'GO:0005575', 'GO:0032991'}"
GO:0031902,"{'GO:0005575', 'GO:0098588', 'GO:0016020', 'GO:0031090', 'GO:0110165', 'GO:0010008'}"
GO:0005765,"{'GO:0098588', 'GO:0110165', 'GO:0098852', 'GO:0016020', 'GO:0005774', 'GO:0031090', 'GO:0005575'}"
GO:0098982,"{'GO:0045202', 'GO:0030054', 'GO:0005575', 'GO:0110165'}"
GO:0099056,"{'GO:0098889', 'GO:0005887', 'GO:0005575', 'GO:0031224', 'GO:0099699', 'GO:0031226', 'GO:0016021', 'GO:0099240', 'GO:0110165'}"
GO:0098688,"{'GO:0030054', 'GO:0110165', 'GO:0045202', 'GO:0060076', 'GO:0005575'}"
GO:0005791,"{'GO:0005622', 'GO:0005575', 'GO:0043226', 'GO:0043231', 'GO:0043227', 'GO:0043229', 'GO:0005783', 'GO:0110165'}"
GO:0000145,"{'GO:0099023', 'GO:0005575', 'GO:0032991'}"
GO:0045261,"{'GO:0098796', 'GO:0033178', 'GO:0005575', 'GO:0032991'}"
GO:0031519,"{'GO:0032991', 'GO:0005575', 'GO:0140513'}"
GO:0031234,"{'GO:0019897', 'GO:0005575', 'GO:0019898', 'GO:0110165'}"
GO:0032281,"{'GO:0098797', 'GO:0034703', 'GO:0098802', 'GO:1990351', 'GO:0098878', 'GO:1902495', 'GO:0005575', 'GO:0032991', 'GO:0043235', 'GO:0008328', 'GO:0098796', 'GO:0034702'}"
GO:0046658,"{'GO:0005575', 'GO:0031225', 'GO:0031224', 'GO:0031226', 'GO:0110165'}"
GO:0140261,"{'GO:1990234', 'GO:0000151', 'GO:0140513', 'GO:0005575', 'GO:0032991', 'GO:1902494', 'GO:0140535', 'GO:0000152'}"
GO:0033093,"{'GO:0030136', 'GO:0099503', 'GO:0030135', 'GO:0031410', 'GO:0005575', 'GO:0043226', 'GO:0097708', 'GO:0043227', 'GO:0031982', 'GO:0030141', 'GO:0110165'}"
GO:0031528,"{'GO:0110165', 'GO:0016020', 'GO:0098590', 'GO:0031253', 'GO:0005575'}"
GO:0005668,"{'GO:0005667', 'GO:0140513', 'GO:0000120', 'GO:0005575', 'GO:0032991'}"
GO:0031588,"{'GO:1902911', 'GO:1902494', 'GO:1990234', 'GO:0140535', 'GO:0061695', 'GO:0005575', 'GO:0032991'}"
GO:0044853,"{'GO:0045121', 'GO:0098857', 'GO:0110165', 'GO:0016020', 'GO:0098590', 'GO:0005575'}"
GO:0032589,"{'GO:0031256', 'GO:0098590', 'GO:0005575', 'GO:0016020', 'GO:0031253', 'GO:0110165'}"
GO:0032809,"{'GO:0044298', 'GO:0110165', 'GO:0005575'}"
GO:1990221,"{'GO:0005575', 'GO:0032991'}"
GO:0005786,"{'GO:0048500', 'GO:1990904', 'GO:0005575', 'GO:0032991'}"
GO:0005762,"{'GO:1990904', 'GO:0044391', 'GO:0000315', 'GO:0015934', 'GO:0098798', 'GO:0005575', 'GO:0032991'}"
GO:0034098,"{'GO:0140534', 'GO:0098796', 'GO:0005575', 'GO:0032991'}"
GO:0031985,"{'GO:0098791', 'GO:0005575', 'GO:0110165', 'GO:0031984'}"
GO:0034448,"{'GO:0098796', 'GO:0005575', 'GO:0032991'}"
GO:1990131,"{'GO:0005575', 'GO:0032991'}"
GO:0030057,"{'GO:0005911', 'GO:0070161', 'GO:0110165', 'GO:0030054', 'GO:0005575'}"
GO:0005759,"{'GO:0070013', 'GO:0031974', 'GO:0005575', 'GO:0043233', 'GO:0110165'}"
GO:0016010,"{'GO:0090665', 'GO:0005575', 'GO:0032991', 'GO:0098797', 'GO:0098796'}"
GO:0030678,"{'GO:1902494', 'GO:1990904', 'GO:0098798', 'GO:1902555', 'GO:0030677', 'GO:0005575', 'GO:0032991'}"
GO:0005750,"{'GO:0070069', 'GO:0045275', 'GO:0098798', 'GO:0098803', 'GO:0005575', 'GO:0032991', 'GO:0098800', 'GO:1902494', 'GO:1990204', 'GO:0098796'}"
GO:0071013,"{'GO:1990904', 'GO:0140513', 'GO:0005575', 'GO:0032991', 'GO:1902494', 'GO:0005681'}"
GO:0071011,"{'GO:1990904', 'GO:0005681', 'GO:0140513', 'GO:0005575', 'GO:0032991'}"
GO:0005689,"{'GO:1990904', 'GO:0005681', 'GO:0140513', 'GO:0005575', 'GO:0032991'}"
GO:0005686,"{'GO:1990904', 'GO:0140513', 'GO:0097525', 'GO:0030532', 'GO:0005575', 'GO:0120114', 'GO:0032991'}"
GO:0071005,"{'GO:1990904', 'GO:0005684', 'GO:0140513', 'GO:0071011', 'GO:0005575', 'GO:0032991', 'GO:0005681'}"
GO:0005684,"{'GO:1990904', 'GO:0005681', 'GO:0140513', 'GO:0005575', 'GO:0032991'}"
GO:0005960,"{'GO:1990204', 'GO:1902494', 'GO:0005575', 'GO:0032991'}"
GO:0045095,"{'GO:0005882', 'GO:0099081', 'GO:0110165', 'GO:0099512', 'GO:0099513', 'GO:0005575', 'GO:0099080'}"
GO:0032592,"{'GO:0005575', 'GO:0031224', 'GO:0098573', 'GO:0031300', 'GO:0031301', 'GO:0016021', 'GO:0110165'}"
GO:0031305,"{'GO:0032592', 'GO:0005575', 'GO:0031224', 'GO:0098573', 'GO:0031300', 'GO:0031304', 'GO:0031301', 'GO:0016021', 'GO:0110165'}"
GO:0097224,"{'GO:0005575', 'GO:0110165'}"
GO:0046540,"{'GO:1990904', 'GO:0140513', 'GO:0120114', 'GO:0005575', 'GO:0032991', 'GO:0097525', 'GO:0030532', 'GO:0097526'}"
GO:0005688,"{'GO:1990904', 'GO:0140513', 'GO:0097525', 'GO:0030532', 'GO:0005575', 'GO:0120114', 'GO:0032991'}"
GO:0005832,"{'GO:0101031', 'GO:0005575', 'GO:0032991'}"
GO:0043219,"{'GO:0005575', 'GO:0110165'}"
GO:0035749,"{'GO:0005575', 'GO:0110165'}"
GO:0043220,"{'GO:0005575', 'GO:0110165'}"
GO:1990811,"{'GO:0005575', 'GO:0032991'}"
GO:0071797,"{'GO:1902494', 'GO:1990234', 'GO:0000151', 'GO:0140535', 'GO:0005575', 'GO:0032991'}"
GO:0000151,"{'GO:1902494', 'GO:1990234', 'GO:0140535', 'GO:0005575', 'GO:0032991'}"
GO:1990298,"{'GO:0005575', 'GO:0032991'}"
GO:0033597,"{'GO:0032991', 'GO:0005575', 'GO:0140513'}"
GO:0044305,"{'GO:0110165', 'GO:0098793', 'GO:0043679', 'GO:0005575', 'GO:0044306'}"
GO:0044327,"{'GO:0005575', 'GO:0110165'}"
GO:0044326,"{'GO:0005575', 'GO:0110165'}"
GO:0043209,"{'GO:0005575', 'GO:0110165'}"
GO:0098984,"{'GO:0045202', 'GO:0030054', 'GO:0005575', 'GO:0110165'}"
GO:0035371,"{'GO:1990752', 'GO:0110165', 'GO:0005575'}"
GO:1905721,"{'GO:1990752', 'GO:0110165', 'GO:0005575'}"
GO:0051233,"{'GO:0005575', 'GO:0110165'}"
GO:0032153,"{'GO:0005575', 'GO:0110165'}"
GO:0005940,"{'GO:0005622', 'GO:0043228', 'GO:0043232', 'GO:0005575', 'GO:0005856', 'GO:0043226', 'GO:0043229', 'GO:0032156', 'GO:0110165'}"
