GO:0042802,"{'GO:0003674', 'GO:0005515', 'GO:0005488'}"
GO:0044548,"{'GO:0003674', 'GO:0005515', 'GO:0005488'}"
GO:0003677,"{'GO:0003676', 'GO:0097159', 'GO:0005488', 'GO:0003674', 'GO:1901363'}"
GO:0046982,"{'GO:0046983', 'GO:0005515', 'GO:0005488', 'GO:0003674'}"
GO:0051015,"{'GO:0044877', 'GO:0005488', 'GO:0003674', 'GO:0008092', 'GO:0005515', 'GO:0003779'}"
GO:0005509,"{'GO:0043169', 'GO:0005488', 'GO:0043167', 'GO:0003674', 'GO:0046872'}"
GO:0005524,"{'GO:0097159', 'GO:0003674', 'GO:1901363', 'GO:0043168', 'GO:0097367', 'GO:0032553', 'GO:1901265', 'GO:0036094', 'GO:0005488', 'GO:0000166', 'GO:0035639', 'GO:0030554', 'GO:0032555', 'GO:0043167', 'GO:0017076', 'GO:0032559'}"
GO:0140326,"{'GO:0003674', 'GO:0005319', 'GO:0005215', 'GO:0140303'}"
GO:0000287,"{'GO:0043169', 'GO:0005488', 'GO:0043167', 'GO:0003674', 'GO:0046872'}"
GO:0030280,"{'GO:0005198', 'GO:0003674'}"
GO:0003723,"{'GO:0003676', 'GO:0097159', 'GO:0005488', 'GO:0003674', 'GO:1901363'}"
GO:0003735,"{'GO:0005198', 'GO:0003674'}"
GO:0003700,"{'GO:0003674', 'GO:0140110'}"
GO:0004386,"{'GO:0017111', 'GO:0016887', 'GO:0003674', 'GO:0016818', 'GO:0003824', 'GO:0016817', 'GO:0016787', 'GO:0016462'}"
GO:0008270,"{'GO:0043169', 'GO:0005488', 'GO:0043167', 'GO:0003674', 'GO:0046914', 'GO:0046872'}"
GO:0010181,"{'GO:0032553', 'GO:1901265', 'GO:0097159', 'GO:0036094', 'GO:0005488', 'GO:0003674', 'GO:1901363', 'GO:0000166', 'GO:0043168', 'GO:0097367', 'GO:0043167'}"
GO:0004733,"{'GO:0016641', 'GO:0003824', 'GO:0003674', 'GO:0016638', 'GO:0016491'}"
GO:0003779,"{'GO:0003674', 'GO:0008092', 'GO:0005515', 'GO:0005488'}"
GO:0005516,"{'GO:0003674', 'GO:0005515', 'GO:0005488'}"
GO:0005198,{'GO:0003674'}
GO:0004930,"{'GO:0004888', 'GO:0038023', 'GO:0060089', 'GO:0003674'}"
GO:0008253,"{'GO:0016788', 'GO:0003824', 'GO:0016787', 'GO:0003674', 'GO:0008252', 'GO:0016791', 'GO:0042578'}"
GO:0030246,"{'GO:0003674', 'GO:0005488'}"
GO:0005525,"{'GO:0097159', 'GO:0003674', 'GO:1901363', 'GO:0043168', 'GO:0019001', 'GO:0032549', 'GO:0097367', 'GO:0001882', 'GO:0032553', 'GO:1901265', 'GO:0017076', 'GO:0036094', 'GO:0005488', 'GO:0032550', 'GO:0035639', 'GO:0000166', 'GO:0001883', 'GO:0032555', 'GO:0043167', 'GO:0032561'}"
GO:0003924,"{'GO:0017111', 'GO:0003824', 'GO:0016817', 'GO:0016787', 'GO:0003674', 'GO:0016462', 'GO:0016818'}"
GO:0005096,"{'GO:0060589', 'GO:0003674', 'GO:0030695', 'GO:0030234', 'GO:0098772', 'GO:0008047'}"
GO:0004364,"{'GO:0003674', 'GO:0016740', 'GO:0016765', 'GO:0003824'}"
GO:0046872,"{'GO:0003674', 'GO:0043169', 'GO:0005488', 'GO:0043167'}"
GO:0042043,"{'GO:0003674', 'GO:0005102', 'GO:0005515', 'GO:0005488'}"
GO:0048763,"{'GO:0015267', 'GO:0005215', 'GO:0005261', 'GO:0003674', 'GO:0015278', 'GO:0005262', 'GO:0008324', 'GO:0099604', 'GO:0046873', 'GO:0015085', 'GO:0015075', 'GO:0022857', 'GO:0005217', 'GO:0015318', 'GO:0022890', 'GO:0022834', 'GO:0022836', 'GO:0022803', 'GO:0015276', 'GO:0099094', 'GO:0005216'}"
GO:0015278,"{'GO:0015267', 'GO:0005215', 'GO:0005261', 'GO:0003674', 'GO:0005262', 'GO:0008324', 'GO:0099604', 'GO:0046873', 'GO:0015085', 'GO:0015075', 'GO:0022857', 'GO:0005217', 'GO:0015318', 'GO:0022890', 'GO:0022834', 'GO:0022836', 'GO:0022803', 'GO:0015276', 'GO:0099094', 'GO:0005216'}"
GO:0005219,"{'GO:0015267', 'GO:0005215', 'GO:0005261', 'GO:0003674', 'GO:0015278', 'GO:0005262', 'GO:0008324', 'GO:0099604', 'GO:0046873', 'GO:0015085', 'GO:0015075', 'GO:0022857', 'GO:0005217', 'GO:0015318', 'GO:0022890', 'GO:0022834', 'GO:0022836', 'GO:0022803', 'GO:0015276', 'GO:0099094', 'GO:0005216'}"
GO:0016887,"{'GO:0017111', 'GO:0003824', 'GO:0016817', 'GO:0016787', 'GO:0003674', 'GO:0016462', 'GO:0016818'}"
GO:0005085,"{'GO:0030695', 'GO:0003674', 'GO:0060589', 'GO:0030234', 'GO:0098772'}"
GO:0030695,"{'GO:0098772', 'GO:0060589', 'GO:0030234', 'GO:0003674'}"
GO:0051117,"{'GO:0003674', 'GO:0005515', 'GO:0019899', 'GO:0005488'}"
GO:0044325,"{'GO:0003674', 'GO:0005515', 'GO:0005488'}"
GO:0050998,"{'GO:0003674', 'GO:0005515', 'GO:0019899', 'GO:0005488'}"
GO:0030165,"{'GO:0003674', 'GO:0005515', 'GO:0019904', 'GO:0005488'}"
GO:0017080,"{'GO:0098772', 'GO:0016247', 'GO:0003674'}"
GO:0004597,"{'GO:0016705', 'GO:0051213', 'GO:0003674', 'GO:0016491', 'GO:0003824', 'GO:0140096', 'GO:0016706'}"
GO:0060090,{'GO:0003674'}
GO:0003682,"{'GO:0003674', 'GO:0005488'}"
GO:0004674,"{'GO:0004672', 'GO:0016740', 'GO:0003674', 'GO:0016301', 'GO:0016772', 'GO:0016773', 'GO:0003824', 'GO:0140096'}"
GO:0004605,"{'GO:0016772', 'GO:0016740', 'GO:0003824', 'GO:0070567', 'GO:0003674', 'GO:0016779'}"
GO:0004709,"{'GO:0004672', 'GO:0016740', 'GO:0003674', 'GO:0016301', 'GO:0016772', 'GO:0016773', 'GO:0003824', 'GO:0140096', 'GO:0004674'}"
GO:0004869,"{'GO:0003674', 'GO:0030414', 'GO:0061134', 'GO:0030234', 'GO:0098772', 'GO:0004866', 'GO:0061135', 'GO:0004857'}"
GO:0015377,"{'GO:0015103', 'GO:0005215', 'GO:0022804', 'GO:0003674', 'GO:0022853', 'GO:0008324', 'GO:0015294', 'GO:0015291', 'GO:0015075', 'GO:0015293', 'GO:0022857', 'GO:0022890', 'GO:0015318', 'GO:0015108', 'GO:0008509', 'GO:0015296'}"
GO:0102092,"{'GO:0016772', 'GO:0016740', 'GO:0003824', 'GO:0003674', 'GO:0016776'}"
GO:0033857,"{'GO:0016740', 'GO:0003674', 'GO:0016301', 'GO:0016772', 'GO:0003824', 'GO:0016776'}"
GO:0000829,"{'GO:0016740', 'GO:0003674', 'GO:0016301', 'GO:0016772', 'GO:0003824', 'GO:0016776'}"
GO:0052723,"{'GO:0016301', 'GO:0016740', 'GO:0016772', 'GO:0000828', 'GO:0003824', 'GO:0003674', 'GO:0016776'}"
GO:0052724,"{'GO:0016301', 'GO:0016740', 'GO:0016772', 'GO:0000828', 'GO:0003824', 'GO:0003674', 'GO:0016776'}"
GO:0000832,"{'GO:0016301', 'GO:0016740', 'GO:0016772', 'GO:0000828', 'GO:0003824', 'GO:0003674', 'GO:0016776'}"
GO:0000828,"{'GO:0016740', 'GO:0003674', 'GO:0016301', 'GO:0016772', 'GO:0003824', 'GO:0016776'}"
GO:0000827,"{'GO:0016740', 'GO:0003674', 'GO:0016301', 'GO:0016772', 'GO:0003824', 'GO:0016776'}"
GO:0004984,"{'GO:0004888', 'GO:0038023', 'GO:0060089', 'GO:0003674'}"
GO:0003774,"{'GO:0017111', 'GO:0003824', 'GO:0016817', 'GO:0016787', 'GO:0003674', 'GO:0016462', 'GO:0016818'}"
GO:0004707,"{'GO:0004672', 'GO:0016740', 'GO:0003674', 'GO:0016301', 'GO:0016772', 'GO:0016773', 'GO:0003824', 'GO:0140096', 'GO:0004674'}"
GO:0004672,"{'GO:0016740', 'GO:0003674', 'GO:0016301', 'GO:0016772', 'GO:0016773', 'GO:0003824', 'GO:0140096'}"
GO:0016787,"{'GO:0003674', 'GO:0003824'}"
GO:0015078,"{'GO:0015075', 'GO:0005215', 'GO:0008324', 'GO:0003674', 'GO:0022857', 'GO:0015318', 'GO:0022890'}"
GO:0019903,"{'GO:0019902', 'GO:0005515', 'GO:0005488', 'GO:0003674', 'GO:0019899'}"
GO:0004222,"{'GO:0004175', 'GO:0003674', 'GO:0008233', 'GO:0008237', 'GO:0003824', 'GO:0016787', 'GO:0140096'}"
GO:0016779,"{'GO:0003674', 'GO:0016772', 'GO:0016740', 'GO:0003824'}"
GO:0004865,"{'GO:0019212', 'GO:0003674', 'GO:0019888', 'GO:0004864', 'GO:0030234', 'GO:0098772', 'GO:0004857', 'GO:0019208'}"
GO:0038023,"{'GO:0003674', 'GO:0060089'}"
GO:0005452,"{'GO:0015103', 'GO:0015291', 'GO:0015075', 'GO:0005215', 'GO:0022804', 'GO:0003674', 'GO:0022857', 'GO:0022853', 'GO:0015318', 'GO:0008509'}"
GO:0071933,"{'GO:0003674', 'GO:0044877', 'GO:0005488'}"
GO:0008083,"{'GO:0005102', 'GO:0005488', 'GO:0030546', 'GO:0003674', 'GO:0005515', 'GO:0030545', 'GO:0098772', 'GO:0048018'}"
GO:0016620,"{'GO:0003674', 'GO:0003824', 'GO:0016491', 'GO:0016903'}"
GO:0004095,"{'GO:0016740', 'GO:0016409', 'GO:0016746', 'GO:0003674', 'GO:0016416', 'GO:0008374', 'GO:0016747', 'GO:0016406', 'GO:0003824'}"
GO:0020037,"{'GO:0097159', 'GO:0005488', 'GO:0046906', 'GO:0003674', 'GO:1901363'}"
GO:0031721,"{'GO:0003674', 'GO:0005515', 'GO:0030492', 'GO:0005488'}"
GO:0031722,"{'GO:0003674', 'GO:0005515', 'GO:0030492', 'GO:0005488'}"
GO:0030492,"{'GO:0003674', 'GO:0005515', 'GO:0005488'}"
GO:0043177,"{'GO:0003674', 'GO:0036094', 'GO:0005488'}"
GO:0019825,"{'GO:0003674', 'GO:0036094', 'GO:0005488'}"
GO:0005344,"{'GO:0003674', 'GO:0140104'}"
GO:0044877,"{'GO:0003674', 'GO:0005488'}"
GO:0042626,"{'GO:0005215', 'GO:0003674', 'GO:0022857', 'GO:0015399', 'GO:0022804'}"
GO:0005544,"{'GO:0003674', 'GO:0005543', 'GO:0008289', 'GO:0005488'}"
GO:0008092,"{'GO:0003674', 'GO:0005515', 'GO:0005488'}"
GO:0004859,"{'GO:0003674', 'GO:0030234', 'GO:0098772', 'GO:0004857', 'GO:0055102'}"
GO:0050660,"{'GO:1901265', 'GO:0097159', 'GO:0036094', 'GO:0005488', 'GO:0003674', 'GO:1901363', 'GO:0000166', 'GO:0043168', 'GO:0043167'}"
GO:0016491,"{'GO:0003674', 'GO:0003824'}"
GO:0046983,"{'GO:0003674', 'GO:0005515', 'GO:0005488'}"
GO:0008013,"{'GO:0003674', 'GO:0005515', 'GO:0005488'}"
GO:0004725,"{'GO:0003674', 'GO:0004721', 'GO:0003824', 'GO:0016787', 'GO:0140096', 'GO:0016788', 'GO:0016791', 'GO:0042578'}"
GO:0008080,"{'GO:0016740', 'GO:0016746', 'GO:0003674', 'GO:0016407', 'GO:0016747', 'GO:0016410', 'GO:0003824'}"
GO:0005261,"{'GO:0015267', 'GO:0015075', 'GO:0005215', 'GO:0003674', 'GO:0022857', 'GO:0015318', 'GO:0022890', 'GO:0022803', 'GO:0008324', 'GO:0005216'}"
GO:0043522,"{'GO:0005515', 'GO:0019904', 'GO:0005488', 'GO:0003674', 'GO:0030275'}"
GO:0031402,"{'GO:0043169', 'GO:0031420', 'GO:0005488', 'GO:0043167', 'GO:0003674', 'GO:0046872'}"
GO:0099508,"{'GO:0015267', 'GO:0015075', 'GO:0005215', 'GO:0003674', 'GO:0022857', 'GO:0022836', 'GO:0022803', 'GO:0005244', 'GO:0022832'}"
GO:0005248,"{'GO:0015267', 'GO:0015075', 'GO:0005215', 'GO:0005272', 'GO:0005261', 'GO:0003674', 'GO:0022857', 'GO:0015081', 'GO:0015318', 'GO:0022890', 'GO:0022803', 'GO:0008324', 'GO:0046873', 'GO:0005216'}"
GO:0016209,{'GO:0003674'}
GO:0005244,"{'GO:0015267', 'GO:0015075', 'GO:0005215', 'GO:0003674', 'GO:0022857', 'GO:0022836', 'GO:0022803', 'GO:0022832'}"
GO:0005055,"{'GO:0050839', 'GO:0005515', 'GO:0005488', 'GO:0003674', 'GO:0098631'}"
GO:0042826,"{'GO:0003674', 'GO:0005515', 'GO:0019899', 'GO:0005488'}"
GO:0008017,"{'GO:0015631', 'GO:0008092', 'GO:0005515', 'GO:0005488', 'GO:0003674'}"
GO:0015375,"{'GO:0005295', 'GO:0015370', 'GO:0005283', 'GO:0046943', 'GO:0005215', 'GO:0022804', 'GO:0003674', 'GO:0022853', 'GO:0015081', 'GO:0015187', 'GO:0008324', 'GO:0046873', 'GO:0015294', 'GO:0015291', 'GO:0008514', 'GO:0015075', 'GO:0005342', 'GO:0015293', 'GO:0022857', 'GO:0005343', 'GO:0015179', 'GO:0015318', 'GO:0022890', 'GO:0015171', 'GO:0015175', 'GO:0005416', 'GO:0008509'}"
GO:0004591,"{'GO:0016624', 'GO:0003824', 'GO:0003674', 'GO:0016491', 'GO:0016903'}"
GO:0030976,"{'GO:0097159', 'GO:0043169', 'GO:0005488', 'GO:0036094', 'GO:0003674', 'GO:1901681', 'GO:1901363', 'GO:0019842', 'GO:0043168', 'GO:0043167'}"
GO:0005200,"{'GO:0005198', 'GO:0003674'}"
GO:0043515,"{'GO:0003674', 'GO:0005488'}"
GO:0051010,"{'GO:0015631', 'GO:0008092', 'GO:0005515', 'GO:0005488', 'GO:0003674', 'GO:0008017'}"
GO:0005249,"{'GO:0015267', 'GO:0005215', 'GO:0015079', 'GO:0005261', 'GO:0003674', 'GO:0008324', 'GO:0022832', 'GO:0022843', 'GO:0046873', 'GO:0015075', 'GO:0022857', 'GO:0015318', 'GO:0022890', 'GO:0005267', 'GO:0022836', 'GO:0022803', 'GO:0005244', 'GO:0005216'}"
GO:0016746,"{'GO:0003674', 'GO:0016740', 'GO:0003824'}"
GO:0004818,"{'GO:0140101', 'GO:0140098', 'GO:0003824', 'GO:0004812', 'GO:0003674', 'GO:0016875', 'GO:0016874'}"
GO:0004827,"{'GO:0140101', 'GO:0140098', 'GO:0003824', 'GO:0004812', 'GO:0003674', 'GO:0016875', 'GO:0016874'}"
GO:0005242,"{'GO:0015267', 'GO:0005215', 'GO:0015079', 'GO:0005261', 'GO:0003674', 'GO:0008324', 'GO:0022832', 'GO:0022843', 'GO:0046873', 'GO:0015075', 'GO:0022857', 'GO:0015318', 'GO:0022890', 'GO:0005267', 'GO:0022834', 'GO:0022836', 'GO:0005249', 'GO:0022803', 'GO:0015276', 'GO:0005244', 'GO:0099094', 'GO:0005216'}"
GO:0008289,"{'GO:0003674', 'GO:0005488'}"
GO:0035005,"{'GO:0016740', 'GO:0016307', 'GO:0003674', 'GO:0035004', 'GO:0016301', 'GO:0016772', 'GO:0016773', 'GO:0003824'}"
GO:0035091,"{'GO:0003674', 'GO:0005543', 'GO:0008289', 'GO:0005488'}"
GO:0004842,"{'GO:0016740', 'GO:0003824', 'GO:0019787', 'GO:0140096', 'GO:0003674'}"
GO:0004775,"{'GO:0004774', 'GO:0003824', 'GO:0003674', 'GO:0016874', 'GO:0016877', 'GO:0016878'}"
GO:0004776,"{'GO:0004774', 'GO:0003824', 'GO:0003674', 'GO:0016874', 'GO:0016877', 'GO:0016878'}"
GO:0003755,"{'GO:0016859', 'GO:0016853', 'GO:0003824', 'GO:0140096', 'GO:0003674'}"
GO:0005272,"{'GO:0015267', 'GO:0015075', 'GO:0005215', 'GO:0005261', 'GO:0003674', 'GO:0022857', 'GO:0015081', 'GO:0015318', 'GO:0022890', 'GO:0022803', 'GO:0008324', 'GO:0046873', 'GO:0005216'}"
GO:0016503,"{'GO:0004888', 'GO:0038023', 'GO:0003674', 'GO:0060089', 'GO:0004930'}"
GO:0004843,"{'GO:0003674', 'GO:0101005', 'GO:0008233', 'GO:0003824', 'GO:0016787', 'GO:0140096', 'GO:0008242'}"
GO:0008892,"{'GO:0016814', 'GO:0003824', 'GO:0016787', 'GO:0003674', 'GO:0016810', 'GO:0019239'}"
GO:0016403,"{'GO:0016813', 'GO:0003824', 'GO:0016787', 'GO:0003674', 'GO:0016810'}"
GO:0047390,"{'GO:0003824', 'GO:0016787', 'GO:0003674', 'GO:0008081', 'GO:0016788', 'GO:0042578'}"
GO:0045296,"{'GO:0050839', 'GO:0005515', 'GO:0005488', 'GO:0003674'}"
GO:0051539,"{'GO:0003674', 'GO:0051536', 'GO:0051540', 'GO:0005488'}"
GO:0051287,"{'GO:1901363', 'GO:1901265', 'GO:0097159', 'GO:0036094', 'GO:0005488', 'GO:0003674', 'GO:0000166'}"
GO:0008137,"{'GO:0016655', 'GO:0003955', 'GO:0003674', 'GO:0050136', 'GO:0016491', 'GO:0003954', 'GO:0009055', 'GO:0003824', 'GO:0016651'}"
GO:0016301,"{'GO:0003674', 'GO:0016772', 'GO:0016740', 'GO:0003824'}"
GO:0080025,"{'GO:0005488', 'GO:0003674', 'GO:1902936', 'GO:0035091', 'GO:0043168', 'GO:0008289', 'GO:0043167', 'GO:0005543', 'GO:1901981'}"
GO:0032266,"{'GO:0035091', 'GO:0008289', 'GO:0005488', 'GO:0003674', 'GO:0005543', 'GO:1901981'}"
GO:0005086,"{'GO:0030695', 'GO:0003674', 'GO:0060589', 'GO:0030234', 'GO:0098772'}"
GO:0008556,"{'GO:0019829', 'GO:0005215', 'GO:0015079', 'GO:0003674', 'GO:0022804', 'GO:0022853', 'GO:0042625', 'GO:0015399', 'GO:0008324', 'GO:0046873', 'GO:0015075', 'GO:0022857', 'GO:0015318', 'GO:0022890', 'GO:0042626', 'GO:0015662'}"
GO:0004864,"{'GO:0003674', 'GO:0004857', 'GO:0019888', 'GO:0030234', 'GO:0098772', 'GO:0019212', 'GO:0019208'}"
GO:0008138,"{'GO:0003674', 'GO:0004721', 'GO:0003824', 'GO:0016787', 'GO:0140096', 'GO:0016788', 'GO:0016791', 'GO:0042578'}"
GO:0001691,"{'GO:0098772', 'GO:0004857', 'GO:0030234', 'GO:0003674', 'GO:0019212', 'GO:0019208'}"
GO:0003824,{'GO:0003674'}
GO:0017176,"{'GO:0016740', 'GO:0016757', 'GO:0003824', 'GO:0003674', 'GO:0008375', 'GO:0008194', 'GO:0016758'}"
GO:0015386,"{'GO:0005215', 'GO:0022804', 'GO:0003674', 'GO:0015297', 'GO:0022853', 'GO:0015079', 'GO:0015491', 'GO:0008324', 'GO:0046873', 'GO:0015291', 'GO:0015078', 'GO:0015075', 'GO:0022857', 'GO:0015299', 'GO:0005451', 'GO:0015318', 'GO:0022890', 'GO:0015298', 'GO:0022821', 'GO:0008509'}"
GO:0015385,"{'GO:0005215', 'GO:0022804', 'GO:0003674', 'GO:0015297', 'GO:0022853', 'GO:0015081', 'GO:0015491', 'GO:0008324', 'GO:0046873', 'GO:0015291', 'GO:0015078', 'GO:0015075', 'GO:0022857', 'GO:0015299', 'GO:0051139', 'GO:0005451', 'GO:0015318', 'GO:0022890', 'GO:0015298'}"
GO:0004601,"{'GO:0016684', 'GO:0016209', 'GO:0003824', 'GO:0003674', 'GO:0016491'}"
GO:0051920,"{'GO:0016684', 'GO:0016209', 'GO:0003824', 'GO:0003674', 'GO:0016491'}"
GO:0004519,"{'GO:0003824', 'GO:0016787', 'GO:0003674', 'GO:0004518', 'GO:0016788'}"
GO:0000981,"{'GO:0003674', 'GO:0140110', 'GO:0003700'}"
GO:0000977,"{'GO:0000976', 'GO:0097159', 'GO:0005488', 'GO:1990837', 'GO:0003677', 'GO:0003674', 'GO:0003690', 'GO:1901363', 'GO:0001067', 'GO:0003676', 'GO:0043565'}"
GO:0043565,"{'GO:0003676', 'GO:0097159', 'GO:0005488', 'GO:0003674', 'GO:0003677', 'GO:1901363'}"
GO:0120013,"{'GO:0003674', 'GO:0005319', 'GO:0005215'}"
GO:0019904,"{'GO:0003674', 'GO:0005515', 'GO:0005488'}"
GO:0004334,"{'GO:0016822', 'GO:0003824', 'GO:0016823', 'GO:0016787', 'GO:0003674'}"
GO:0008320,"{'GO:0015075', 'GO:0005215', 'GO:1904680', 'GO:0140318', 'GO:0022857', 'GO:0003674', 'GO:0042887', 'GO:0022884', 'GO:0008509'}"
GO:0051537,"{'GO:0003674', 'GO:0051536', 'GO:0051540', 'GO:0005488'}"
GO:0017057,"{'GO:0003824', 'GO:0016787', 'GO:0003674', 'GO:0016788', 'GO:0052689'}"
GO:0000062,"{'GO:0097159', 'GO:1901681', 'GO:0003674', 'GO:1901363', 'GO:0097367', 'GO:0032553', 'GO:1901265', 'GO:0036094', 'GO:0005488', 'GO:1901567', 'GO:0000166', 'GO:0030554', 'GO:0033218', 'GO:0032555', 'GO:0017076', 'GO:0120227', 'GO:0032559'}"
GO:0008236,"{'GO:0003824', 'GO:0016787', 'GO:0140096', 'GO:0003674', 'GO:0017171', 'GO:0008233'}"
GO:0004427,"{'GO:0003824', 'GO:0016817', 'GO:0016787', 'GO:0003674', 'GO:0016818', 'GO:0016462'}"
GO:0050321,"{'GO:0004672', 'GO:0016740', 'GO:0003674', 'GO:0016301', 'GO:0016772', 'GO:0016773', 'GO:0003824', 'GO:0140096'}"
GO:0008234,"{'GO:0003824', 'GO:0016787', 'GO:0140096', 'GO:0003674', 'GO:0008233'}"
GO:0004359,"{'GO:0003824', 'GO:0016787', 'GO:0003674', 'GO:0016810', 'GO:0016811'}"
GO:0061630,"{'GO:0016740', 'GO:0003674', 'GO:0004842', 'GO:0003824', 'GO:0019787', 'GO:0140096', 'GO:0061659'}"
GO:0036132,"{'GO:0003824', 'GO:0016616', 'GO:0003674', 'GO:0016614', 'GO:0016491'}"
GO:0047522,"{'GO:0003824', 'GO:0016627', 'GO:0003674', 'GO:0016491', 'GO:0016628'}"
GO:0004435,"{'GO:0016298', 'GO:0003674', 'GO:0008081', 'GO:0004629', 'GO:0004620', 'GO:0003824', 'GO:0016787', 'GO:0016788', 'GO:0042578'}"
GO:0001664,"{'GO:0003674', 'GO:0005102', 'GO:0005515', 'GO:0005488'}"
GO:0005089,"{'GO:0030695', 'GO:0003674', 'GO:0060589', 'GO:0030234', 'GO:0098772'}"
GO:0008430,"{'GO:0003674', 'GO:0005488'}"
GO:0004450,"{'GO:0004448', 'GO:0003824', 'GO:0016616', 'GO:0003674', 'GO:0016614', 'GO:0016491'}"
GO:0016868,"{'GO:0016853', 'GO:0003824', 'GO:0016866', 'GO:0003674'}"
GO:0004367,"{'GO:0003824', 'GO:0016616', 'GO:0003674', 'GO:0047952', 'GO:0016614', 'GO:0016491'}"
GO:0042803,"{'GO:0042802', 'GO:0046983', 'GO:0005488', 'GO:0003674', 'GO:0005515'}"
GO:0004056,"{'GO:0016842', 'GO:0003824', 'GO:0016840', 'GO:0003674', 'GO:0016829'}"
GO:0005245,"{'GO:0015267', 'GO:0005215', 'GO:0005261', 'GO:0003674', 'GO:0005262', 'GO:0008324', 'GO:0046873', 'GO:0022843', 'GO:0022832', 'GO:0015085', 'GO:0015075', 'GO:0022857', 'GO:0015318', 'GO:0022890', 'GO:0022836', 'GO:0022803', 'GO:0005244', 'GO:0005216'}"
GO:0033192,"{'GO:0004723', 'GO:0004722', 'GO:0003674', 'GO:0004721', 'GO:0003824', 'GO:0016787', 'GO:0140096', 'GO:0016788', 'GO:0016791', 'GO:0042578'}"
GO:0005543,"{'GO:0003674', 'GO:0008289', 'GO:0005488'}"
GO:0008184,"{'GO:0016757', 'GO:0016740', 'GO:0004645', 'GO:0003824', 'GO:0003674', 'GO:0016758'}"
GO:0102250,"{'GO:0016757', 'GO:0016740', 'GO:0003824', 'GO:0003674', 'GO:0016758'}"
GO:0030170,"{'GO:0097159', 'GO:0036094', 'GO:0005488', 'GO:0003674', 'GO:1901363', 'GO:0070279', 'GO:0019842', 'GO:0043168', 'GO:0043167'}"
GO:0102499,"{'GO:0016757', 'GO:0016740', 'GO:0003824', 'GO:0003674', 'GO:0016758'}"
GO:0005347,"{'GO:0005215', 'GO:0003674', 'GO:0015216', 'GO:0015932', 'GO:0015605', 'GO:0005346', 'GO:0015215', 'GO:0000295', 'GO:0015075', 'GO:0022857', 'GO:1901505', 'GO:0008514', 'GO:0008509'}"
GO:0017137,"{'GO:0051020', 'GO:0005515', 'GO:0005488', 'GO:0003674', 'GO:0019899'}"
GO:0015459,"{'GO:0098772', 'GO:0016247', 'GO:0099106', 'GO:0003674'}"
GO:0030506,"{'GO:0003674', 'GO:0008092', 'GO:0005515', 'GO:0005488'}"
GO:0019902,"{'GO:0003674', 'GO:0005515', 'GO:0019899', 'GO:0005488'}"
GO:0030507,"{'GO:0044877', 'GO:0008092', 'GO:0005515', 'GO:0005488', 'GO:0003674'}"
GO:0038022,"{'GO:0004984', 'GO:0003674', 'GO:0060089', 'GO:0004888', 'GO:0038023', 'GO:0004930'}"
GO:0003777,"{'GO:0017111', 'GO:0003674', 'GO:0016818', 'GO:0003774', 'GO:0003824', 'GO:0016817', 'GO:0016787', 'GO:0016462'}"
GO:0004683,"{'GO:0004672', 'GO:0016740', 'GO:0003674', 'GO:0016301', 'GO:0016772', 'GO:0016773', 'GO:0003824', 'GO:0140096', 'GO:0004674'}"
GO:0004177,"{'GO:0003674', 'GO:0003824', 'GO:0008238', 'GO:0016787', 'GO:0140096', 'GO:0008233'}"
GO:0008237,"{'GO:0003824', 'GO:0016787', 'GO:0140096', 'GO:0003674', 'GO:0008233'}"
GO:1990188,"{'GO:0003674', 'GO:0003682', 'GO:0005488'}"
GO:0042800,"{'GO:0016740', 'GO:0008170', 'GO:0003674', 'GO:0008276', 'GO:0018024', 'GO:0016279', 'GO:0008168', 'GO:0042054', 'GO:0016278', 'GO:0003824', 'GO:0140096', 'GO:0008757', 'GO:0016741'}"
GO:0008134,"{'GO:0003674', 'GO:0005515', 'GO:0005488'}"
GO:0016874,"{'GO:0003674', 'GO:0003824'}"
GO:0005337,"{'GO:0015075', 'GO:0005215', 'GO:0022857', 'GO:0003674', 'GO:0015932', 'GO:1901505', 'GO:0008509'}"
GO:0016538,"{'GO:0003674', 'GO:0030234', 'GO:0098772', 'GO:0019887', 'GO:0019207'}"
GO:0019901,"{'GO:0019900', 'GO:0005515', 'GO:0005488', 'GO:0003674', 'GO:0019899'}"
GO:0070626,"{'GO:0016842', 'GO:0003824', 'GO:0016840', 'GO:0003674', 'GO:0016829'}"
GO:0004018,"{'GO:0016842', 'GO:0003824', 'GO:0016840', 'GO:0003674', 'GO:0016829'}"
GO:0004883,"{'GO:0003674', 'GO:0038023', 'GO:0060089', 'GO:0003707'}"
GO:0005496,"{'GO:0097159', 'GO:0008289', 'GO:0005488', 'GO:0003674'}"
GO:0005283,"{'GO:0015370', 'GO:0046943', 'GO:0005215', 'GO:0022804', 'GO:0003674', 'GO:0022853', 'GO:0015081', 'GO:0008324', 'GO:0046873', 'GO:0015294', 'GO:0015291', 'GO:0015075', 'GO:0005342', 'GO:0015293', 'GO:0022857', 'GO:0005343', 'GO:0015318', 'GO:0022890', 'GO:0015171', 'GO:0005416', 'GO:0008509'}"
GO:0031625,"{'GO:0044389', 'GO:0005515', 'GO:0005488', 'GO:0003674', 'GO:0019899'}"
GO:0051082,"{'GO:0003674', 'GO:0005515', 'GO:0005488'}"
GO:0003729,"{'GO:0003676', 'GO:0097159', 'GO:0005488', 'GO:0003723', 'GO:0003674', 'GO:1901363'}"
GO:0004439,"{'GO:0034595', 'GO:0034593', 'GO:0003674', 'GO:0003824', 'GO:0106019', 'GO:0016787', 'GO:0052866', 'GO:0016788', 'GO:0016791', 'GO:0042578'}"
GO:0008510,"{'GO:0015370', 'GO:0005215', 'GO:0022804', 'GO:0015081', 'GO:0003674', 'GO:0022853', 'GO:0008324', 'GO:0046873', 'GO:0015294', 'GO:0015291', 'GO:0015075', 'GO:0015293', 'GO:0022857', 'GO:0015106', 'GO:0015318', 'GO:0022890', 'GO:0140410', 'GO:0008514', 'GO:0008509'}"
GO:0017124,"{'GO:0003674', 'GO:0005515', 'GO:0019904', 'GO:0005488'}"
GO:0004114,"{'GO:0004112', 'GO:0003824', 'GO:0016787', 'GO:0003674', 'GO:0008081', 'GO:0016788', 'GO:0042578'}"
GO:0008519,"{'GO:0015075', 'GO:0005215', 'GO:0008324', 'GO:0003674', 'GO:0022857', 'GO:0015318', 'GO:0022890'}"
GO:0051087,"{'GO:0003674', 'GO:0005515', 'GO:0005488'}"
GO:0051879,"{'GO:0003674', 'GO:0005515', 'GO:0005488', 'GO:0031072'}"
GO:0008511,"{'GO:0015081', 'GO:0022853', 'GO:0008324', 'GO:0009674', 'GO:0015075', 'GO:0022857', 'GO:0015108', 'GO:0015296', 'GO:0015103', 'GO:0015370', 'GO:0005215', 'GO:0015079', 'GO:0003674', 'GO:0015377', 'GO:0022804', 'GO:0046873', 'GO:0015294', 'GO:0015378', 'GO:0015291', 'GO:0015293', 'GO:0015318', 'GO:0022890', 'GO:0015373', 'GO:0015379', 'GO:0008509'}"
GO:0019899,"{'GO:0003674', 'GO:0005515', 'GO:0005488'}"
GO:0003724,"{'GO:0017111', 'GO:0016887', 'GO:0140098', 'GO:0003674', 'GO:0016818', 'GO:0003824', 'GO:0004386', 'GO:0016817', 'GO:0016787', 'GO:0016462'}"
GO:0003676,"{'GO:0097159', 'GO:0005488', 'GO:0003674', 'GO:1901363'}"
GO:0030247,"{'GO:0003674', 'GO:0030246', 'GO:0005488'}"
GO:0005044,"{'GO:0003674', 'GO:0038024'}"
GO:0016757,"{'GO:0003674', 'GO:0016740', 'GO:0003824'}"
GO:0004143,"{'GO:0016740', 'GO:0003674', 'GO:0016301', 'GO:0016772', 'GO:0016773', 'GO:0003824'}"
GO:0003951,"{'GO:0016740', 'GO:0003674', 'GO:0016301', 'GO:0016772', 'GO:0016773', 'GO:0003824'}"
GO:0004378,"{'GO:0000030', 'GO:0016757', 'GO:0016740', 'GO:0003824', 'GO:0004376', 'GO:0003674', 'GO:0016758'}"
GO:0004252,"{'GO:0004175', 'GO:0008236', 'GO:0003674', 'GO:0008233', 'GO:0003824', 'GO:0016787', 'GO:0140096', 'GO:0017171'}"
GO:0004812,"{'GO:0140098', 'GO:0003674', 'GO:0016875', 'GO:0016874', 'GO:0140101', 'GO:0003824'}"
GO:0052856,"{'GO:0016854', 'GO:0016853', 'GO:0003824', 'GO:0003674'}"
GO:0052857,"{'GO:0016854', 'GO:0016853', 'GO:0003824', 'GO:0003674'}"
GO:0003697,"{'GO:0003676', 'GO:0097159', 'GO:0005488', 'GO:0003674', 'GO:0003677', 'GO:1901363'}"
GO:0004134,"{'GO:0016757', 'GO:0016740', 'GO:0004133', 'GO:0003824', 'GO:0003674', 'GO:0016758'}"
GO:0004135,"{'GO:0003674', 'GO:0015926', 'GO:0004553', 'GO:0004133', 'GO:0090599', 'GO:0003824', 'GO:0016787', 'GO:0016798'}"
GO:0004133,"{'GO:0003674', 'GO:0003824'}"
GO:0031593,"{'GO:0003674', 'GO:0140030', 'GO:0005515', 'GO:0005488'}"
GO:0004657,"{'GO:0003674', 'GO:0003824', 'GO:0016491', 'GO:0016645'}"
GO:0000149,"{'GO:0003674', 'GO:0005515', 'GO:0005488'}"
GO:0008536,"{'GO:0051020', 'GO:0005515', 'GO:0005488', 'GO:0003674', 'GO:0019899'}"
GO:0051018,"{'GO:0003674', 'GO:0005515', 'GO:0005488'}"
GO:0004622,"{'GO:0016298', 'GO:0003674', 'GO:0004620', 'GO:0003824', 'GO:0016787', 'GO:0016788', 'GO:0052689'}"
GO:0004721,"{'GO:0003824', 'GO:0016787', 'GO:0140096', 'GO:0003674', 'GO:0016788', 'GO:0042578', 'GO:0016791'}"
GO:0016307,"{'GO:0016740', 'GO:0003674', 'GO:0016301', 'GO:0016772', 'GO:0016773', 'GO:0003824'}"
GO:0019843,"{'GO:0003676', 'GO:0097159', 'GO:0005488', 'GO:0003723', 'GO:0003674', 'GO:1901363'}"
GO:0070735,"{'GO:0016881', 'GO:0003824', 'GO:0016879', 'GO:0140096', 'GO:0003674', 'GO:0016874'}"
GO:0019894,"{'GO:0003674', 'GO:0008092', 'GO:0005515', 'GO:0005488'}"
GO:0005548,"{'GO:0003674', 'GO:0005319', 'GO:0005215'}"
GO:0004013,"{'GO:0016802', 'GO:0003824', 'GO:0016787', 'GO:0003674', 'GO:0016801'}"
GO:0005536,"{'GO:0048029', 'GO:0030246', 'GO:0036094', 'GO:0005488', 'GO:0003674'}"
GO:0004396,"{'GO:0016740', 'GO:0019200', 'GO:0003674', 'GO:0016301', 'GO:0016772', 'GO:0016773', 'GO:0003824'}"
GO:0015288,"{'GO:0015267', 'GO:0022829', 'GO:0005215', 'GO:0022803', 'GO:0022857', 'GO:0003674'}"
GO:0008308,"{'GO:0015103', 'GO:0015267', 'GO:0015075', 'GO:0005215', 'GO:0003674', 'GO:0022857', 'GO:0015318', 'GO:0005253', 'GO:0022836', 'GO:0022803', 'GO:0008509', 'GO:0005244', 'GO:0022832', 'GO:0005216'}"
GO:0019888,"{'GO:0019208', 'GO:0098772', 'GO:0030234', 'GO:0003674'}"
GO:0003785,"{'GO:0008092', 'GO:0005515', 'GO:0003779', 'GO:0005488', 'GO:0003674'}"
GO:0008144,"{'GO:0003674', 'GO:0005488'}"
GO:0004993,"{'GO:0099589', 'GO:0003674', 'GO:0060089', 'GO:0008227', 'GO:0004888', 'GO:0038023', 'GO:0004930'}"
GO:0051378,"{'GO:0043176', 'GO:0043169', 'GO:0097159', 'GO:0005488', 'GO:0043167', 'GO:0003674', 'GO:1901363'}"
GO:0005518,"{'GO:0003674', 'GO:0044877', 'GO:0005488'}"
GO:0048365,"{'GO:0051020', 'GO:0005515', 'GO:0005488', 'GO:0003674', 'GO:0019899'}"
GO:0009374,"{'GO:0097159', 'GO:0036094', 'GO:0005488', 'GO:1901681', 'GO:0003674', 'GO:0033293', 'GO:1901363', 'GO:0031406', 'GO:0019842', 'GO:0043168', 'GO:0033218', 'GO:0043167', 'GO:0043177'}"
GO:0004736,"{'GO:0003674', 'GO:0016874', 'GO:0003824', 'GO:0016885'}"
GO:0035226,"{'GO:0003674', 'GO:0005515', 'GO:0019899', 'GO:0005488'}"
GO:0052689,"{'GO:0003674', 'GO:0016788', 'GO:0003824', 'GO:0016787'}"
GO:0018738,"{'GO:0016788', 'GO:0003824', 'GO:0016787', 'GO:0003674', 'GO:0016790'}"
GO:0016747,"{'GO:0003674', 'GO:0016740', 'GO:0003824', 'GO:0016746'}"
GO:0030276,"{'GO:0003674', 'GO:0005515', 'GO:0005488'}"
GO:0052855,"{'GO:0003824', 'GO:0003674', 'GO:0016836', 'GO:0016829', 'GO:0016835'}"
GO:0047453,"{'GO:0003824', 'GO:0003674', 'GO:0016836', 'GO:0016829', 'GO:0016835'}"
GO:0043022,"{'GO:0003674', 'GO:0044877', 'GO:0043021', 'GO:0005488'}"
GO:0003746,"{'GO:0097159', 'GO:0005488', 'GO:0003674', 'GO:1901363', 'GO:0003676', 'GO:0090079', 'GO:0045182', 'GO:0003723', 'GO:0008135'}"
GO:0004715,"{'GO:0004672', 'GO:0016740', 'GO:0003674', 'GO:0004713', 'GO:0016301', 'GO:0016772', 'GO:0016773', 'GO:0003824', 'GO:0140096'}"
GO:0015057,"{'GO:0004888', 'GO:0060089', 'GO:0038023', 'GO:0003674', 'GO:0008528', 'GO:0001653', 'GO:0004930'}"
GO:0001227,"{'GO:0140110', 'GO:0003674', 'GO:0000981', 'GO:0001217', 'GO:0003700'}"
GO:0000978,"{'GO:0097159', 'GO:1990837', 'GO:0003677', 'GO:0003674', 'GO:1901363', 'GO:0000976', 'GO:0005488', 'GO:0001067', 'GO:0003690', 'GO:0000977', 'GO:0000987', 'GO:0003676', 'GO:0043565'}"
GO:0050681,"{'GO:0005102', 'GO:0005488', 'GO:0003674', 'GO:0035257', 'GO:0016922', 'GO:0051427', 'GO:0140297', 'GO:0008134', 'GO:0005515', 'GO:0035258', 'GO:0061629'}"
GO:0097718,"{'GO:0003674', 'GO:0005515', 'GO:0019904', 'GO:0005488'}"
GO:0001228,"{'GO:0140110', 'GO:0003674', 'GO:0000981', 'GO:0001216', 'GO:0003700'}"
GO:0030331,"{'GO:0005102', 'GO:0005488', 'GO:0003674', 'GO:0035257', 'GO:0016922', 'GO:0051427', 'GO:0140297', 'GO:0008134', 'GO:0005515', 'GO:0035258', 'GO:0061629'}"
GO:0004402,"{'GO:0016740', 'GO:0016746', 'GO:0003674', 'GO:0008080', 'GO:0016407', 'GO:0034212', 'GO:0016747', 'GO:0016410', 'GO:0003824', 'GO:0140096', 'GO:0061733'}"
GO:0035257,"{'GO:0005102', 'GO:0005488', 'GO:0003674', 'GO:0051427', 'GO:0140297', 'GO:0008134', 'GO:0005515', 'GO:0061629'}"
GO:0016922,"{'GO:0005102', 'GO:0005488', 'GO:0003674', 'GO:0035257', 'GO:0051427', 'GO:0140297', 'GO:0008134', 'GO:0005515', 'GO:0061629'}"
GO:0030374,"{'GO:0098772', 'GO:0003713', 'GO:0140110', 'GO:0003712', 'GO:0003674'}"
GO:0042975,"{'GO:0003674', 'GO:0005102', 'GO:0005515', 'GO:0005488'}"
GO:0047485,"{'GO:0003674', 'GO:0005515', 'GO:0005488'}"
GO:0000993,"{'GO:0005488', 'GO:0003674', 'GO:0070063', 'GO:0019899', 'GO:0001098', 'GO:0005515', 'GO:0001099', 'GO:0043175'}"
GO:0003713,"{'GO:0003674', 'GO:0140110', 'GO:0098772', 'GO:0003712'}"
GO:0030215,"{'GO:0003674', 'GO:0005102', 'GO:0005515', 'GO:0005488'}"
GO:0016836,"{'GO:0003674', 'GO:0016829', 'GO:0003824', 'GO:0016835'}"
GO:0004620,"{'GO:0016298', 'GO:0003824', 'GO:0016787', 'GO:0003674', 'GO:0016788'}"
GO:0004767,"{'GO:0016298', 'GO:0003674', 'GO:0008081', 'GO:0004620', 'GO:0003824', 'GO:0016787', 'GO:0016788', 'GO:0042578'}"
GO:0001784,"{'GO:0051219', 'GO:0005515', 'GO:0005488', 'GO:0045309', 'GO:0003674'}"
GO:0034431,"{'GO:0004551', 'GO:0003824', 'GO:0016817', 'GO:0016787', 'GO:0003674', 'GO:0016462', 'GO:0016818'}"
GO:0034432,"{'GO:0004551', 'GO:0003824', 'GO:0016817', 'GO:0016787', 'GO:0003674', 'GO:0016462', 'GO:0016818'}"
GO:0008486,"{'GO:0003824', 'GO:0016817', 'GO:0016787', 'GO:0003674', 'GO:0016818', 'GO:0016462'}"
GO:0000298,"{'GO:0003824', 'GO:0016817', 'GO:0016787', 'GO:0003674', 'GO:0016818', 'GO:0016462'}"
GO:0052842,"{'GO:0003824', 'GO:0016817', 'GO:0016787', 'GO:0003674', 'GO:0016818', 'GO:0016462'}"
GO:0052840,"{'GO:0003824', 'GO:0016817', 'GO:0016787', 'GO:0003674', 'GO:0016818', 'GO:0016462'}"
GO:0050072,"{'GO:0003824', 'GO:0016817', 'GO:0016787', 'GO:0003674', 'GO:0016818', 'GO:0016462'}"
GO:0008392,"{'GO:0016705', 'GO:0003824', 'GO:0004497', 'GO:0003674', 'GO:0008391', 'GO:0016491'}"
GO:0070330,"{'GO:0016712', 'GO:0016705', 'GO:0003824', 'GO:0004497', 'GO:0003674', 'GO:0016491'}"
GO:0008389,"{'GO:0016705', 'GO:0004497', 'GO:0003674', 'GO:0016491', 'GO:0003824'}"
GO:0005506,"{'GO:0043169', 'GO:0005488', 'GO:0043167', 'GO:0003674', 'GO:0046914', 'GO:0046872'}"
GO:0016712,"{'GO:0016705', 'GO:0004497', 'GO:0003674', 'GO:0016491', 'GO:0003824'}"
GO:0008395,"{'GO:0003674', 'GO:0003824', 'GO:0016491', 'GO:0004497'}"
GO:0016798,"{'GO:0003674', 'GO:0003824', 'GO:0016787'}"
GO:0003796,"{'GO:0003674', 'GO:0061783', 'GO:0004553', 'GO:0003824', 'GO:0016787', 'GO:0016798'}"
GO:0003688,"{'GO:0097159', 'GO:0005488', 'GO:1990837', 'GO:0003677', 'GO:0003674', 'GO:0003690', 'GO:1901363', 'GO:0003676', 'GO:0043565'}"
GO:0003887,"{'GO:0016772', 'GO:0016740', 'GO:0003824', 'GO:0034061', 'GO:0003674', 'GO:0140097', 'GO:0016779'}"
GO:0003690,"{'GO:0003676', 'GO:0097159', 'GO:0005488', 'GO:0003674', 'GO:0003677', 'GO:1901363'}"
GO:0000166,"{'GO:1901265', 'GO:0097159', 'GO:0036094', 'GO:0005488', 'GO:0003674', 'GO:1901363'}"
GO:0017076,"{'GO:1901363', 'GO:1901265', 'GO:0097159', 'GO:0036094', 'GO:0005488', 'GO:0003674', 'GO:0000166'}"
GO:0019103,"{'GO:1901363', 'GO:1901265', 'GO:0097159', 'GO:0036094', 'GO:0005488', 'GO:0003674', 'GO:0000166'}"
GO:1990837,"{'GO:0097159', 'GO:0005488', 'GO:0003677', 'GO:0003674', 'GO:0003690', 'GO:1901363', 'GO:0003676', 'GO:0043565'}"
GO:1990247,"{'GO:0003676', 'GO:0097159', 'GO:0005488', 'GO:0003723', 'GO:0003674', 'GO:1901363'}"
GO:0004175,"{'GO:0003824', 'GO:0016787', 'GO:0140096', 'GO:0003674', 'GO:0008233'}"
GO:0050840,"{'GO:0003674', 'GO:0005488'}"
GO:0008201,"{'GO:0005488', 'GO:1901681', 'GO:0003674', 'GO:0097367', 'GO:0005539'}"
GO:0016308,"{'GO:0016301', 'GO:0016740', 'GO:0016772', 'GO:0016773', 'GO:0003824', 'GO:0016307', 'GO:0003674'}"
GO:0051538,"{'GO:0003674', 'GO:0051536', 'GO:0051540', 'GO:0005488'}"
GO:0009055,"{'GO:0003674', 'GO:0003824', 'GO:0016491'}"
GO:0008177,"{'GO:0003674', 'GO:0016491', 'GO:0003824', 'GO:0016627', 'GO:0016635', 'GO:0000104'}"
GO:0004035,"{'GO:0003824', 'GO:0016787', 'GO:0003674', 'GO:0016788', 'GO:0042578', 'GO:0016791'}"
GO:0005179,"{'GO:0005102', 'GO:0005488', 'GO:0030546', 'GO:0003674', 'GO:0005515', 'GO:0030545', 'GO:0098772', 'GO:0048018'}"
GO:0005184,"{'GO:0005102', 'GO:0005488', 'GO:0030546', 'GO:0005179', 'GO:0003674', 'GO:0005515', 'GO:0030545', 'GO:0098772', 'GO:0048018'}"
GO:0004315,"{'GO:0016740', 'GO:0016747', 'GO:0003824', 'GO:0016746', 'GO:0003674', 'GO:0004312'}"
GO:0005262,"{'GO:0015267', 'GO:0015075', 'GO:0005215', 'GO:0015085', 'GO:0005261', 'GO:0003674', 'GO:0022857', 'GO:0015318', 'GO:0022890', 'GO:0022803', 'GO:0008324', 'GO:0046873', 'GO:0005216'}"
GO:0015631,"{'GO:0003674', 'GO:0008092', 'GO:0005515', 'GO:0005488'}"
GO:0004000,"{'GO:0016814', 'GO:0003824', 'GO:0016787', 'GO:0003674', 'GO:0016810', 'GO:0019239'}"
GO:0003743,"{'GO:0097159', 'GO:0005488', 'GO:0003674', 'GO:1901363', 'GO:0003676', 'GO:0090079', 'GO:0045182', 'GO:0003723', 'GO:0008135'}"
GO:0015301,"{'GO:0140323', 'GO:0015291', 'GO:0015075', 'GO:0005215', 'GO:0022804', 'GO:0003674', 'GO:0022857', 'GO:0022853', 'GO:0015297', 'GO:0008509'}"
GO:0043813,"{'GO:0034595', 'GO:0106018', 'GO:0034593', 'GO:0003674', 'GO:0003824', 'GO:0016787', 'GO:0052866', 'GO:0016788', 'GO:0042578', 'GO:0016791'}"
GO:0005545,"{'GO:0035091', 'GO:0008289', 'GO:0005488', 'GO:0003674', 'GO:0005543'}"
GO:0005484,"{'GO:0003674', 'GO:0060090', 'GO:0030674'}"
GO:0003878,"{'GO:0046912', 'GO:0016740', 'GO:0003824', 'GO:0016746', 'GO:0003674'}"
GO:0008474,"{'GO:0016788', 'GO:0003674', 'GO:0098599', 'GO:0003824', 'GO:0140096', 'GO:0016787', 'GO:0016790'}"
GO:0004370,"{'GO:0016740', 'GO:0003674', 'GO:0016301', 'GO:0016772', 'GO:0016773', 'GO:0003824'}"
GO:0004815,"{'GO:0140101', 'GO:0140098', 'GO:0003824', 'GO:0004812', 'GO:0003674', 'GO:0016875', 'GO:0016874'}"
GO:0031072,"{'GO:0003674', 'GO:0005515', 'GO:0005488'}"
GO:0004826,"{'GO:0140101', 'GO:0140098', 'GO:0003824', 'GO:0004812', 'GO:0003674', 'GO:0016875', 'GO:0016874'}"
GO:0008097,"{'GO:0003676', 'GO:0019843', 'GO:0097159', 'GO:0005488', 'GO:0003723', 'GO:0003674', 'GO:1901363'}"
GO:0008233,"{'GO:0003824', 'GO:0016787', 'GO:0140096', 'GO:0003674'}"
GO:0008239,"{'GO:0003674', 'GO:0003824', 'GO:0008238', 'GO:0016787', 'GO:0140096', 'GO:0008233'}"
GO:0070006,"{'GO:0008238', 'GO:0003674', 'GO:0004177', 'GO:0008233', 'GO:0008237', 'GO:0003824', 'GO:0016787', 'GO:0140096', 'GO:0008235'}"
GO:0005093,"{'GO:0098772', 'GO:0005092', 'GO:0030695', 'GO:0060589', 'GO:0030234', 'GO:0003674'}"
GO:0003972,"{'GO:0016886', 'GO:0140098', 'GO:0003824', 'GO:0003674', 'GO:0016874', 'GO:0008452'}"
GO:0004735,"{'GO:0003824', 'GO:0016645', 'GO:0003674', 'GO:0016491', 'GO:0016646'}"
GO:0004518,"{'GO:0003674', 'GO:0016788', 'GO:0003824', 'GO:0016787'}"
GO:0031683,"{'GO:0003674', 'GO:0044877', 'GO:0005488'}"
GO:0003756,"{'GO:0003674', 'GO:0016853', 'GO:0016860', 'GO:0003824', 'GO:0140096', 'GO:0016864'}"
GO:0005507,"{'GO:0043169', 'GO:0005488', 'GO:0043167', 'GO:0003674', 'GO:0046914', 'GO:0046872'}"
GO:0004449,"{'GO:0004448', 'GO:0003824', 'GO:0016616', 'GO:0003674', 'GO:0016614', 'GO:0016491'}"
GO:0001671,"{'GO:0060589', 'GO:0003674', 'GO:0060590', 'GO:0030234', 'GO:0098772', 'GO:0008047'}"
GO:0015095,"{'GO:0015075', 'GO:0005215', 'GO:0003674', 'GO:0022857', 'GO:0015318', 'GO:0022890', 'GO:0008324', 'GO:0046873'}"
GO:0016740,"{'GO:0003674', 'GO:0003824'}"
GO:0015245,"{'GO:0046943', 'GO:0015075', 'GO:0005342', 'GO:0005215', 'GO:0022857', 'GO:0003674', 'GO:0005319', 'GO:0015318', 'GO:0008509', 'GO:0008028'}"
GO:0004467,"{'GO:0017111', 'GO:0016887', 'GO:0003674', 'GO:0016405', 'GO:0015645', 'GO:0016878', 'GO:0016817', 'GO:0016877', 'GO:0016818', 'GO:0016874', 'GO:0003824', 'GO:0016787', 'GO:0016462'}"
GO:0031957,"{'GO:0017111', 'GO:0016887', 'GO:0003674', 'GO:0016405', 'GO:0015645', 'GO:0016878', 'GO:0016817', 'GO:0016877', 'GO:0016818', 'GO:0016874', 'GO:0003824', 'GO:0016787', 'GO:0016462'}"
GO:0003714,"{'GO:0003674', 'GO:0140110', 'GO:0098772', 'GO:0003712'}"
GO:0016409,"{'GO:0016740', 'GO:0016747', 'GO:0003824', 'GO:0016746', 'GO:0003674'}"
GO:0008641,"{'GO:0003674', 'GO:0016874', 'GO:0003824', 'GO:0140096', 'GO:0016877'}"
GO:0016810,"{'GO:0003674', 'GO:0003824', 'GO:0016787'}"
GO:0008240,"{'GO:0008238', 'GO:0008236', 'GO:0003674', 'GO:0008233', 'GO:0003824', 'GO:0016787', 'GO:0140096', 'GO:0070008', 'GO:0017171'}"
GO:0004329,"{'GO:0003674', 'GO:0003824', 'GO:0016874', 'GO:0016879'}"
GO:0004477,"{'GO:0016810', 'GO:0016814', 'GO:0003824', 'GO:0016787', 'GO:0003674', 'GO:0019238'}"
GO:0004488,"{'GO:0016646', 'GO:0003824', 'GO:0016645', 'GO:0003674', 'GO:0016491', 'GO:0004486'}"
GO:0004349,"{'GO:0016740', 'GO:0019202', 'GO:0003674', 'GO:0016301', 'GO:0016772', 'GO:0016774', 'GO:0003824'}"
GO:0004350,"{'GO:0016620', 'GO:0003824', 'GO:0003674', 'GO:0016491', 'GO:0016903'}"
GO:0004113,"{'GO:0004112', 'GO:0003824', 'GO:0016787', 'GO:0003674', 'GO:0008081', 'GO:0016788', 'GO:0042578'}"
GO:0004813,"{'GO:0140101', 'GO:0140098', 'GO:0003824', 'GO:0004812', 'GO:0003674', 'GO:0016875', 'GO:0016874'}"
GO:0000049,"{'GO:0003676', 'GO:0097159', 'GO:0005488', 'GO:0003723', 'GO:0003674', 'GO:1901363'}"
GO:0008420,"{'GO:0004722', 'GO:0003674', 'GO:0004721', 'GO:0003824', 'GO:0016787', 'GO:0140096', 'GO:0016788', 'GO:0042578', 'GO:0016791'}"
GO:0003712,"{'GO:0003674', 'GO:0140110', 'GO:0098772'}"
GO:0002161,"{'GO:0140101', 'GO:0140098', 'GO:0003824', 'GO:0016787', 'GO:0003674', 'GO:0016788', 'GO:0052689'}"
GO:0004832,"{'GO:0140101', 'GO:0140098', 'GO:0003824', 'GO:0004812', 'GO:0003674', 'GO:0016875', 'GO:0016874'}"
GO:0004896,"{'GO:0003674', 'GO:0060089', 'GO:0004888', 'GO:0038023', 'GO:0140375'}"
GO:0019887,"{'GO:0098772', 'GO:0019207', 'GO:0030234', 'GO:0003674'}"
GO:0015075,"{'GO:0022857', 'GO:0005215', 'GO:0003674'}"
GO:0004648,"{'GO:0008483', 'GO:0016740', 'GO:0003824', 'GO:0016769', 'GO:0003674'}"
GO:0004830,"{'GO:0140101', 'GO:0140098', 'GO:0003824', 'GO:0004812', 'GO:0003674', 'GO:0016875', 'GO:0016874'}"
GO:0016829,"{'GO:0003674', 'GO:0003824'}"
GO:0031624,"{'GO:0005515', 'GO:0019899', 'GO:0005488', 'GO:0003674', 'GO:0044390'}"
GO:0004821,"{'GO:0140101', 'GO:0140098', 'GO:0003824', 'GO:0004812', 'GO:0003674', 'GO:0016875', 'GO:0016874'}"
GO:0004828,"{'GO:0140101', 'GO:0140098', 'GO:0003824', 'GO:0004812', 'GO:0003674', 'GO:0016875', 'GO:0016874'}"
GO:0030552,"{'GO:0097159', 'GO:0003674', 'GO:1901363', 'GO:0043168', 'GO:0097367', 'GO:0032553', 'GO:1901265', 'GO:0036094', 'GO:0005488', 'GO:0030551', 'GO:0000166', 'GO:0030554', 'GO:0032555', 'GO:0043167', 'GO:0017076', 'GO:0032559'}"
GO:0008603,"{'GO:0003674', 'GO:0030234', 'GO:0098772', 'GO:0019887', 'GO:0019207'}"
GO:0036402,"{'GO:0017111', 'GO:0016887', 'GO:0003674', 'GO:0016818', 'GO:0003824', 'GO:0016817', 'GO:0016787', 'GO:0016462'}"
GO:0030296,"{'GO:0003674', 'GO:0019207', 'GO:0030295', 'GO:0030234', 'GO:0098772', 'GO:0019887', 'GO:0019209', 'GO:0008047'}"
GO:0004176,"{'GO:0017111', 'GO:0016887', 'GO:0003674', 'GO:0016818', 'GO:0008233', 'GO:0003824', 'GO:0016787', 'GO:0140096', 'GO:0016817', 'GO:0016462'}"
GO:0004553,"{'GO:0003674', 'GO:0016798', 'GO:0003824', 'GO:0016787'}"
GO:0016316,"{'GO:0034593', 'GO:0003674', 'GO:0106017', 'GO:0034596', 'GO:0003824', 'GO:0016787', 'GO:0052866', 'GO:0016788', 'GO:0016791', 'GO:0042578'}"
GO:0034597,"{'GO:0034593', 'GO:0003674', 'GO:0034596', 'GO:0003824', 'GO:0106019', 'GO:0016787', 'GO:0052866', 'GO:0016788', 'GO:0016791', 'GO:0042578'}"
GO:0004096,"{'GO:0016684', 'GO:0016209', 'GO:0003824', 'GO:0003674', 'GO:0004601', 'GO:0016491'}"
GO:0031681,"{'GO:0003674', 'GO:0005515', 'GO:0005488'}"
GO:0098918,"{'GO:0005198', 'GO:0003674'}"
GO:0070403,"{'GO:1901265', 'GO:0097159', 'GO:0036094', 'GO:0051287', 'GO:0005488', 'GO:0003674', 'GO:1901363', 'GO:0000166', 'GO:0043168', 'GO:0043167'}"
GO:0017136,"{'GO:0033558', 'GO:0004407', 'GO:0003674', 'GO:0019213', 'GO:0016811', 'GO:0034979', 'GO:0003824', 'GO:0140096', 'GO:0016787', 'GO:0016810'}"
GO:0004421,"{'GO:0046912', 'GO:0016740', 'GO:0003824', 'GO:0016746', 'GO:0003674'}"
GO:0008260,"{'GO:0016740', 'GO:0008410', 'GO:0016782', 'GO:0003824', 'GO:0003674'}"
GO:0004497,"{'GO:0003674', 'GO:0003824', 'GO:0016491'}"
GO:0016705,"{'GO:0003674', 'GO:0003824', 'GO:0016491'}"
GO:0009931,"{'GO:0004672', 'GO:0016740', 'GO:0003674', 'GO:0016301', 'GO:0016772', 'GO:0016773', 'GO:0003824', 'GO:0140096', 'GO:0004674', 'GO:0010857'}"
GO:0051019,"{'GO:0019900', 'GO:0005515', 'GO:0005488', 'GO:0003674', 'GO:0019901', 'GO:0019899'}"
GO:0004197,"{'GO:0004175', 'GO:0003674', 'GO:0008233', 'GO:0003824', 'GO:0016787', 'GO:0140096', 'GO:0008234'}"
GO:0103073,"{'GO:0003824', 'GO:0016787', 'GO:0003674', 'GO:0016810', 'GO:0016811'}"
GO:0017064,"{'GO:0003824', 'GO:0016787', 'GO:0003674', 'GO:0016810', 'GO:0016811'}"
GO:0102077,"{'GO:0003824', 'GO:0016787', 'GO:0003674', 'GO:0016810', 'GO:0016811'}"
GO:0005254,"{'GO:0015103', 'GO:0015267', 'GO:0015075', 'GO:0005215', 'GO:0022857', 'GO:0003674', 'GO:0015318', 'GO:0005253', 'GO:0022803', 'GO:0015108', 'GO:0008509', 'GO:0005216'}"
GO:0005230,"{'GO:0015267', 'GO:0015075', 'GO:0005215', 'GO:0003674', 'GO:0022857', 'GO:0015318', 'GO:0022834', 'GO:0022836', 'GO:0022803', 'GO:0015276', 'GO:0005216'}"
GO:0004890,"{'GO:0004888', 'GO:0038023', 'GO:0003674', 'GO:0060089', 'GO:0016917'}"
GO:0008273,"{'GO:0005215', 'GO:0022804', 'GO:0003674', 'GO:0015297', 'GO:0022853', 'GO:0015079', 'GO:0015081', 'GO:0015491', 'GO:0015368', 'GO:0008324', 'GO:0046873', 'GO:0015291', 'GO:0015085', 'GO:0015075', 'GO:0022857', 'GO:0015318', 'GO:0022890', 'GO:0015298', 'GO:0022821', 'GO:0005432', 'GO:0008509'}"
GO:0032041,"{'GO:0004407', 'GO:0003674', 'GO:0034979', 'GO:0140096', 'GO:0031078', 'GO:0033558', 'GO:0019213', 'GO:0016811', 'GO:0003824', 'GO:0016787', 'GO:0016810', 'GO:0017136'}"
GO:0001515,"{'GO:0005102', 'GO:0005488', 'GO:0030546', 'GO:0003674', 'GO:0005515', 'GO:0030545', 'GO:0098772', 'GO:0048018'}"
GO:0070122,"{'GO:0003824', 'GO:0016787', 'GO:0140096', 'GO:0003674', 'GO:0008233'}"
GO:0004527,"{'GO:0003824', 'GO:0016787', 'GO:0003674', 'GO:0004518', 'GO:0016788'}"
GO:0003995,"{'GO:0003674', 'GO:0003824', 'GO:0016491', 'GO:0016627'}"
GO:0003725,"{'GO:0003676', 'GO:0097159', 'GO:0005488', 'GO:0003723', 'GO:0003674', 'GO:1901363'}"
GO:0070410,"{'GO:0003674', 'GO:0005515', 'GO:0005488', 'GO:0046332'}"
GO:1990380,"{'GO:0003824', 'GO:0016787', 'GO:0140096', 'GO:0003674', 'GO:0101005'}"
GO:0061608,"{'GO:0140142', 'GO:0140104', 'GO:0003674'}"
GO:0005540,"{'GO:0003674', 'GO:0005539', 'GO:0005488', 'GO:0097367'}"
GO:0004698,"{'GO:0004672', 'GO:0016740', 'GO:0003674', 'GO:0016301', 'GO:0016772', 'GO:0016773', 'GO:0004697', 'GO:0140096', 'GO:0004674', 'GO:0009931', 'GO:0003824', 'GO:0010857'}"
GO:0035403,"{'GO:0035173', 'GO:0004672', 'GO:0016740', 'GO:0035184', 'GO:0003674', 'GO:0016301', 'GO:0016772', 'GO:0016773', 'GO:0003824', 'GO:0140096', 'GO:0004674'}"
GO:0003993,"{'GO:0003824', 'GO:0016787', 'GO:0003674', 'GO:0016788', 'GO:0042578', 'GO:0016791'}"
GO:0004726,"{'GO:0003674', 'GO:0004721', 'GO:0004725', 'GO:0003824', 'GO:0016787', 'GO:0140096', 'GO:0016788', 'GO:0042578', 'GO:0016791'}"
GO:0043236,"{'GO:0005515', 'GO:0050840', 'GO:0005488', 'GO:0003674'}"
GO:0008168,"{'GO:0003674', 'GO:0003824', 'GO:0016740', 'GO:0016741'}"
GO:0015293,"{'GO:0015291', 'GO:0005215', 'GO:0003674', 'GO:0022857', 'GO:0022804'}"
GO:0016831,"{'GO:0003674', 'GO:0003824', 'GO:0016830', 'GO:0016829'}"
GO:0019706,"{'GO:0016740', 'GO:0019707', 'GO:0016409', 'GO:0016417', 'GO:0016746', 'GO:0003674', 'GO:0016747', 'GO:0003824', 'GO:0140096'}"
GO:0045503,"{'GO:0003674', 'GO:0005515', 'GO:0005488'}"
GO:0001618,"{'GO:0003674', 'GO:0140272', 'GO:0005488'}"
GO:0070402,"{'GO:1901265', 'GO:0097159', 'GO:0036094', 'GO:0005488', 'GO:0003674', 'GO:1901363', 'GO:0000166', 'GO:0043168', 'GO:0043167', 'GO:0050661'}"
GO:0015039,"{'GO:0003674', 'GO:0003824', 'GO:0016491'}"
GO:0019212,"{'GO:0003674', 'GO:0030234', 'GO:0098772', 'GO:0004857', 'GO:0019208'}"
GO:0035255,"{'GO:0005102', 'GO:0005515', 'GO:0005488', 'GO:0035254', 'GO:0003674'}"
GO:0070530,"{'GO:0005515', 'GO:0005488', 'GO:0003674', 'GO:0140030', 'GO:0031593'}"
GO:0005080,"{'GO:0019900', 'GO:0005515', 'GO:0005488', 'GO:0003674', 'GO:0019901', 'GO:0019899'}"
GO:0042169,"{'GO:0003674', 'GO:0005515', 'GO:0019904', 'GO:0005488'}"
GO:0043130,"{'GO:0003674', 'GO:0032182', 'GO:0005515', 'GO:0005488'}"
GO:0031369,"{'GO:0003674', 'GO:0005515', 'GO:0005488'}"
GO:0005547,"{'GO:0005488', 'GO:0003674', 'GO:0035091', 'GO:0043168', 'GO:0008289', 'GO:0043167', 'GO:0005543', 'GO:1901981'}"
GO:0004342,"{'GO:0003674', 'GO:0016853', 'GO:0016860', 'GO:0003824', 'GO:0016787', 'GO:0016861', 'GO:0019239'}"
GO:0043024,"{'GO:0003674', 'GO:0044877', 'GO:0043021', 'GO:0005488'}"
GO:0050750,"{'GO:0005102', 'GO:0005515', 'GO:0005488', 'GO:0003674', 'GO:0070325'}"
GO:0048019,"{'GO:0030547', 'GO:0005102', 'GO:0005488', 'GO:0003674', 'GO:0005515', 'GO:0030545', 'GO:0098772'}"
GO:0008199,"{'GO:0043169', 'GO:0005488', 'GO:0043167', 'GO:0003674', 'GO:0005506', 'GO:0046914', 'GO:0046872'}"
GO:0004322,"{'GO:0003824', 'GO:0003674', 'GO:0016722', 'GO:0016491', 'GO:0016724'}"
GO:0004478,"{'GO:0003674', 'GO:0016740', 'GO:0016765', 'GO:0003824'}"
GO:0005201,"{'GO:0005198', 'GO:0003674'}"
GO:0030145,"{'GO:0043169', 'GO:0005488', 'GO:0043167', 'GO:0003674', 'GO:0046914', 'GO:0046872'}"
GO:0047804,"{'GO:0003674', 'GO:0016846', 'GO:0003824', 'GO:0016829'}"
GO:0047315,"{'GO:0008483', 'GO:0016740', 'GO:0003824', 'GO:0016769', 'GO:0036137', 'GO:0003674'}"
GO:0016212,"{'GO:0008483', 'GO:0016740', 'GO:0003824', 'GO:0016769', 'GO:0036137', 'GO:0003674'}"
GO:0005173,"{'GO:0005102', 'GO:0005515', 'GO:0005488', 'GO:0003674', 'GO:0005126'}"
GO:0017022,"{'GO:0003674', 'GO:0008092', 'GO:0005515', 'GO:0005488'}"
GO:0097108,"{'GO:0003674', 'GO:0005515', 'GO:0005488'}"
GO:0005549,"{'GO:0003674', 'GO:0005488'}"
GO:0005225,"{'GO:0015103', 'GO:0015267', 'GO:0015075', 'GO:0005215', 'GO:0003674', 'GO:0022857', 'GO:0015318', 'GO:0005253', 'GO:0022803', 'GO:0008509', 'GO:0005216'}"
GO:0003985,"{'GO:0016740', 'GO:0016746', 'GO:0003674', 'GO:0016407', 'GO:0016747', 'GO:0016408', 'GO:0003824', 'GO:0016453', 'GO:0003988'}"
GO:0003988,"{'GO:0016740', 'GO:0016747', 'GO:0016408', 'GO:0003824', 'GO:0016746', 'GO:0003674'}"
GO:0031849,"{'GO:0005102', 'GO:0005515', 'GO:0005488', 'GO:0001664', 'GO:0003674'}"
GO:0048487,"{'GO:0015631', 'GO:0008092', 'GO:0005515', 'GO:0005488', 'GO:0003674'}"
GO:0033149,"{'GO:0003674', 'GO:0005515', 'GO:0019904', 'GO:0005488'}"
GO:0015171,"{'GO:0046943', 'GO:0015075', 'GO:0005342', 'GO:0005215', 'GO:0022857', 'GO:0003674', 'GO:0015318', 'GO:0008509'}"
GO:0005280,"{'GO:0046943', 'GO:0005215', 'GO:0022804', 'GO:0003674', 'GO:0022853', 'GO:0015295', 'GO:0008324', 'GO:0015294', 'GO:0015291', 'GO:0015078', 'GO:0015075', 'GO:0005342', 'GO:0015293', 'GO:0022857', 'GO:0015318', 'GO:0022890', 'GO:0015171', 'GO:0005416', 'GO:0008509'}"
GO:0015187,"{'GO:0046943', 'GO:0005215', 'GO:0003674', 'GO:0008324', 'GO:0015075', 'GO:0005342', 'GO:0015179', 'GO:0022857', 'GO:0015318', 'GO:0015171', 'GO:0015175', 'GO:0008514', 'GO:0008509'}"
GO:0015180,"{'GO:0046943', 'GO:0005215', 'GO:0003674', 'GO:0022858', 'GO:0008324', 'GO:0015075', 'GO:0005342', 'GO:0015179', 'GO:0022857', 'GO:0015318', 'GO:0015171', 'GO:0015175', 'GO:0008514', 'GO:0008509'}"
GO:0015193,"{'GO:0046943', 'GO:0005215', 'GO:0003674', 'GO:0008324', 'GO:0015075', 'GO:0005342', 'GO:0015179', 'GO:0022857', 'GO:0015318', 'GO:0015171', 'GO:0015175', 'GO:0008514', 'GO:0008509'}"
GO:0003980,"{'GO:0016740', 'GO:0003674', 'GO:0008194', 'GO:0016758', 'GO:0016757', 'GO:0003824', 'GO:0046527', 'GO:0035251'}"
GO:0004571,"{'GO:0003674', 'GO:0004559', 'GO:0015923', 'GO:0004553', 'GO:0003824', 'GO:0016787', 'GO:0016798', 'GO:0015924'}"
GO:0004298,"{'GO:0004175', 'GO:0070003', 'GO:0003674', 'GO:0008233', 'GO:0003824', 'GO:0016787', 'GO:0140096'}"
GO:0004610,"{'GO:0016853', 'GO:0003824', 'GO:0003674', 'GO:0016866', 'GO:0016868'}"
GO:0050431,"{'GO:0005488', 'GO:0003674', 'GO:0019955', 'GO:0019838', 'GO:0005515'}"
GO:0016717,"{'GO:0003674', 'GO:0016705', 'GO:0003824', 'GO:0016491'}"
GO:0004719,"{'GO:0016740', 'GO:0003674', 'GO:0008276', 'GO:0008168', 'GO:0051998', 'GO:0008757', 'GO:0003824', 'GO:0140096', 'GO:0008171', 'GO:0016741', 'GO:0010340'}"
GO:0004198,"{'GO:0004175', 'GO:0003674', 'GO:0008233', 'GO:0004197', 'GO:0003824', 'GO:0016787', 'GO:0140096', 'GO:0008234'}"
GO:0015267,"{'GO:0022857', 'GO:0005215', 'GO:0022803', 'GO:0003674'}"
GO:0003684,"{'GO:0003676', 'GO:0097159', 'GO:0005488', 'GO:0003674', 'GO:0003677', 'GO:1901363'}"
GO:0017134,"{'GO:0003674', 'GO:0019838', 'GO:0005515', 'GO:0005488'}"
GO:0004724,"{'GO:0004722', 'GO:0003674', 'GO:0004721', 'GO:0003824', 'GO:0016787', 'GO:0140096', 'GO:0016788', 'GO:0042578', 'GO:0016791'}"
GO:0004722,"{'GO:0003674', 'GO:0004721', 'GO:0003824', 'GO:0016787', 'GO:0140096', 'GO:0016788', 'GO:0016791', 'GO:0042578'}"
GO:0016773,"{'GO:0003674', 'GO:0016772', 'GO:0016740', 'GO:0003824'}"
GO:0052745,"{'GO:0003824', 'GO:0016787', 'GO:0003674', 'GO:0016788', 'GO:0042578', 'GO:0016791'}"
GO:0016788,"{'GO:0003674', 'GO:0003824', 'GO:0016787'}"
GO:0019829,"{'GO:0015075', 'GO:0005215', 'GO:0022804', 'GO:0022857', 'GO:0003674', 'GO:0022853', 'GO:0022890', 'GO:0015318', 'GO:0042625', 'GO:0008324', 'GO:0042626', 'GO:0015399'}"
GO:0015085,"{'GO:0015075', 'GO:0005215', 'GO:0003674', 'GO:0022857', 'GO:0015318', 'GO:0022890', 'GO:0008324', 'GO:0046873'}"
GO:0005388,"{'GO:0019829', 'GO:0005215', 'GO:0022804', 'GO:0003674', 'GO:0022853', 'GO:0042625', 'GO:0015399', 'GO:0008324', 'GO:0046873', 'GO:0015085', 'GO:0015075', 'GO:0022857', 'GO:0015318', 'GO:0022890', 'GO:0042626', 'GO:0015662'}"
GO:1905056,"{'GO:0019829', 'GO:0005215', 'GO:0022804', 'GO:0003674', 'GO:0022853', 'GO:0042625', 'GO:0015399', 'GO:0008324', 'GO:0046873', 'GO:0015085', 'GO:0015075', 'GO:0005388', 'GO:0022857', 'GO:0015318', 'GO:0022890', 'GO:0042626', 'GO:0015662'}"
GO:0046933,"{'GO:0015078', 'GO:0015267', 'GO:0015075', 'GO:0015252', 'GO:0005215', 'GO:0005261', 'GO:0003674', 'GO:0022857', 'GO:0016874', 'GO:0015318', 'GO:0022890', 'GO:0003824', 'GO:0022803', 'GO:0008324', 'GO:0005216'}"
GO:0003872,"{'GO:0016740', 'GO:0019200', 'GO:0003674', 'GO:0016301', 'GO:0016772', 'GO:0016773', 'GO:0003824', 'GO:0008443'}"
GO:0004998,"{'GO:0003674', 'GO:0038024'}"
GO:0070679,"{'GO:0036094', 'GO:0005488', 'GO:0043178', 'GO:0003674', 'GO:0043168', 'GO:0043167'}"
GO:0005220,"{'GO:0015267', 'GO:0005215', 'GO:0005261', 'GO:0003674', 'GO:0015278', 'GO:0005262', 'GO:0008324', 'GO:0099604', 'GO:0046873', 'GO:0015085', 'GO:0015075', 'GO:0022857', 'GO:0005217', 'GO:0015318', 'GO:0022890', 'GO:0022834', 'GO:0022836', 'GO:0022803', 'GO:0015276', 'GO:0099094', 'GO:0005216'}"
GO:0004965,"{'GO:0003674', 'GO:0060089', 'GO:0004888', 'GO:0038023', 'GO:0004930', 'GO:0016917'}"
GO:0005078,"{'GO:0003674', 'GO:0060090', 'GO:0035591', 'GO:0030674'}"
GO:0005102,"{'GO:0003674', 'GO:0005515', 'GO:0005488'}"
GO:0000976,"{'GO:0097159', 'GO:0005488', 'GO:1990837', 'GO:0003677', 'GO:0003674', 'GO:0003690', 'GO:1901363', 'GO:0001067', 'GO:0003676', 'GO:0043565'}"
GO:0019865,"{'GO:0003674', 'GO:0044877', 'GO:0005488'}"
GO:0005178,"{'GO:0050839', 'GO:0005102', 'GO:0044877', 'GO:0005515', 'GO:0005488', 'GO:0003674'}"
GO:0002020,"{'GO:0003674', 'GO:0005515', 'GO:0019899', 'GO:0005488'}"
GO:0005176,"{'GO:0003674', 'GO:0005102', 'GO:0005515', 'GO:0005488'}"
GO:0030197,"{'GO:0005198', 'GO:0003674', 'GO:0005201'}"
GO:0004862,"{'GO:0008603', 'GO:0003674', 'GO:0019207', 'GO:0019210', 'GO:0004860', 'GO:0030234', 'GO:0098772', 'GO:0019887', 'GO:0004857', 'GO:0030291'}"
GO:0034236,"{'GO:0019900', 'GO:0005488', 'GO:0003674', 'GO:0019901', 'GO:0019899', 'GO:0051018', 'GO:0005515'}"
GO:0005042,"{'GO:0004888', 'GO:0038023', 'GO:0060089', 'GO:0003674'}"
GO:0008312,"{'GO:0003676', 'GO:0097159', 'GO:0005488', 'GO:0003723', 'GO:0003674', 'GO:1901363'}"
GO:0030942,"{'GO:0033218', 'GO:0005488', 'GO:0003674', 'GO:0005048', 'GO:0042277'}"
GO:0005047,"{'GO:0003674', 'GO:0044877', 'GO:0043021', 'GO:0005488'}"
GO:0005247,"{'GO:0015103', 'GO:0015267', 'GO:0005215', 'GO:0003674', 'GO:0005216', 'GO:0005253', 'GO:0008509', 'GO:0022832', 'GO:0015075', 'GO:0022857', 'GO:0015318', 'GO:0022836', 'GO:0022803', 'GO:0015108', 'GO:0005254', 'GO:0005244', 'GO:0008308'}"
GO:0005319,"{'GO:0003674', 'GO:0005215'}"
GO:0001729,"{'GO:0016301', 'GO:0016772', 'GO:0016740', 'GO:0003824', 'GO:0003674', 'GO:0001727'}"
GO:0102773,"{'GO:0016773', 'GO:0016772', 'GO:0016740', 'GO:0003824', 'GO:0003674'}"
GO:0001727,"{'GO:0016301', 'GO:0016772', 'GO:0016740', 'GO:0003824', 'GO:0003674'}"
GO:0003983,"{'GO:0051748', 'GO:0016772', 'GO:0070569', 'GO:0016740', 'GO:0003824', 'GO:0003674', 'GO:0016779'}"
GO:0004613,"{'GO:0004611', 'GO:0003824', 'GO:0016831', 'GO:0003674', 'GO:0016829', 'GO:0016830'}"
GO:0004190,"{'GO:0004175', 'GO:0003674', 'GO:0008233', 'GO:0003824', 'GO:0016787', 'GO:0140096', 'GO:0070001'}"
GO:0022857,"{'GO:0003674', 'GO:0005215'}"
GO:0004655,"{'GO:0003824', 'GO:0003674', 'GO:0016836', 'GO:0016829', 'GO:0016835'}"
GO:0003847,"{'GO:0003824', 'GO:0016787', 'GO:0003674', 'GO:0016788', 'GO:0052689'}"
GO:0015265,"{'GO:0015267', 'GO:0015075', 'GO:0005215', 'GO:0003674', 'GO:0022857', 'GO:0042887', 'GO:0022803', 'GO:0015204', 'GO:0008509'}"
GO:0015204,"{'GO:0015075', 'GO:0005215', 'GO:0042887', 'GO:0003674', 'GO:0022857', 'GO:0008509'}"
GO:0005372,"{'GO:0022857', 'GO:0015318', 'GO:0005215', 'GO:0003674'}"
GO:0001730,"{'GO:0016772', 'GO:0016740', 'GO:0003824', 'GO:0070566', 'GO:0003674', 'GO:0016779'}"
GO:0004325,"{'GO:0003674', 'GO:0003824', 'GO:0016829'}"
GO:0008865,"{'GO:0016740', 'GO:0019200', 'GO:0003674', 'GO:0016301', 'GO:0016772', 'GO:0016773', 'GO:0003824', 'GO:0004396'}"
GO:0004340,"{'GO:0016740', 'GO:0019200', 'GO:0003674', 'GO:0016301', 'GO:0016772', 'GO:0016773', 'GO:0003824', 'GO:0004396'}"
GO:0019158,"{'GO:0016740', 'GO:0019200', 'GO:0003674', 'GO:0016301', 'GO:0016772', 'GO:0016773', 'GO:0003824', 'GO:0004396'}"
GO:0070064,"{'GO:0003674', 'GO:0005515', 'GO:0005488'}"
GO:0047961,"{'GO:0016740', 'GO:0016747', 'GO:0016410', 'GO:0003824', 'GO:0016746', 'GO:0003674'}"
GO:0047962,"{'GO:0016740', 'GO:0016747', 'GO:0003824', 'GO:0016746', 'GO:0003674'}"
GO:0016410,"{'GO:0016740', 'GO:0016747', 'GO:0003824', 'GO:0016746', 'GO:0003674'}"
GO:0050656,"{'GO:0032553', 'GO:1901265', 'GO:0097159', 'GO:0036094', 'GO:0005488', 'GO:1901681', 'GO:0003674', 'GO:1901363', 'GO:0000166', 'GO:0030554', 'GO:0043168', 'GO:0032555', 'GO:0097367', 'GO:0043167', 'GO:0017076', 'GO:0032559'}"
GO:0050659,"{'GO:0016740', 'GO:0016782', 'GO:0003824', 'GO:0008146', 'GO:0003674'}"
GO:0004791,"{'GO:0016667', 'GO:0003674', 'GO:0016491', 'GO:0016209', 'GO:0003824', 'GO:0016651', 'GO:0015036', 'GO:0016668'}"
GO:0050661,"{'GO:1901363', 'GO:1901265', 'GO:0097159', 'GO:0036094', 'GO:0005488', 'GO:0003674', 'GO:0000166'}"
GO:0004616,"{'GO:0003824', 'GO:0016616', 'GO:0003674', 'GO:0016614', 'GO:0016491'}"
GO:0005432,"{'GO:0005215', 'GO:0022804', 'GO:0003674', 'GO:0015297', 'GO:0022853', 'GO:0015081', 'GO:0015491', 'GO:0015368', 'GO:0008324', 'GO:0046873', 'GO:0015291', 'GO:0015085', 'GO:0015075', 'GO:0022857', 'GO:0015318', 'GO:0022890', 'GO:0015298'}"
GO:0008276,"{'GO:0016740', 'GO:0016741', 'GO:0003824', 'GO:0140096', 'GO:0003674', 'GO:0008168'}"
GO:0102559,"{'GO:0016740', 'GO:0016741', 'GO:0003824', 'GO:0003674', 'GO:0008168'}"
GO:0004476,"{'GO:0016853', 'GO:0016860', 'GO:0003824', 'GO:0016861', 'GO:0003674'}"
GO:0036435,"{'GO:0005515', 'GO:0005488', 'GO:0003674', 'GO:0140030', 'GO:0031593'}"
GO:0071796,"{'GO:0005515', 'GO:0005488', 'GO:0003674', 'GO:0140030', 'GO:0031593'}"
GO:1904855,"{'GO:0003674', 'GO:0044877', 'GO:0005488'}"
GO:0035035,"{'GO:0003674', 'GO:0005515', 'GO:0019899', 'GO:0005488'}"
GO:0051525,"{'GO:0008134', 'GO:0005515', 'GO:0005488', 'GO:0003674', 'GO:0140297', 'GO:0061629'}"
GO:0030234,"{'GO:0098772', 'GO:0003674'}"
GO:0019003,"{'GO:0097159', 'GO:0003674', 'GO:1901363', 'GO:0043168', 'GO:0019001', 'GO:0032549', 'GO:0097367', 'GO:0001882', 'GO:0032553', 'GO:1901265', 'GO:0017076', 'GO:0036094', 'GO:0005488', 'GO:0032550', 'GO:0000166', 'GO:0001883', 'GO:0032555', 'GO:0043167', 'GO:0032561'}"
GO:0051020,"{'GO:0003674', 'GO:0005515', 'GO:0019899', 'GO:0005488'}"
GO:0008757,"{'GO:0016740', 'GO:0016741', 'GO:0003824', 'GO:0003674', 'GO:0008168'}"
GO:0004829,"{'GO:0140101', 'GO:0140098', 'GO:0003824', 'GO:0004812', 'GO:0003674', 'GO:0016875', 'GO:0016874'}"
GO:0003857,"{'GO:0003824', 'GO:0016616', 'GO:0003674', 'GO:0016614', 'GO:0016491'}"
GO:0030283,"{'GO:0033764', 'GO:0016229', 'GO:0003824', 'GO:0016616', 'GO:0003674', 'GO:0016614', 'GO:0016491'}"
GO:0042393,"{'GO:0003674', 'GO:0005515', 'GO:0005488'}"
GO:0004823,"{'GO:0140101', 'GO:0140098', 'GO:0003824', 'GO:0004812', 'GO:0003674', 'GO:0016875', 'GO:0016874'}"
GO:0016651,"{'GO:0003674', 'GO:0003824', 'GO:0016491'}"
GO:0035064,"{'GO:0005488', 'GO:0003674', 'GO:0005515', 'GO:0140030', 'GO:0140034', 'GO:0042393'}"
GO:0019001,"{'GO:1901265', 'GO:0097159', 'GO:0036094', 'GO:0005488', 'GO:0003674', 'GO:1901363', 'GO:0000166', 'GO:0017076'}"
GO:0045028,"{'GO:0016502', 'GO:0003674', 'GO:0060089', 'GO:0004888', 'GO:0038023', 'GO:0001614', 'GO:0004930'}"
GO:0004017,"{'GO:0016740', 'GO:0019205', 'GO:0016776', 'GO:0003674', 'GO:0016301', 'GO:0016772', 'GO:0003824', 'GO:0050145'}"
GO:0004550,"{'GO:0016740', 'GO:0019205', 'GO:0003674', 'GO:0016301', 'GO:0016772', 'GO:0003824', 'GO:0016776'}"
GO:0046899,"{'GO:0016740', 'GO:0019205', 'GO:0003674', 'GO:0016301', 'GO:0016772', 'GO:0003824', 'GO:0016776'}"
GO:0031435,"{'GO:0019900', 'GO:0005515', 'GO:0005488', 'GO:0003674', 'GO:0019901', 'GO:0019899'}"
GO:0043495,"{'GO:0003674', 'GO:0060090', 'GO:0030674'}"
GO:0008459,"{'GO:0016740', 'GO:0016782', 'GO:0003824', 'GO:0008146', 'GO:0003674', 'GO:0034481'}"
GO:0001517,"{'GO:0016740', 'GO:0016782', 'GO:0003824', 'GO:0008146', 'GO:0003674'}"
GO:0005104,"{'GO:0070851', 'GO:0005102', 'GO:0005515', 'GO:0005488', 'GO:0003674'}"
GO:0005546,"{'GO:0005488', 'GO:0003674', 'GO:1902936', 'GO:0035091', 'GO:0043168', 'GO:0008289', 'GO:0043167', 'GO:0005543', 'GO:1901981'}"
GO:0070273,"{'GO:0035091', 'GO:0008289', 'GO:0005488', 'GO:0003674', 'GO:0005543', 'GO:1901981'}"
GO:0001786,"{'GO:0008289', 'GO:0005488', 'GO:0003674', 'GO:0005543', 'GO:0072341'}"
GO:0004385,"{'GO:0016740', 'GO:0019205', 'GO:0016776', 'GO:0003674', 'GO:0016301', 'GO:0016772', 'GO:0003824', 'GO:0050145'}"
GO:0140311,"{'GO:0003674', 'GO:0140313'}"
GO:0004382,"{'GO:0003824', 'GO:0016817', 'GO:0016787', 'GO:0003674', 'GO:0016462', 'GO:0016818', 'GO:0017110'}"
GO:0045134,"{'GO:0003824', 'GO:0016817', 'GO:0016787', 'GO:0003674', 'GO:0016462', 'GO:0016818', 'GO:0017110'}"
GO:0005158,"{'GO:0005102', 'GO:0044877', 'GO:0005515', 'GO:0005488', 'GO:0003674'}"
GO:0043548,"{'GO:0003674', 'GO:0005515', 'GO:0005488'}"
GO:0015020,"{'GO:0016740', 'GO:0003674', 'GO:0008194', 'GO:0016758', 'GO:0016757', 'GO:0003824'}"
GO:0042285,"{'GO:0016763', 'GO:0016757', 'GO:0016740', 'GO:0003824', 'GO:0003674'}"
GO:0030594,"{'GO:0003674', 'GO:0038023', 'GO:0060089'}"
GO:0004602,"{'GO:0016684', 'GO:0016209', 'GO:0003824', 'GO:0003674', 'GO:0004601', 'GO:0016491'}"
GO:0004521,"{'GO:0004519', 'GO:0140098', 'GO:0004540', 'GO:0003674', 'GO:0003824', 'GO:0016787', 'GO:0004518', 'GO:0016788'}"
GO:0048029,"{'GO:0030246', 'GO:0036094', 'GO:0005488', 'GO:0003674'}"
GO:0001540,"{'GO:0003674', 'GO:0033218', 'GO:0042277', 'GO:0005488'}"
GO:0031748,"{'GO:0005102', 'GO:0003674', 'GO:0005515', 'GO:0005488', 'GO:0001664', 'GO:0050780'}"
GO:0043395,"{'GO:0005515', 'GO:0043394', 'GO:1901681', 'GO:0005488', 'GO:0097367', 'GO:0003674'}"
GO:0099520,"{'GO:0015291', 'GO:0005215', 'GO:0022857', 'GO:0003674', 'GO:0015297', 'GO:0022804'}"
GO:0005391,"{'GO:0019829', 'GO:0005215', 'GO:0140358', 'GO:0015079', 'GO:0003674', 'GO:0015081', 'GO:0022804', 'GO:0022853', 'GO:0042625', 'GO:0015399', 'GO:0008324', 'GO:0046873', 'GO:0015075', 'GO:0022857', 'GO:0015318', 'GO:0022890', 'GO:0042626'}"
GO:0086037,"{'GO:0019829', 'GO:0005215', 'GO:0140358', 'GO:0015079', 'GO:0003674', 'GO:0015081', 'GO:0022804', 'GO:0022853', 'GO:0042625', 'GO:0015399', 'GO:0008324', 'GO:0046873', 'GO:0015075', 'GO:0022857', 'GO:0015318', 'GO:0022890', 'GO:0005391', 'GO:0042626'}"
GO:0035870,"{'GO:0003824', 'GO:0016817', 'GO:0016787', 'GO:0003674', 'GO:0016818', 'GO:0047429', 'GO:0016462'}"
GO:0036218,"{'GO:0003824', 'GO:0016817', 'GO:0016787', 'GO:0003674', 'GO:0016818', 'GO:0047429', 'GO:0016462'}"
GO:0035529,"{'GO:0004551', 'GO:0003824', 'GO:0016817', 'GO:0016787', 'GO:0003674', 'GO:0016462', 'GO:0016818'}"
GO:0047429,"{'GO:0003824', 'GO:0016817', 'GO:0016787', 'GO:0003674', 'GO:0016818', 'GO:0016462'}"
GO:0008022,"{'GO:0003674', 'GO:0005515', 'GO:0005488'}"
